999
FreeCAD v1.1 20260725 (Git shallow)
  0
SECTION
  2
HEADER
  9
$ACADVER
  1
AC1014
  9
$ACADMAINTVER
 70
     9
  9
$DWGCODEPAGE
  3
ANSI_1252
  9
$TEXTSTYLE
  7
STANDARD
  9
$DIMSTYLE
  2
STANDARD
  9
$DIMTXSTY
  7
STANDARD
  9
$CMLSTYLE
  2
STANDARD
  9
$LUNITS
 70
2
  9
$INSUNITS
 70
4
  9
$PEXTMAX
 10
50
 20
50
 30
50
  9
$PEXTMIN
 10
0
 20
0
 30
0
  9
$HANDSEED
  5
FFFF
  0
ENDSEC
  0
SECTION
  2
CLASSES
  0
CLASS
  1
ACDBDICTIONARYWDFLT
  2
AcDbDictionaryWithDefault
  3
ObjectDBX Classes
 90
        0
280
     0
281
     0
  0
CLASS
  1
XRECORD
  2
AcDbXrecord
  3
ObjectDBX Classes
 90
        0
280
     0
281
     0
  0
CLASS
  1
LWPOLYLINE
  2
AcDbPolyline
  3
ObjectDBX Classes
 90
        0
280
     0
281
     1
  0
ENDSEC
  0
SECTION
  2
TABLES
  0
TABLE
  2
VPORT
  5
20
330
0
100
AcDbSymbolTable
 70
     1
  0
VPORT
  5
21
330
20
100
AcDbSymbolTableRecord
100
AcDbViewportTableRecord
  2
*ACTIVE
 70
     0
  0
ENDTAB
  0
TABLE
  2
LTYPE
  5
22
330
0
100
AcDbSymbolTable
 70
     1
  0
LTYPE
  5
23
330
21
100
AcDbSymbolTableRecord
100
AcDbLinetypeTableRecord
  2
BYBLOCK
 70
     0
  3

 72
    65
 73
     0
 40
0.0
  0
LTYPE
  5
24
330
21
100
AcDbSymbolTableRecord
100
AcDbLinetypeTableRecord
  2
BYLAYER
 70
     0
  3

 72
    65
 73
     0
 40
0.0
  0
LTYPE
  5
25
330
21
100
AcDbSymbolTableRecord
100
AcDbLinetypeTableRecord
  2
CONTINUOUS
 70
     0
  3
Solid line
 72
    65
 73
     0
 40
0.0
  0
ENDTAB
  0
TABLE
  2
LAYER
  5
FAE
330
0
100
AcDbSymbolTable
 70
457
  0
LAYER
  5
FAF
330
FAE
100
AcDbSymbolTableRecord
100
AcDbLayerTableRecord
  2
0
 70
   0
 62
   7
  6
CONTINUOUS
  0
LAYER
  5
FB0
330
FAE
100
AcDbSymbolTableRecord
100
AcDbLayerTableRecord
  2
none
 70
    0
 62
    7
  6
CONTINUOUS
  0
LAYER
  5
FB1
330
FAE
100
AcDbSymbolTableRecord
100
AcDbLayerTableRecord
  2
BLOCK_HOLE
 70
    0
 62
    7
  6
CONTINUOUS
  0
LAYER
  5
FB2
330
FAE
100
AcDbSymbolTableRecord
100
AcDbLayerTableRecord
  2
Shape
 70
    0
 62
    7
  6
CONTINUOUS
  0
LAYER
  5
FB3
330
FAE
100
AcDbSymbolTableRecord
100
AcDbLayerTableRecord
  2
Shape001
 70
    0
 62
    7
  6
CONTINUOUS
  0
LAYER
  5
FB4
330
FAE
100
AcDbSymbolTableRecord
100
AcDbLayerTableRecord
  2
Shape002
 70
    0
 62
    7
  6
CONTINUOUS
  0
LAYER
  5
FB5
330
FAE
100
AcDbSymbolTableRecord
100
AcDbLayerTableRecord
  2
BLOCK_back_panel
 70
    0
 62
    7
  6
CONTINUOUS
  0
LAYER
  5
FB6
330
FAE
100
AcDbSymbolTableRecord
100
AcDbLayerTableRecord
  2
Shape003
 70
    0
 62
    7
  6
CONTINUOUS
  0
LAYER
  5
FB7
330
FAE
100
AcDbSymbolTableRecord
100
AcDbLayerTableRecord
  2
Shape004
 70
    0
 62
    7
  6
CONTINUOUS
  0
LAYER
  5
FB8
330
FAE
100
AcDbSymbolTableRecord
100
AcDbLayerTableRecord
  2
Shape005
 70
    0
 62
    7
  6
CONTINUOUS
  0
LAYER
  5
FB9
330
FAE
100
AcDbSymbolTableRecord
100
AcDbLayerTableRecord
  2
Shape006
 70
    0
 62
    7
  6
CONTINUOUS
  0
LAYER
  5
FBA
330
FAE
100
AcDbSymbolTableRecord
100
AcDbLayerTableRecord
  2
Shape007
 70
    0
 62
    7
  6
CONTINUOUS
  0
LAYER
  5
FBB
330
FAE
100
AcDbSymbolTableRecord
100
AcDbLayerTableRecord
  2
Shape008
 70
    0
 62
    7
  6
CONTINUOUS
  0
LAYER
  5
FBC
330
FAE
100
AcDbSymbolTableRecord
100
AcDbLayerTableRecord
  2
Shape009
 70
    0
 62
    7
  6
CONTINUOUS
  0
LAYER
  5
FBD
330
FAE
100
AcDbSymbolTableRecord
100
AcDbLayerTableRecord
  2
Shape010
 70
    0
 62
    7
  6
CONTINUOUS
  0
LAYER
  5
FBE
330
FAE
100
AcDbSymbolTableRecord
100
AcDbLayerTableRecord
  2
Shape011
 70
    0
 62
    7
  6
CONTINUOUS
  0
LAYER
  5
FBF
330
FAE
100
AcDbSymbolTableRecord
100
AcDbLayerTableRecord
  2
Shape012
 70
    0
 62
    7
  6
CONTINUOUS
  0
LAYER
  5
FC0
330
FAE
100
AcDbSymbolTableRecord
100
AcDbLayerTableRecord
  2
Shape013
 70
    0
 62
    7
  6
CONTINUOUS
  0
LAYER
  5
FC1
330
FAE
100
AcDbSymbolTableRecord
100
AcDbLayerTableRecord
  2
Shape014
 70
    0
 62
    7
  6
CONTINUOUS
  0
LAYER
  5
FC2
330
FAE
100
AcDbSymbolTableRecord
100
AcDbLayerTableRecord
  2
Shape015
 70
    0
 62
    7
  6
CONTINUOUS
  0
LAYER
  5
FC3
330
FAE
100
AcDbSymbolTableRecord
100
AcDbLayerTableRecord
  2
Shape016
 70
    0
 62
    7
  6
CONTINUOUS
  0
LAYER
  5
FC4
330
FAE
100
AcDbSymbolTableRecord
100
AcDbLayerTableRecord
  2
Shape017
 70
    0
 62
    7
  6
CONTINUOUS
  0
LAYER
  5
FC5
330
FAE
100
AcDbSymbolTableRecord
100
AcDbLayerTableRecord
  2
Shape018
 70
    0
 62
    7
  6
CONTINUOUS
  0
LAYER
  5
FC6
330
FAE
100
AcDbSymbolTableRecord
100
AcDbLayerTableRecord
  2
Shape019
 70
    0
 62
    7
  6
CONTINUOUS
  0
LAYER
  5
FC7
330
FAE
100
AcDbSymbolTableRecord
100
AcDbLayerTableRecord
  2
Shape020
 70
    0
 62
    7
  6
CONTINUOUS
  0
LAYER
  5
FC8
330
FAE
100
AcDbSymbolTableRecord
100
AcDbLayerTableRecord
  2
Shape021
 70
    0
 62
    7
  6
CONTINUOUS
  0
LAYER
  5
FC9
330
FAE
100
AcDbSymbolTableRecord
100
AcDbLayerTableRecord
  2
Shape022
 70
    0
 62
    7
  6
CONTINUOUS
  0
LAYER
  5
FCA
330
FAE
100
AcDbSymbolTableRecord
100
AcDbLayerTableRecord
  2
Shape023
 70
    0
 62
    7
  6
CONTINUOUS
  0
LAYER
  5
FCB
330
FAE
100
AcDbSymbolTableRecord
100
AcDbLayerTableRecord
  2
Shape024
 70
    0
 62
    7
  6
CONTINUOUS
  0
LAYER
  5
FCC
330
FAE
100
AcDbSymbolTableRecord
100
AcDbLayerTableRecord
  2
Shape025
 70
    0
 62
    7
  6
CONTINUOUS
  0
LAYER
  5
FCD
330
FAE
100
AcDbSymbolTableRecord
100
AcDbLayerTableRecord
  2
Shape026
 70
    0
 62
    7
  6
CONTINUOUS
  0
LAYER
  5
FCE
330
FAE
100
AcDbSymbolTableRecord
100
AcDbLayerTableRecord
  2
Shape027
 70
    0
 62
    7
  6
CONTINUOUS
  0
LAYER
  5
FCF
330
FAE
100
AcDbSymbolTableRecord
100
AcDbLayerTableRecord
  2
Shape028
 70
    0
 62
    7
  6
CONTINUOUS
  0
LAYER
  5
FD0
330
FAE
100
AcDbSymbolTableRecord
100
AcDbLayerTableRecord
  2
Shape029
 70
    0
 62
    7
  6
CONTINUOUS
  0
LAYER
  5
FD1
330
FAE
100
AcDbSymbolTableRecord
100
AcDbLayerTableRecord
  2
Shape030
 70
    0
 62
    7
  6
CONTINUOUS
  0
LAYER
  5
FD2
330
FAE
100
AcDbSymbolTableRecord
100
AcDbLayerTableRecord
  2
Shape031
 70
    0
 62
    7
  6
CONTINUOUS
  0
LAYER
  5
FD3
330
FAE
100
AcDbSymbolTableRecord
100
AcDbLayerTableRecord
  2
Shape032
 70
    0
 62
    7
  6
CONTINUOUS
  0
LAYER
  5
FD4
330
FAE
100
AcDbSymbolTableRecord
100
AcDbLayerTableRecord
  2
Shape033
 70
    0
 62
    7
  6
CONTINUOUS
  0
LAYER
  5
FD5
330
FAE
100
AcDbSymbolTableRecord
100
AcDbLayerTableRecord
  2
Shape034
 70
    0
 62
    7
  6
CONTINUOUS
  0
LAYER
  5
FD6
330
FAE
100
AcDbSymbolTableRecord
100
AcDbLayerTableRecord
  2
Shape035
 70
    0
 62
    7
  6
CONTINUOUS
  0
LAYER
  5
FD7
330
FAE
100
AcDbSymbolTableRecord
100
AcDbLayerTableRecord
  2
Shape036
 70
    0
 62
    7
  6
CONTINUOUS
  0
LAYER
  5
FD8
330
FAE
100
AcDbSymbolTableRecord
100
AcDbLayerTableRecord
  2
Shape037
 70
    0
 62
    7
  6
CONTINUOUS
  0
LAYER
  5
FD9
330
FAE
100
AcDbSymbolTableRecord
100
AcDbLayerTableRecord
  2
Shape038
 70
    0
 62
    7
  6
CONTINUOUS
  0
LAYER
  5
FDA
330
FAE
100
AcDbSymbolTableRecord
100
AcDbLayerTableRecord
  2
Shape039
 70
    0
 62
    7
  6
CONTINUOUS
  0
LAYER
  5
FDB
330
FAE
100
AcDbSymbolTableRecord
100
AcDbLayerTableRecord
  2
Shape040
 70
    0
 62
    7
  6
CONTINUOUS
  0
LAYER
  5
FDC
330
FAE
100
AcDbSymbolTableRecord
100
AcDbLayerTableRecord
  2
Shape041
 70
    0
 62
    7
  6
CONTINUOUS
  0
LAYER
  5
FDD
330
FAE
100
AcDbSymbolTableRecord
100
AcDbLayerTableRecord
  2
Shape042
 70
    0
 62
    7
  6
CONTINUOUS
  0
LAYER
  5
FDE
330
FAE
100
AcDbSymbolTableRecord
100
AcDbLayerTableRecord
  2
Shape043
 70
    0
 62
    7
  6
CONTINUOUS
  0
LAYER
  5
FDF
330
FAE
100
AcDbSymbolTableRecord
100
AcDbLayerTableRecord
  2
Shape044
 70
    0
 62
    7
  6
CONTINUOUS
  0
LAYER
  5
FE0
330
FAE
100
AcDbSymbolTableRecord
100
AcDbLayerTableRecord
  2
Shape045
 70
    0
 62
    7
  6
CONTINUOUS
  0
LAYER
  5
FE1
330
FAE
100
AcDbSymbolTableRecord
100
AcDbLayerTableRecord
  2
Shape046
 70
    0
 62
    7
  6
CONTINUOUS
  0
LAYER
  5
FE2
330
FAE
100
AcDbSymbolTableRecord
100
AcDbLayerTableRecord
  2
Shape047
 70
    0
 62
    7
  6
CONTINUOUS
  0
LAYER
  5
FE3
330
FAE
100
AcDbSymbolTableRecord
100
AcDbLayerTableRecord
  2
Shape048
 70
    0
 62
    7
  6
CONTINUOUS
  0
LAYER
  5
FE4
330
FAE
100
AcDbSymbolTableRecord
100
AcDbLayerTableRecord
  2
Shape049
 70
    0
 62
    7
  6
CONTINUOUS
  0
LAYER
  5
FE5
330
FAE
100
AcDbSymbolTableRecord
100
AcDbLayerTableRecord
  2
Shape050
 70
    0
 62
    7
  6
CONTINUOUS
  0
LAYER
  5
FE6
330
FAE
100
AcDbSymbolTableRecord
100
AcDbLayerTableRecord
  2
Shape051
 70
    0
 62
    7
  6
CONTINUOUS
  0
LAYER
  5
FE7
330
FAE
100
AcDbSymbolTableRecord
100
AcDbLayerTableRecord
  2
Shape052
 70
    0
 62
    7
  6
CONTINUOUS
  0
LAYER
  5
FE8
330
FAE
100
AcDbSymbolTableRecord
100
AcDbLayerTableRecord
  2
Shape053
 70
    0
 62
    7
  6
CONTINUOUS
  0
LAYER
  5
FE9
330
FAE
100
AcDbSymbolTableRecord
100
AcDbLayerTableRecord
  2
Shape054
 70
    0
 62
    7
  6
CONTINUOUS
  0
LAYER
  5
FEA
330
FAE
100
AcDbSymbolTableRecord
100
AcDbLayerTableRecord
  2
Shape055
 70
    0
 62
    7
  6
CONTINUOUS
  0
LAYER
  5
FEB
330
FAE
100
AcDbSymbolTableRecord
100
AcDbLayerTableRecord
  2
Shape056
 70
    0
 62
    7
  6
CONTINUOUS
  0
LAYER
  5
FEC
330
FAE
100
AcDbSymbolTableRecord
100
AcDbLayerTableRecord
  2
Shape057
 70
    0
 62
    7
  6
CONTINUOUS
  0
LAYER
  5
FED
330
FAE
100
AcDbSymbolTableRecord
100
AcDbLayerTableRecord
  2
Shape058
 70
    0
 62
    7
  6
CONTINUOUS
  0
LAYER
  5
FEE
330
FAE
100
AcDbSymbolTableRecord
100
AcDbLayerTableRecord
  2
Shape059
 70
    0
 62
    7
  6
CONTINUOUS
  0
LAYER
  5
FEF
330
FAE
100
AcDbSymbolTableRecord
100
AcDbLayerTableRecord
  2
Shape060
 70
    0
 62
    7
  6
CONTINUOUS
  0
LAYER
  5
FF0
330
FAE
100
AcDbSymbolTableRecord
100
AcDbLayerTableRecord
  2
Shape061
 70
    0
 62
    7
  6
CONTINUOUS
  0
LAYER
  5
FF1
330
FAE
100
AcDbSymbolTableRecord
100
AcDbLayerTableRecord
  2
Shape062
 70
    0
 62
    7
  6
CONTINUOUS
  0
LAYER
  5
FF2
330
FAE
100
AcDbSymbolTableRecord
100
AcDbLayerTableRecord
  2
Shape063
 70
    0
 62
    7
  6
CONTINUOUS
  0
LAYER
  5
FF3
330
FAE
100
AcDbSymbolTableRecord
100
AcDbLayerTableRecord
  2
Shape064
 70
    0
 62
    7
  6
CONTINUOUS
  0
LAYER
  5
FF4
330
FAE
100
AcDbSymbolTableRecord
100
AcDbLayerTableRecord
  2
Shape065
 70
    0
 62
    7
  6
CONTINUOUS
  0
LAYER
  5
FF5
330
FAE
100
AcDbSymbolTableRecord
100
AcDbLayerTableRecord
  2
Shape066
 70
    0
 62
    7
  6
CONTINUOUS
  0
LAYER
  5
FF6
330
FAE
100
AcDbSymbolTableRecord
100
AcDbLayerTableRecord
  2
Shape067
 70
    0
 62
    7
  6
CONTINUOUS
  0
LAYER
  5
FF7
330
FAE
100
AcDbSymbolTableRecord
100
AcDbLayerTableRecord
  2
Shape068
 70
    0
 62
    7
  6
CONTINUOUS
  0
LAYER
  5
FF8
330
FAE
100
AcDbSymbolTableRecord
100
AcDbLayerTableRecord
  2
Shape069
 70
    0
 62
    7
  6
CONTINUOUS
  0
LAYER
  5
FF9
330
FAE
100
AcDbSymbolTableRecord
100
AcDbLayerTableRecord
  2
Shape070
 70
    0
 62
    7
  6
CONTINUOUS
  0
LAYER
  5
FFA
330
FAE
100
AcDbSymbolTableRecord
100
AcDbLayerTableRecord
  2
BLOCK_baton_placement
 70
    0
 62
    7
  6
CONTINUOUS
  0
LAYER
  5
FFB
330
FAE
100
AcDbSymbolTableRecord
100
AcDbLayerTableRecord
  2
Shape071
 70
    0
 62
    7
  6
CONTINUOUS
  0
LAYER
  5
FFC
330
FAE
100
AcDbSymbolTableRecord
100
AcDbLayerTableRecord
  2
Shape072
 70
    0
 62
    7
  6
CONTINUOUS
  0
LAYER
  5
FFD
330
FAE
100
AcDbSymbolTableRecord
100
AcDbLayerTableRecord
  2
Shape073
 70
    0
 62
    7
  6
CONTINUOUS
  0
LAYER
  5
FFE
330
FAE
100
AcDbSymbolTableRecord
100
AcDbLayerTableRecord
  2
Shape074
 70
    0
 62
    7
  6
CONTINUOUS
  0
LAYER
  5
FFF
330
FAE
100
AcDbSymbolTableRecord
100
AcDbLayerTableRecord
  2
Shape075
 70
    0
 62
    7
  6
CONTINUOUS
  0
LAYER
  5
1000
330
FAE
100
AcDbSymbolTableRecord
100
AcDbLayerTableRecord
  2
Shape076
 70
    0
 62
    7
  6
CONTINUOUS
  0
LAYER
  5
1001
330
FAE
100
AcDbSymbolTableRecord
100
AcDbLayerTableRecord
  2
Shape077
 70
    0
 62
    7
  6
CONTINUOUS
  0
LAYER
  5
1002
330
FAE
100
AcDbSymbolTableRecord
100
AcDbLayerTableRecord
  2
Shape078
 70
    0
 62
    7
  6
CONTINUOUS
  0
LAYER
  5
1003
330
FAE
100
AcDbSymbolTableRecord
100
AcDbLayerTableRecord
  2
Shape079
 70
    0
 62
    7
  6
CONTINUOUS
  0
LAYER
  5
1004
330
FAE
100
AcDbSymbolTableRecord
100
AcDbLayerTableRecord
  2
Shape080
 70
    0
 62
    7
  6
CONTINUOUS
  0
LAYER
  5
1005
330
FAE
100
AcDbSymbolTableRecord
100
AcDbLayerTableRecord
  2
Shape081
 70
    0
 62
    7
  6
CONTINUOUS
  0
LAYER
  5
1006
330
FAE
100
AcDbSymbolTableRecord
100
AcDbLayerTableRecord
  2
Shape082
 70
    0
 62
    7
  6
CONTINUOUS
  0
LAYER
  5
1007
330
FAE
100
AcDbSymbolTableRecord
100
AcDbLayerTableRecord
  2
Shape083
 70
    0
 62
    7
  6
CONTINUOUS
  0
LAYER
  5
1008
330
FAE
100
AcDbSymbolTableRecord
100
AcDbLayerTableRecord
  2
Shape084
 70
    0
 62
    7
  6
CONTINUOUS
  0
LAYER
  5
1009
330
FAE
100
AcDbSymbolTableRecord
100
AcDbLayerTableRecord
  2
Shape085
 70
    0
 62
    7
  6
CONTINUOUS
  0
LAYER
  5
100A
330
FAE
100
AcDbSymbolTableRecord
100
AcDbLayerTableRecord
  2
Shape086
 70
    0
 62
    7
  6
CONTINUOUS
  0
LAYER
  5
100B
330
FAE
100
AcDbSymbolTableRecord
100
AcDbLayerTableRecord
  2
Shape087
 70
    0
 62
    7
  6
CONTINUOUS
  0
LAYER
  5
100C
330
FAE
100
AcDbSymbolTableRecord
100
AcDbLayerTableRecord
  2
Shape088
 70
    0
 62
    7
  6
CONTINUOUS
  0
LAYER
  5
100D
330
FAE
100
AcDbSymbolTableRecord
100
AcDbLayerTableRecord
  2
Shape089
 70
    0
 62
    7
  6
CONTINUOUS
  0
LAYER
  5
100E
330
FAE
100
AcDbSymbolTableRecord
100
AcDbLayerTableRecord
  2
Shape090
 70
    0
 62
    7
  6
CONTINUOUS
  0
LAYER
  5
100F
330
FAE
100
AcDbSymbolTableRecord
100
AcDbLayerTableRecord
  2
Shape091
 70
    0
 62
    7
  6
CONTINUOUS
  0
LAYER
  5
1010
330
FAE
100
AcDbSymbolTableRecord
100
AcDbLayerTableRecord
  2
Shape092
 70
    0
 62
    7
  6
CONTINUOUS
  0
LAYER
  5
1011
330
FAE
100
AcDbSymbolTableRecord
100
AcDbLayerTableRecord
  2
Shape093
 70
    0
 62
    7
  6
CONTINUOUS
  0
LAYER
  5
1012
330
FAE
100
AcDbSymbolTableRecord
100
AcDbLayerTableRecord
  2
Shape094
 70
    0
 62
    7
  6
CONTINUOUS
  0
LAYER
  5
1013
330
FAE
100
AcDbSymbolTableRecord
100
AcDbLayerTableRecord
  2
BLOCK_bottom
 70
    0
 62
    7
  6
CONTINUOUS
  0
LAYER
  5
1014
330
FAE
100
AcDbSymbolTableRecord
100
AcDbLayerTableRecord
  2
Shape095
 70
    0
 62
    7
  6
CONTINUOUS
  0
LAYER
  5
1015
330
FAE
100
AcDbSymbolTableRecord
100
AcDbLayerTableRecord
  2
Shape096
 70
    0
 62
    7
  6
CONTINUOUS
  0
LAYER
  5
1016
330
FAE
100
AcDbSymbolTableRecord
100
AcDbLayerTableRecord
  2
Shape097
 70
    0
 62
    7
  6
CONTINUOUS
  0
LAYER
  5
1017
330
FAE
100
AcDbSymbolTableRecord
100
AcDbLayerTableRecord
  2
Shape098
 70
    0
 62
    7
  6
CONTINUOUS
  0
LAYER
  5
1018
330
FAE
100
AcDbSymbolTableRecord
100
AcDbLayerTableRecord
  2
Shape099
 70
    0
 62
    7
  6
CONTINUOUS
  0
LAYER
  5
1019
330
FAE
100
AcDbSymbolTableRecord
100
AcDbLayerTableRecord
  2
Shape100
 70
    0
 62
    7
  6
CONTINUOUS
  0
LAYER
  5
101A
330
FAE
100
AcDbSymbolTableRecord
100
AcDbLayerTableRecord
  2
Shape101
 70
    0
 62
    7
  6
CONTINUOUS
  0
LAYER
  5
101B
330
FAE
100
AcDbSymbolTableRecord
100
AcDbLayerTableRecord
  2
Shape102
 70
    0
 62
    7
  6
CONTINUOUS
  0
LAYER
  5
101C
330
FAE
100
AcDbSymbolTableRecord
100
AcDbLayerTableRecord
  2
BLOCK_control_panel_1_player
 70
    0
 62
    7
  6
CONTINUOUS
  0
LAYER
  5
101D
330
FAE
100
AcDbSymbolTableRecord
100
AcDbLayerTableRecord
  2
Shape103
 70
    0
 62
    7
  6
CONTINUOUS
  0
LAYER
  5
101E
330
FAE
100
AcDbSymbolTableRecord
100
AcDbLayerTableRecord
  2
Shape104
 70
    0
 62
    7
  6
CONTINUOUS
  0
LAYER
  5
101F
330
FAE
100
AcDbSymbolTableRecord
100
AcDbLayerTableRecord
  2
Shape105
 70
    0
 62
    7
  6
CONTINUOUS
  0
LAYER
  5
1020
330
FAE
100
AcDbSymbolTableRecord
100
AcDbLayerTableRecord
  2
Shape106
 70
    0
 62
    7
  6
CONTINUOUS
  0
LAYER
  5
1021
330
FAE
100
AcDbSymbolTableRecord
100
AcDbLayerTableRecord
  2
Shape107
 70
    0
 62
    7
  6
CONTINUOUS
  0
LAYER
  5
1022
330
FAE
100
AcDbSymbolTableRecord
100
AcDbLayerTableRecord
  2
Shape108
 70
    0
 62
    7
  6
CONTINUOUS
  0
LAYER
  5
1023
330
FAE
100
AcDbSymbolTableRecord
100
AcDbLayerTableRecord
  2
Shape109
 70
    0
 62
    7
  6
CONTINUOUS
  0
LAYER
  5
1024
330
FAE
100
AcDbSymbolTableRecord
100
AcDbLayerTableRecord
  2
Shape110
 70
    0
 62
    7
  6
CONTINUOUS
  0
LAYER
  5
1025
330
FAE
100
AcDbSymbolTableRecord
100
AcDbLayerTableRecord
  2
Shape111
 70
    0
 62
    7
  6
CONTINUOUS
  0
LAYER
  5
1026
330
FAE
100
AcDbSymbolTableRecord
100
AcDbLayerTableRecord
  2
Shape112
 70
    0
 62
    7
  6
CONTINUOUS
  0
LAYER
  5
1027
330
FAE
100
AcDbSymbolTableRecord
100
AcDbLayerTableRecord
  2
Shape113
 70
    0
 62
    7
  6
CONTINUOUS
  0
LAYER
  5
1028
330
FAE
100
AcDbSymbolTableRecord
100
AcDbLayerTableRecord
  2
Shape114
 70
    0
 62
    7
  6
CONTINUOUS
  0
LAYER
  5
1029
330
FAE
100
AcDbSymbolTableRecord
100
AcDbLayerTableRecord
  2
Shape115
 70
    0
 62
    7
  6
CONTINUOUS
  0
LAYER
  5
102A
330
FAE
100
AcDbSymbolTableRecord
100
AcDbLayerTableRecord
  2
Shape116
 70
    0
 62
    7
  6
CONTINUOUS
  0
LAYER
  5
102B
330
FAE
100
AcDbSymbolTableRecord
100
AcDbLayerTableRecord
  2
Shape117
 70
    0
 62
    7
  6
CONTINUOUS
  0
LAYER
  5
102C
330
FAE
100
AcDbSymbolTableRecord
100
AcDbLayerTableRecord
  2
Shape118
 70
    0
 62
    7
  6
CONTINUOUS
  0
LAYER
  5
102D
330
FAE
100
AcDbSymbolTableRecord
100
AcDbLayerTableRecord
  2
Shape119
 70
    0
 62
    7
  6
CONTINUOUS
  0
LAYER
  5
102E
330
FAE
100
AcDbSymbolTableRecord
100
AcDbLayerTableRecord
  2
BLOCK_control_panel_2_player
 70
    0
 62
    7
  6
CONTINUOUS
  0
LAYER
  5
102F
330
FAE
100
AcDbSymbolTableRecord
100
AcDbLayerTableRecord
  2
Shape120
 70
    0
 62
    7
  6
CONTINUOUS
  0
LAYER
  5
1030
330
FAE
100
AcDbSymbolTableRecord
100
AcDbLayerTableRecord
  2
Shape121
 70
    0
 62
    7
  6
CONTINUOUS
  0
LAYER
  5
1031
330
FAE
100
AcDbSymbolTableRecord
100
AcDbLayerTableRecord
  2
Shape122
 70
    0
 62
    7
  6
CONTINUOUS
  0
LAYER
  5
1032
330
FAE
100
AcDbSymbolTableRecord
100
AcDbLayerTableRecord
  2
Shape123
 70
    0
 62
    7
  6
CONTINUOUS
  0
LAYER
  5
1033
330
FAE
100
AcDbSymbolTableRecord
100
AcDbLayerTableRecord
  2
Shape124
 70
    0
 62
    7
  6
CONTINUOUS
  0
LAYER
  5
1034
330
FAE
100
AcDbSymbolTableRecord
100
AcDbLayerTableRecord
  2
Shape125
 70
    0
 62
    7
  6
CONTINUOUS
  0
LAYER
  5
1035
330
FAE
100
AcDbSymbolTableRecord
100
AcDbLayerTableRecord
  2
Shape126
 70
    0
 62
    7
  6
CONTINUOUS
  0
LAYER
  5
1036
330
FAE
100
AcDbSymbolTableRecord
100
AcDbLayerTableRecord
  2
Shape127
 70
    0
 62
    7
  6
CONTINUOUS
  0
LAYER
  5
1037
330
FAE
100
AcDbSymbolTableRecord
100
AcDbLayerTableRecord
  2
Shape128
 70
    0
 62
    7
  6
CONTINUOUS
  0
LAYER
  5
1038
330
FAE
100
AcDbSymbolTableRecord
100
AcDbLayerTableRecord
  2
Shape129
 70
    0
 62
    7
  6
CONTINUOUS
  0
LAYER
  5
1039
330
FAE
100
AcDbSymbolTableRecord
100
AcDbLayerTableRecord
  2
Shape130
 70
    0
 62
    7
  6
CONTINUOUS
  0
LAYER
  5
103A
330
FAE
100
AcDbSymbolTableRecord
100
AcDbLayerTableRecord
  2
Shape131
 70
    0
 62
    7
  6
CONTINUOUS
  0
LAYER
  5
103B
330
FAE
100
AcDbSymbolTableRecord
100
AcDbLayerTableRecord
  2
Shape132
 70
    0
 62
    7
  6
CONTINUOUS
  0
LAYER
  5
103C
330
FAE
100
AcDbSymbolTableRecord
100
AcDbLayerTableRecord
  2
Shape133
 70
    0
 62
    7
  6
CONTINUOUS
  0
LAYER
  5
103D
330
FAE
100
AcDbSymbolTableRecord
100
AcDbLayerTableRecord
  2
Shape134
 70
    0
 62
    7
  6
CONTINUOUS
  0
LAYER
  5
103E
330
FAE
100
AcDbSymbolTableRecord
100
AcDbLayerTableRecord
  2
Shape135
 70
    0
 62
    7
  6
CONTINUOUS
  0
LAYER
  5
103F
330
FAE
100
AcDbSymbolTableRecord
100
AcDbLayerTableRecord
  2
Shape136
 70
    0
 62
    7
  6
CONTINUOUS
  0
LAYER
  5
1040
330
FAE
100
AcDbSymbolTableRecord
100
AcDbLayerTableRecord
  2
Shape137
 70
    0
 62
    7
  6
CONTINUOUS
  0
LAYER
  5
1041
330
FAE
100
AcDbSymbolTableRecord
100
AcDbLayerTableRecord
  2
Shape138
 70
    0
 62
    7
  6
CONTINUOUS
  0
LAYER
  5
1042
330
FAE
100
AcDbSymbolTableRecord
100
AcDbLayerTableRecord
  2
Shape139
 70
    0
 62
    7
  6
CONTINUOUS
  0
LAYER
  5
1043
330
FAE
100
AcDbSymbolTableRecord
100
AcDbLayerTableRecord
  2
Shape140
 70
    0
 62
    7
  6
CONTINUOUS
  0
LAYER
  5
1044
330
FAE
100
AcDbSymbolTableRecord
100
AcDbLayerTableRecord
  2
Shape141
 70
    0
 62
    7
  6
CONTINUOUS
  0
LAYER
  5
1045
330
FAE
100
AcDbSymbolTableRecord
100
AcDbLayerTableRecord
  2
BLOCK_control_panel_front_2_holes
 70
    0
 62
    7
  6
CONTINUOUS
  0
LAYER
  5
1046
330
FAE
100
AcDbSymbolTableRecord
100
AcDbLayerTableRecord
  2
Shape142
 70
    0
 62
    7
  6
CONTINUOUS
  0
LAYER
  5
1047
330
FAE
100
AcDbSymbolTableRecord
100
AcDbLayerTableRecord
  2
Shape143
 70
    0
 62
    7
  6
CONTINUOUS
  0
LAYER
  5
1048
330
FAE
100
AcDbSymbolTableRecord
100
AcDbLayerTableRecord
  2
Shape144
 70
    0
 62
    7
  6
CONTINUOUS
  0
LAYER
  5
1049
330
FAE
100
AcDbSymbolTableRecord
100
AcDbLayerTableRecord
  2
Shape145
 70
    0
 62
    7
  6
CONTINUOUS
  0
LAYER
  5
104A
330
FAE
100
AcDbSymbolTableRecord
100
AcDbLayerTableRecord
  2
Shape146
 70
    0
 62
    7
  6
CONTINUOUS
  0
LAYER
  5
104B
330
FAE
100
AcDbSymbolTableRecord
100
AcDbLayerTableRecord
  2
Shape147
 70
    0
 62
    7
  6
CONTINUOUS
  0
LAYER
  5
104C
330
FAE
100
AcDbSymbolTableRecord
100
AcDbLayerTableRecord
  2
BLOCK_control_panel_front_3_holes
 70
    0
 62
    7
  6
CONTINUOUS
  0
LAYER
  5
104D
330
FAE
100
AcDbSymbolTableRecord
100
AcDbLayerTableRecord
  2
Shape148
 70
    0
 62
    7
  6
CONTINUOUS
  0
LAYER
  5
104E
330
FAE
100
AcDbSymbolTableRecord
100
AcDbLayerTableRecord
  2
Shape149
 70
    0
 62
    7
  6
CONTINUOUS
  0
LAYER
  5
104F
330
FAE
100
AcDbSymbolTableRecord
100
AcDbLayerTableRecord
  2
Shape150
 70
    0
 62
    7
  6
CONTINUOUS
  0
LAYER
  5
1050
330
FAE
100
AcDbSymbolTableRecord
100
AcDbLayerTableRecord
  2
Shape151
 70
    0
 62
    7
  6
CONTINUOUS
  0
LAYER
  5
1051
330
FAE
100
AcDbSymbolTableRecord
100
AcDbLayerTableRecord
  2
Shape152
 70
    0
 62
    7
  6
CONTINUOUS
  0
LAYER
  5
1052
330
FAE
100
AcDbSymbolTableRecord
100
AcDbLayerTableRecord
  2
Shape153
 70
    0
 62
    7
  6
CONTINUOUS
  0
LAYER
  5
1053
330
FAE
100
AcDbSymbolTableRecord
100
AcDbLayerTableRecord
  2
Shape154
 70
    0
 62
    7
  6
CONTINUOUS
  0
LAYER
  5
1054
330
FAE
100
AcDbSymbolTableRecord
100
AcDbLayerTableRecord
  2
BLOCK_control_panel_front_blank
 70
    0
 62
    7
  6
CONTINUOUS
  0
LAYER
  5
1055
330
FAE
100
AcDbSymbolTableRecord
100
AcDbLayerTableRecord
  2
Shape155
 70
    0
 62
    7
  6
CONTINUOUS
  0
LAYER
  5
1056
330
FAE
100
AcDbSymbolTableRecord
100
AcDbLayerTableRecord
  2
Shape156
 70
    0
 62
    7
  6
CONTINUOUS
  0
LAYER
  5
1057
330
FAE
100
AcDbSymbolTableRecord
100
AcDbLayerTableRecord
  2
Shape157
 70
    0
 62
    7
  6
CONTINUOUS
  0
LAYER
  5
1058
330
FAE
100
AcDbSymbolTableRecord
100
AcDbLayerTableRecord
  2
Shape158
 70
    0
 62
    7
  6
CONTINUOUS
  0
LAYER
  5
1059
330
FAE
100
AcDbSymbolTableRecord
100
AcDbLayerTableRecord
  2
BLOCK_control_panel_front_options
 70
    0
 62
    7
  6
CONTINUOUS
  0
LAYER
  5
105A
330
FAE
100
AcDbSymbolTableRecord
100
AcDbLayerTableRecord
  2
Shape159
 70
    0
 62
    7
  6
CONTINUOUS
  0
LAYER
  5
105B
330
FAE
100
AcDbSymbolTableRecord
100
AcDbLayerTableRecord
  2
Shape160
 70
    0
 62
    7
  6
CONTINUOUS
  0
LAYER
  5
105C
330
FAE
100
AcDbSymbolTableRecord
100
AcDbLayerTableRecord
  2
Shape161
 70
    0
 62
    7
  6
CONTINUOUS
  0
LAYER
  5
105D
330
FAE
100
AcDbSymbolTableRecord
100
AcDbLayerTableRecord
  2
Shape162
 70
    0
 62
    7
  6
CONTINUOUS
  0
LAYER
  5
105E
330
FAE
100
AcDbSymbolTableRecord
100
AcDbLayerTableRecord
  2
Shape163
 70
    0
 62
    7
  6
CONTINUOUS
  0
LAYER
  5
105F
330
FAE
100
AcDbSymbolTableRecord
100
AcDbLayerTableRecord
  2
Shape164
 70
    0
 62
    7
  6
CONTINUOUS
  0
LAYER
  5
1060
330
FAE
100
AcDbSymbolTableRecord
100
AcDbLayerTableRecord
  2
Shape165
 70
    0
 62
    7
  6
CONTINUOUS
  0
LAYER
  5
1061
330
FAE
100
AcDbSymbolTableRecord
100
AcDbLayerTableRecord
  2
Shape166
 70
    0
 62
    7
  6
CONTINUOUS
  0
LAYER
  5
1062
330
FAE
100
AcDbSymbolTableRecord
100
AcDbLayerTableRecord
  2
Shape167
 70
    0
 62
    7
  6
CONTINUOUS
  0
LAYER
  5
1063
330
FAE
100
AcDbSymbolTableRecord
100
AcDbLayerTableRecord
  2
Shape168
 70
    0
 62
    7
  6
CONTINUOUS
  0
LAYER
  5
1064
330
FAE
100
AcDbSymbolTableRecord
100
AcDbLayerTableRecord
  2
BLOCK_control_panel_pieces
 70
    0
 62
    7
  6
CONTINUOUS
  0
LAYER
  5
1065
330
FAE
100
AcDbSymbolTableRecord
100
AcDbLayerTableRecord
  2
Shape169
 70
    0
 62
    7
  6
CONTINUOUS
  0
LAYER
  5
1066
330
FAE
100
AcDbSymbolTableRecord
100
AcDbLayerTableRecord
  2
Shape170
 70
    0
 62
    7
  6
CONTINUOUS
  0
LAYER
  5
1067
330
FAE
100
AcDbSymbolTableRecord
100
AcDbLayerTableRecord
  2
Shape171
 70
    0
 62
    7
  6
CONTINUOUS
  0
LAYER
  5
1068
330
FAE
100
AcDbSymbolTableRecord
100
AcDbLayerTableRecord
  2
Shape172
 70
    0
 62
    7
  6
CONTINUOUS
  0
LAYER
  5
1069
330
FAE
100
AcDbSymbolTableRecord
100
AcDbLayerTableRecord
  2
Shape173
 70
    0
 62
    7
  6
CONTINUOUS
  0
LAYER
  5
106A
330
FAE
100
AcDbSymbolTableRecord
100
AcDbLayerTableRecord
  2
Shape174
 70
    0
 62
    7
  6
CONTINUOUS
  0
LAYER
  5
106B
330
FAE
100
AcDbSymbolTableRecord
100
AcDbLayerTableRecord
  2
Shape175
 70
    0
 62
    7
  6
CONTINUOUS
  0
LAYER
  5
106C
330
FAE
100
AcDbSymbolTableRecord
100
AcDbLayerTableRecord
  2
Shape176
 70
    0
 62
    7
  6
CONTINUOUS
  0
LAYER
  5
106D
330
FAE
100
AcDbSymbolTableRecord
100
AcDbLayerTableRecord
  2
Shape177
 70
    0
 62
    7
  6
CONTINUOUS
  0
LAYER
  5
106E
330
FAE
100
AcDbSymbolTableRecord
100
AcDbLayerTableRecord
  2
Shape178
 70
    0
 62
    7
  6
CONTINUOUS
  0
LAYER
  5
106F
330
FAE
100
AcDbSymbolTableRecord
100
AcDbLayerTableRecord
  2
Shape179
 70
    0
 62
    7
  6
CONTINUOUS
  0
LAYER
  5
1070
330
FAE
100
AcDbSymbolTableRecord
100
AcDbLayerTableRecord
  2
BLOCK_control_panel_top_options
 70
    0
 62
    7
  6
CONTINUOUS
  0
LAYER
  5
1071
330
FAE
100
AcDbSymbolTableRecord
100
AcDbLayerTableRecord
  2
Shape180
 70
    0
 62
    7
  6
CONTINUOUS
  0
LAYER
  5
1072
330
FAE
100
AcDbSymbolTableRecord
100
AcDbLayerTableRecord
  2
Shape181
 70
    0
 62
    7
  6
CONTINUOUS
  0
LAYER
  5
1073
330
FAE
100
AcDbSymbolTableRecord
100
AcDbLayerTableRecord
  2
Shape182
 70
    0
 62
    7
  6
CONTINUOUS
  0
LAYER
  5
1074
330
FAE
100
AcDbSymbolTableRecord
100
AcDbLayerTableRecord
  2
Shape183
 70
    0
 62
    7
  6
CONTINUOUS
  0
LAYER
  5
1075
330
FAE
100
AcDbSymbolTableRecord
100
AcDbLayerTableRecord
  2
Shape184
 70
    0
 62
    7
  6
CONTINUOUS
  0
LAYER
  5
1076
330
FAE
100
AcDbSymbolTableRecord
100
AcDbLayerTableRecord
  2
Shape185
 70
    0
 62
    7
  6
CONTINUOUS
  0
LAYER
  5
1077
330
FAE
100
AcDbSymbolTableRecord
100
AcDbLayerTableRecord
  2
Shape186
 70
    0
 62
    7
  6
CONTINUOUS
  0
LAYER
  5
1078
330
FAE
100
AcDbSymbolTableRecord
100
AcDbLayerTableRecord
  2
Shape187
 70
    0
 62
    7
  6
CONTINUOUS
  0
LAYER
  5
1079
330
FAE
100
AcDbSymbolTableRecord
100
AcDbLayerTableRecord
  2
BLOCK_grill
 70
    0
 62
    7
  6
CONTINUOUS
  0
LAYER
  5
107A
330
FAE
100
AcDbSymbolTableRecord
100
AcDbLayerTableRecord
  2
Shape188
 70
    0
 62
    7
  6
CONTINUOUS
  0
LAYER
  5
107B
330
FAE
100
AcDbSymbolTableRecord
100
AcDbLayerTableRecord
  2
Shape189
 70
    0
 62
    7
  6
CONTINUOUS
  0
LAYER
  5
107C
330
FAE
100
AcDbSymbolTableRecord
100
AcDbLayerTableRecord
  2
Shape190
 70
    0
 62
    7
  6
CONTINUOUS
  0
LAYER
  5
107D
330
FAE
100
AcDbSymbolTableRecord
100
AcDbLayerTableRecord
  2
Shape191
 70
    0
 62
    7
  6
CONTINUOUS
  0
LAYER
  5
107E
330
FAE
100
AcDbSymbolTableRecord
100
AcDbLayerTableRecord
  2
Shape192
 70
    0
 62
    7
  6
CONTINUOUS
  0
LAYER
  5
107F
330
FAE
100
AcDbSymbolTableRecord
100
AcDbLayerTableRecord
  2
Shape193
 70
    0
 62
    7
  6
CONTINUOUS
  0
LAYER
  5
1080
330
FAE
100
AcDbSymbolTableRecord
100
AcDbLayerTableRecord
  2
Shape194
 70
    0
 62
    7
  6
CONTINUOUS
  0
LAYER
  5
1081
330
FAE
100
AcDbSymbolTableRecord
100
AcDbLayerTableRecord
  2
Shape195
 70
    0
 62
    7
  6
CONTINUOUS
  0
LAYER
  5
1082
330
FAE
100
AcDbSymbolTableRecord
100
AcDbLayerTableRecord
  2
Shape196
 70
    0
 62
    7
  6
CONTINUOUS
  0
LAYER
  5
1083
330
FAE
100
AcDbSymbolTableRecord
100
AcDbLayerTableRecord
  2
Shape197
 70
    0
 62
    7
  6
CONTINUOUS
  0
LAYER
  5
1084
330
FAE
100
AcDbSymbolTableRecord
100
AcDbLayerTableRecord
  2
Shape198
 70
    0
 62
    7
  6
CONTINUOUS
  0
LAYER
  5
1085
330
FAE
100
AcDbSymbolTableRecord
100
AcDbLayerTableRecord
  2
Shape199
 70
    0
 62
    7
  6
CONTINUOUS
  0
LAYER
  5
1086
330
FAE
100
AcDbSymbolTableRecord
100
AcDbLayerTableRecord
  2
Shape200
 70
    0
 62
    7
  6
CONTINUOUS
  0
LAYER
  5
1087
330
FAE
100
AcDbSymbolTableRecord
100
AcDbLayerTableRecord
  2
Shape201
 70
    0
 62
    7
  6
CONTINUOUS
  0
LAYER
  5
1088
330
FAE
100
AcDbSymbolTableRecord
100
AcDbLayerTableRecord
  2
Shape202
 70
    0
 62
    7
  6
CONTINUOUS
  0
LAYER
  5
1089
330
FAE
100
AcDbSymbolTableRecord
100
AcDbLayerTableRecord
  2
Shape203
 70
    0
 62
    7
  6
CONTINUOUS
  0
LAYER
  5
108A
330
FAE
100
AcDbSymbolTableRecord
100
AcDbLayerTableRecord
  2
Shape204
 70
    0
 62
    7
  6
CONTINUOUS
  0
LAYER
  5
108B
330
FAE
100
AcDbSymbolTableRecord
100
AcDbLayerTableRecord
  2
Shape205
 70
    0
 62
    7
  6
CONTINUOUS
  0
LAYER
  5
108C
330
FAE
100
AcDbSymbolTableRecord
100
AcDbLayerTableRecord
  2
Shape206
 70
    0
 62
    7
  6
CONTINUOUS
  0
LAYER
  5
108D
330
FAE
100
AcDbSymbolTableRecord
100
AcDbLayerTableRecord
  2
Shape207
 70
    0
 62
    7
  6
CONTINUOUS
  0
LAYER
  5
108E
330
FAE
100
AcDbSymbolTableRecord
100
AcDbLayerTableRecord
  2
Shape208
 70
    0
 62
    7
  6
CONTINUOUS
  0
LAYER
  5
108F
330
FAE
100
AcDbSymbolTableRecord
100
AcDbLayerTableRecord
  2
Shape209
 70
    0
 62
    7
  6
CONTINUOUS
  0
LAYER
  5
1090
330
FAE
100
AcDbSymbolTableRecord
100
AcDbLayerTableRecord
  2
Shape210
 70
    0
 62
    7
  6
CONTINUOUS
  0
LAYER
  5
1091
330
FAE
100
AcDbSymbolTableRecord
100
AcDbLayerTableRecord
  2
Shape211
 70
    0
 62
    7
  6
CONTINUOUS
  0
LAYER
  5
1092
330
FAE
100
AcDbSymbolTableRecord
100
AcDbLayerTableRecord
  2
Shape212
 70
    0
 62
    7
  6
CONTINUOUS
  0
LAYER
  5
1093
330
FAE
100
AcDbSymbolTableRecord
100
AcDbLayerTableRecord
  2
Shape213
 70
    0
 62
    7
  6
CONTINUOUS
  0
LAYER
  5
1094
330
FAE
100
AcDbSymbolTableRecord
100
AcDbLayerTableRecord
  2
Shape214
 70
    0
 62
    7
  6
CONTINUOUS
  0
LAYER
  5
1095
330
FAE
100
AcDbSymbolTableRecord
100
AcDbLayerTableRecord
  2
Shape215
 70
    0
 62
    7
  6
CONTINUOUS
  0
LAYER
  5
1096
330
FAE
100
AcDbSymbolTableRecord
100
AcDbLayerTableRecord
  2
Shape216
 70
    0
 62
    7
  6
CONTINUOUS
  0
LAYER
  5
1097
330
FAE
100
AcDbSymbolTableRecord
100
AcDbLayerTableRecord
  2
Shape217
 70
    0
 62
    7
  6
CONTINUOUS
  0
LAYER
  5
1098
330
FAE
100
AcDbSymbolTableRecord
100
AcDbLayerTableRecord
  2
Shape218
 70
    0
 62
    7
  6
CONTINUOUS
  0
LAYER
  5
1099
330
FAE
100
AcDbSymbolTableRecord
100
AcDbLayerTableRecord
  2
Shape219
 70
    0
 62
    7
  6
CONTINUOUS
  0
LAYER
  5
109A
330
FAE
100
AcDbSymbolTableRecord
100
AcDbLayerTableRecord
  2
Shape220
 70
    0
 62
    7
  6
CONTINUOUS
  0
LAYER
  5
109B
330
FAE
100
AcDbSymbolTableRecord
100
AcDbLayerTableRecord
  2
Shape221
 70
    0
 62
    7
  6
CONTINUOUS
  0
LAYER
  5
109C
330
FAE
100
AcDbSymbolTableRecord
100
AcDbLayerTableRecord
  2
Shape222
 70
    0
 62
    7
  6
CONTINUOUS
  0
LAYER
  5
109D
330
FAE
100
AcDbSymbolTableRecord
100
AcDbLayerTableRecord
  2
Shape223
 70
    0
 62
    7
  6
CONTINUOUS
  0
LAYER
  5
109E
330
FAE
100
AcDbSymbolTableRecord
100
AcDbLayerTableRecord
  2
Shape224
 70
    0
 62
    7
  6
CONTINUOUS
  0
LAYER
  5
109F
330
FAE
100
AcDbSymbolTableRecord
100
AcDbLayerTableRecord
  2
Shape225
 70
    0
 62
    7
  6
CONTINUOUS
  0
LAYER
  5
10A0
330
FAE
100
AcDbSymbolTableRecord
100
AcDbLayerTableRecord
  2
Shape226
 70
    0
 62
    7
  6
CONTINUOUS
  0
LAYER
  5
10A1
330
FAE
100
AcDbSymbolTableRecord
100
AcDbLayerTableRecord
  2
Shape227
 70
    0
 62
    7
  6
CONTINUOUS
  0
LAYER
  5
10A2
330
FAE
100
AcDbSymbolTableRecord
100
AcDbLayerTableRecord
  2
Shape228
 70
    0
 62
    7
  6
CONTINUOUS
  0
LAYER
  5
10A3
330
FAE
100
AcDbSymbolTableRecord
100
AcDbLayerTableRecord
  2
Shape229
 70
    0
 62
    7
  6
CONTINUOUS
  0
LAYER
  5
10A4
330
FAE
100
AcDbSymbolTableRecord
100
AcDbLayerTableRecord
  2
Shape230
 70
    0
 62
    7
  6
CONTINUOUS
  0
LAYER
  5
10A5
330
FAE
100
AcDbSymbolTableRecord
100
AcDbLayerTableRecord
  2
Shape231
 70
    0
 62
    7
  6
CONTINUOUS
  0
LAYER
  5
10A6
330
FAE
100
AcDbSymbolTableRecord
100
AcDbLayerTableRecord
  2
Shape232
 70
    0
 62
    7
  6
CONTINUOUS
  0
LAYER
  5
10A7
330
FAE
100
AcDbSymbolTableRecord
100
AcDbLayerTableRecord
  2
Shape233
 70
    0
 62
    7
  6
CONTINUOUS
  0
LAYER
  5
10A8
330
FAE
100
AcDbSymbolTableRecord
100
AcDbLayerTableRecord
  2
Shape234
 70
    0
 62
    7
  6
CONTINUOUS
  0
LAYER
  5
10A9
330
FAE
100
AcDbSymbolTableRecord
100
AcDbLayerTableRecord
  2
Shape235
 70
    0
 62
    7
  6
CONTINUOUS
  0
LAYER
  5
10AA
330
FAE
100
AcDbSymbolTableRecord
100
AcDbLayerTableRecord
  2
Shape236
 70
    0
 62
    7
  6
CONTINUOUS
  0
LAYER
  5
10AB
330
FAE
100
AcDbSymbolTableRecord
100
AcDbLayerTableRecord
  2
Shape237
 70
    0
 62
    7
  6
CONTINUOUS
  0
LAYER
  5
10AC
330
FAE
100
AcDbSymbolTableRecord
100
AcDbLayerTableRecord
  2
Shape238
 70
    0
 62
    7
  6
CONTINUOUS
  0
LAYER
  5
10AD
330
FAE
100
AcDbSymbolTableRecord
100
AcDbLayerTableRecord
  2
Shape239
 70
    0
 62
    7
  6
CONTINUOUS
  0
LAYER
  5
10AE
330
FAE
100
AcDbSymbolTableRecord
100
AcDbLayerTableRecord
  2
Shape240
 70
    0
 62
    7
  6
CONTINUOUS
  0
LAYER
  5
10AF
330
FAE
100
AcDbSymbolTableRecord
100
AcDbLayerTableRecord
  2
Shape241
 70
    0
 62
    7
  6
CONTINUOUS
  0
LAYER
  5
10B0
330
FAE
100
AcDbSymbolTableRecord
100
AcDbLayerTableRecord
  2
Shape242
 70
    0
 62
    7
  6
CONTINUOUS
  0
LAYER
  5
10B1
330
FAE
100
AcDbSymbolTableRecord
100
AcDbLayerTableRecord
  2
Shape243
 70
    0
 62
    7
  6
CONTINUOUS
  0
LAYER
  5
10B2
330
FAE
100
AcDbSymbolTableRecord
100
AcDbLayerTableRecord
  2
Shape244
 70
    0
 62
    7
  6
CONTINUOUS
  0
LAYER
  5
10B3
330
FAE
100
AcDbSymbolTableRecord
100
AcDbLayerTableRecord
  2
Shape245
 70
    0
 62
    7
  6
CONTINUOUS
  0
LAYER
  5
10B4
330
FAE
100
AcDbSymbolTableRecord
100
AcDbLayerTableRecord
  2
Shape246
 70
    0
 62
    7
  6
CONTINUOUS
  0
LAYER
  5
10B5
330
FAE
100
AcDbSymbolTableRecord
100
AcDbLayerTableRecord
  2
Shape247
 70
    0
 62
    7
  6
CONTINUOUS
  0
LAYER
  5
10B6
330
FAE
100
AcDbSymbolTableRecord
100
AcDbLayerTableRecord
  2
Shape248
 70
    0
 62
    7
  6
CONTINUOUS
  0
LAYER
  5
10B7
330
FAE
100
AcDbSymbolTableRecord
100
AcDbLayerTableRecord
  2
Shape249
 70
    0
 62
    7
  6
CONTINUOUS
  0
LAYER
  5
10B8
330
FAE
100
AcDbSymbolTableRecord
100
AcDbLayerTableRecord
  2
Shape250
 70
    0
 62
    7
  6
CONTINUOUS
  0
LAYER
  5
10B9
330
FAE
100
AcDbSymbolTableRecord
100
AcDbLayerTableRecord
  2
Shape251
 70
    0
 62
    7
  6
CONTINUOUS
  0
LAYER
  5
10BA
330
FAE
100
AcDbSymbolTableRecord
100
AcDbLayerTableRecord
  2
Shape252
 70
    0
 62
    7
  6
CONTINUOUS
  0
LAYER
  5
10BB
330
FAE
100
AcDbSymbolTableRecord
100
AcDbLayerTableRecord
  2
Shape253
 70
    0
 62
    7
  6
CONTINUOUS
  0
LAYER
  5
10BC
330
FAE
100
AcDbSymbolTableRecord
100
AcDbLayerTableRecord
  2
Shape254
 70
    0
 62
    7
  6
CONTINUOUS
  0
LAYER
  5
10BD
330
FAE
100
AcDbSymbolTableRecord
100
AcDbLayerTableRecord
  2
Shape255
 70
    0
 62
    7
  6
CONTINUOUS
  0
LAYER
  5
10BE
330
FAE
100
AcDbSymbolTableRecord
100
AcDbLayerTableRecord
  2
Shape256
 70
    0
 62
    7
  6
CONTINUOUS
  0
LAYER
  5
10BF
330
FAE
100
AcDbSymbolTableRecord
100
AcDbLayerTableRecord
  2
Shape257
 70
    0
 62
    7
  6
CONTINUOUS
  0
LAYER
  5
10C0
330
FAE
100
AcDbSymbolTableRecord
100
AcDbLayerTableRecord
  2
Shape258
 70
    0
 62
    7
  6
CONTINUOUS
  0
LAYER
  5
10C1
330
FAE
100
AcDbSymbolTableRecord
100
AcDbLayerTableRecord
  2
Shape259
 70
    0
 62
    7
  6
CONTINUOUS
  0
LAYER
  5
10C2
330
FAE
100
AcDbSymbolTableRecord
100
AcDbLayerTableRecord
  2
Shape260
 70
    0
 62
    7
  6
CONTINUOUS
  0
LAYER
  5
10C3
330
FAE
100
AcDbSymbolTableRecord
100
AcDbLayerTableRecord
  2
Shape261
 70
    0
 62
    7
  6
CONTINUOUS
  0
LAYER
  5
10C4
330
FAE
100
AcDbSymbolTableRecord
100
AcDbLayerTableRecord
  2
Shape262
 70
    0
 62
    7
  6
CONTINUOUS
  0
LAYER
  5
10C5
330
FAE
100
AcDbSymbolTableRecord
100
AcDbLayerTableRecord
  2
Shape263
 70
    0
 62
    7
  6
CONTINUOUS
  0
LAYER
  5
10C6
330
FAE
100
AcDbSymbolTableRecord
100
AcDbLayerTableRecord
  2
Shape264
 70
    0
 62
    7
  6
CONTINUOUS
  0
LAYER
  5
10C7
330
FAE
100
AcDbSymbolTableRecord
100
AcDbLayerTableRecord
  2
BLOCK_grills_60
 70
    0
 62
    7
  6
CONTINUOUS
  0
LAYER
  5
10C8
330
FAE
100
AcDbSymbolTableRecord
100
AcDbLayerTableRecord
  2
BLOCK_monitor_bar
 70
    0
 62
    7
  6
CONTINUOUS
  0
LAYER
  5
10C9
330
FAE
100
AcDbSymbolTableRecord
100
AcDbLayerTableRecord
  2
Shape265
 70
    0
 62
    7
  6
CONTINUOUS
  0
LAYER
  5
10CA
330
FAE
100
AcDbSymbolTableRecord
100
AcDbLayerTableRecord
  2
Shape266
 70
    0
 62
    7
  6
CONTINUOUS
  0
LAYER
  5
10CB
330
FAE
100
AcDbSymbolTableRecord
100
AcDbLayerTableRecord
  2
Shape267
 70
    0
 62
    7
  6
CONTINUOUS
  0
LAYER
  5
10CC
330
FAE
100
AcDbSymbolTableRecord
100
AcDbLayerTableRecord
  2
Shape268
 70
    0
 62
    7
  6
CONTINUOUS
  0
LAYER
  5
10CD
330
FAE
100
AcDbSymbolTableRecord
100
AcDbLayerTableRecord
  2
Shape269
 70
    0
 62
    7
  6
CONTINUOUS
  0
LAYER
  5
10CE
330
FAE
100
AcDbSymbolTableRecord
100
AcDbLayerTableRecord
  2
Shape270
 70
    0
 62
    7
  6
CONTINUOUS
  0
LAYER
  5
10CF
330
FAE
100
AcDbSymbolTableRecord
100
AcDbLayerTableRecord
  2
Shape271
 70
    0
 62
    7
  6
CONTINUOUS
  0
LAYER
  5
10D0
330
FAE
100
AcDbSymbolTableRecord
100
AcDbLayerTableRecord
  2
Shape272
 70
    0
 62
    7
  6
CONTINUOUS
  0
LAYER
  5
10D1
330
FAE
100
AcDbSymbolTableRecord
100
AcDbLayerTableRecord
  2
Shape273
 70
    0
 62
    7
  6
CONTINUOUS
  0
LAYER
  5
10D2
330
FAE
100
AcDbSymbolTableRecord
100
AcDbLayerTableRecord
  2
Shape274
 70
    0
 62
    7
  6
CONTINUOUS
  0
LAYER
  5
10D3
330
FAE
100
AcDbSymbolTableRecord
100
AcDbLayerTableRecord
  2
Shape275
 70
    0
 62
    7
  6
CONTINUOUS
  0
LAYER
  5
10D4
330
FAE
100
AcDbSymbolTableRecord
100
AcDbLayerTableRecord
  2
Shape276
 70
    0
 62
    7
  6
CONTINUOUS
  0
LAYER
  5
10D5
330
FAE
100
AcDbSymbolTableRecord
100
AcDbLayerTableRecord
  2
Shape277
 70
    0
 62
    7
  6
CONTINUOUS
  0
LAYER
  5
10D6
330
FAE
100
AcDbSymbolTableRecord
100
AcDbLayerTableRecord
  2
Shape278
 70
    0
 62
    7
  6
CONTINUOUS
  0
LAYER
  5
10D7
330
FAE
100
AcDbSymbolTableRecord
100
AcDbLayerTableRecord
  2
Shape279
 70
    0
 62
    7
  6
CONTINUOUS
  0
LAYER
  5
10D8
330
FAE
100
AcDbSymbolTableRecord
100
AcDbLayerTableRecord
  2
Shape280
 70
    0
 62
    7
  6
CONTINUOUS
  0
LAYER
  5
10D9
330
FAE
100
AcDbSymbolTableRecord
100
AcDbLayerTableRecord
  2
Shape281
 70
    0
 62
    7
  6
CONTINUOUS
  0
LAYER
  5
10DA
330
FAE
100
AcDbSymbolTableRecord
100
AcDbLayerTableRecord
  2
Shape282
 70
    0
 62
    7
  6
CONTINUOUS
  0
LAYER
  5
10DB
330
FAE
100
AcDbSymbolTableRecord
100
AcDbLayerTableRecord
  2
Shape283
 70
    0
 62
    7
  6
CONTINUOUS
  0
LAYER
  5
10DC
330
FAE
100
AcDbSymbolTableRecord
100
AcDbLayerTableRecord
  2
Shape284
 70
    0
 62
    7
  6
CONTINUOUS
  0
LAYER
  5
10DD
330
FAE
100
AcDbSymbolTableRecord
100
AcDbLayerTableRecord
  2
BLOCK_monitor_barw
 70
    0
 62
    7
  6
CONTINUOUS
  0
LAYER
  5
10DE
330
FAE
100
AcDbSymbolTableRecord
100
AcDbLayerTableRecord
  2
BLOCK_reference_block
 70
    0
 62
    7
  6
CONTINUOUS
  0
LAYER
  5
10DF
330
FAE
100
AcDbSymbolTableRecord
100
AcDbLayerTableRecord
  2
Shape285
 70
    0
 62
    7
  6
CONTINUOUS
  0
LAYER
  5
10E0
330
FAE
100
AcDbSymbolTableRecord
100
AcDbLayerTableRecord
  2
Shape286
 70
    0
 62
    7
  6
CONTINUOUS
  0
LAYER
  5
10E1
330
FAE
100
AcDbSymbolTableRecord
100
AcDbLayerTableRecord
  2
Shape287
 70
    0
 62
    7
  6
CONTINUOUS
  0
LAYER
  5
10E2
330
FAE
100
AcDbSymbolTableRecord
100
AcDbLayerTableRecord
  2
Shape288
 70
    0
 62
    7
  6
CONTINUOUS
  0
LAYER
  5
10E3
330
FAE
100
AcDbSymbolTableRecord
100
AcDbLayerTableRecord
  2
BLOCK_side_panel
 70
    0
 62
    7
  6
CONTINUOUS
  0
LAYER
  5
10E4
330
FAE
100
AcDbSymbolTableRecord
100
AcDbLayerTableRecord
  2
Shape289
 70
    0
 62
    7
  6
CONTINUOUS
  0
LAYER
  5
10E5
330
FAE
100
AcDbSymbolTableRecord
100
AcDbLayerTableRecord
  2
Shape290
 70
    0
 62
    7
  6
CONTINUOUS
  0
LAYER
  5
10E6
330
FAE
100
AcDbSymbolTableRecord
100
AcDbLayerTableRecord
  2
Shape291
 70
    0
 62
    7
  6
CONTINUOUS
  0
LAYER
  5
10E7
330
FAE
100
AcDbSymbolTableRecord
100
AcDbLayerTableRecord
  2
Shape292
 70
    0
 62
    7
  6
CONTINUOUS
  0
LAYER
  5
10E8
330
FAE
100
AcDbSymbolTableRecord
100
AcDbLayerTableRecord
  2
Shape293
 70
    0
 62
    7
  6
CONTINUOUS
  0
LAYER
  5
10E9
330
FAE
100
AcDbSymbolTableRecord
100
AcDbLayerTableRecord
  2
Shape294
 70
    0
 62
    7
  6
CONTINUOUS
  0
LAYER
  5
10EA
330
FAE
100
AcDbSymbolTableRecord
100
AcDbLayerTableRecord
  2
Shape295
 70
    0
 62
    7
  6
CONTINUOUS
  0
LAYER
  5
10EB
330
FAE
100
AcDbSymbolTableRecord
100
AcDbLayerTableRecord
  2
Shape296
 70
    0
 62
    7
  6
CONTINUOUS
  0
LAYER
  5
10EC
330
FAE
100
AcDbSymbolTableRecord
100
AcDbLayerTableRecord
  2
Shape297
 70
    0
 62
    7
  6
CONTINUOUS
  0
LAYER
  5
10ED
330
FAE
100
AcDbSymbolTableRecord
100
AcDbLayerTableRecord
  2
Shape298
 70
    0
 62
    7
  6
CONTINUOUS
  0
LAYER
  5
10EE
330
FAE
100
AcDbSymbolTableRecord
100
AcDbLayerTableRecord
  2
Shape299
 70
    0
 62
    7
  6
CONTINUOUS
  0
LAYER
  5
10EF
330
FAE
100
AcDbSymbolTableRecord
100
AcDbLayerTableRecord
  2
Shape300
 70
    0
 62
    7
  6
CONTINUOUS
  0
LAYER
  5
10F0
330
FAE
100
AcDbSymbolTableRecord
100
AcDbLayerTableRecord
  2
Shape301
 70
    0
 62
    7
  6
CONTINUOUS
  0
LAYER
  5
10F1
330
FAE
100
AcDbSymbolTableRecord
100
AcDbLayerTableRecord
  2
BLOCK_speaker_panel
 70
    0
 62
    7
  6
CONTINUOUS
  0
LAYER
  5
10F2
330
FAE
100
AcDbSymbolTableRecord
100
AcDbLayerTableRecord
  2
Shape302
 70
    0
 62
    7
  6
CONTINUOUS
  0
LAYER
  5
10F3
330
FAE
100
AcDbSymbolTableRecord
100
AcDbLayerTableRecord
  2
Shape303
 70
    0
 62
    7
  6
CONTINUOUS
  0
LAYER
  5
10F4
330
FAE
100
AcDbSymbolTableRecord
100
AcDbLayerTableRecord
  2
Shape304
 70
    0
 62
    7
  6
CONTINUOUS
  0
LAYER
  5
10F5
330
FAE
100
AcDbSymbolTableRecord
100
AcDbLayerTableRecord
  2
Shape305
 70
    0
 62
    7
  6
CONTINUOUS
  0
LAYER
  5
10F6
330
FAE
100
AcDbSymbolTableRecord
100
AcDbLayerTableRecord
  2
Shape306
 70
    0
 62
    7
  6
CONTINUOUS
  0
LAYER
  5
10F7
330
FAE
100
AcDbSymbolTableRecord
100
AcDbLayerTableRecord
  2
Shape307
 70
    0
 62
    7
  6
CONTINUOUS
  0
LAYER
  5
10F8
330
FAE
100
AcDbSymbolTableRecord
100
AcDbLayerTableRecord
  2
Shape308
 70
    0
 62
    7
  6
CONTINUOUS
  0
LAYER
  5
10F9
330
FAE
100
AcDbSymbolTableRecord
100
AcDbLayerTableRecord
  2
Shape309
 70
    0
 62
    7
  6
CONTINUOUS
  0
LAYER
  5
10FA
330
FAE
100
AcDbSymbolTableRecord
100
AcDbLayerTableRecord
  2
Shape310
 70
    0
 62
    7
  6
CONTINUOUS
  0
LAYER
  5
10FB
330
FAE
100
AcDbSymbolTableRecord
100
AcDbLayerTableRecord
  2
Shape311
 70
    0
 62
    7
  6
CONTINUOUS
  0
LAYER
  5
10FC
330
FAE
100
AcDbSymbolTableRecord
100
AcDbLayerTableRecord
  2
Shape312
 70
    0
 62
    7
  6
CONTINUOUS
  0
LAYER
  5
10FD
330
FAE
100
AcDbSymbolTableRecord
100
AcDbLayerTableRecord
  2
Shape313
 70
    0
 62
    7
  6
CONTINUOUS
  0
LAYER
  5
10FE
330
FAE
100
AcDbSymbolTableRecord
100
AcDbLayerTableRecord
  2
Shape314
 70
    0
 62
    7
  6
CONTINUOUS
  0
LAYER
  5
10FF
330
FAE
100
AcDbSymbolTableRecord
100
AcDbLayerTableRecord
  2
Shape315
 70
    0
 62
    7
  6
CONTINUOUS
  0
LAYER
  5
1100
330
FAE
100
AcDbSymbolTableRecord
100
AcDbLayerTableRecord
  2
Shape316
 70
    0
 62
    7
  6
CONTINUOUS
  0
LAYER
  5
1101
330
FAE
100
AcDbSymbolTableRecord
100
AcDbLayerTableRecord
  2
Shape317
 70
    0
 62
    7
  6
CONTINUOUS
  0
LAYER
  5
1102
330
FAE
100
AcDbSymbolTableRecord
100
AcDbLayerTableRecord
  2
Shape318
 70
    0
 62
    7
  6
CONTINUOUS
  0
LAYER
  5
1103
330
FAE
100
AcDbSymbolTableRecord
100
AcDbLayerTableRecord
  2
Shape319
 70
    0
 62
    7
  6
CONTINUOUS
  0
LAYER
  5
1104
330
FAE
100
AcDbSymbolTableRecord
100
AcDbLayerTableRecord
  2
Shape320
 70
    0
 62
    7
  6
CONTINUOUS
  0
LAYER
  5
1105
330
FAE
100
AcDbSymbolTableRecord
100
AcDbLayerTableRecord
  2
Shape321
 70
    0
 62
    7
  6
CONTINUOUS
  0
LAYER
  5
1106
330
FAE
100
AcDbSymbolTableRecord
100
AcDbLayerTableRecord
  2
Shape322
 70
    0
 62
    7
  6
CONTINUOUS
  0
LAYER
  5
1107
330
FAE
100
AcDbSymbolTableRecord
100
AcDbLayerTableRecord
  2
Shape323
 70
    0
 62
    7
  6
CONTINUOUS
  0
LAYER
  5
1108
330
FAE
100
AcDbSymbolTableRecord
100
AcDbLayerTableRecord
  2
Shape324
 70
    0
 62
    7
  6
CONTINUOUS
  0
LAYER
  5
1109
330
FAE
100
AcDbSymbolTableRecord
100
AcDbLayerTableRecord
  2
Shape325
 70
    0
 62
    7
  6
CONTINUOUS
  0
LAYER
  5
110A
330
FAE
100
AcDbSymbolTableRecord
100
AcDbLayerTableRecord
  2
Shape326
 70
    0
 62
    7
  6
CONTINUOUS
  0
LAYER
  5
110B
330
FAE
100
AcDbSymbolTableRecord
100
AcDbLayerTableRecord
  2
Shape327
 70
    0
 62
    7
  6
CONTINUOUS
  0
LAYER
  5
110C
330
FAE
100
AcDbSymbolTableRecord
100
AcDbLayerTableRecord
  2
Shape328
 70
    0
 62
    7
  6
CONTINUOUS
  0
LAYER
  5
110D
330
FAE
100
AcDbSymbolTableRecord
100
AcDbLayerTableRecord
  2
Shape329
 70
    0
 62
    7
  6
CONTINUOUS
  0
LAYER
  5
110E
330
FAE
100
AcDbSymbolTableRecord
100
AcDbLayerTableRecord
  2
Shape330
 70
    0
 62
    7
  6
CONTINUOUS
  0
LAYER
  5
110F
330
FAE
100
AcDbSymbolTableRecord
100
AcDbLayerTableRecord
  2
Shape331
 70
    0
 62
    7
  6
CONTINUOUS
  0
LAYER
  5
1110
330
FAE
100
AcDbSymbolTableRecord
100
AcDbLayerTableRecord
  2
Shape332
 70
    0
 62
    7
  6
CONTINUOUS
  0
LAYER
  5
1111
330
FAE
100
AcDbSymbolTableRecord
100
AcDbLayerTableRecord
  2
Shape333
 70
    0
 62
    7
  6
CONTINUOUS
  0
LAYER
  5
1112
330
FAE
100
AcDbSymbolTableRecord
100
AcDbLayerTableRecord
  2
Shape334
 70
    0
 62
    7
  6
CONTINUOUS
  0
LAYER
  5
1113
330
FAE
100
AcDbSymbolTableRecord
100
AcDbLayerTableRecord
  2
Shape335
 70
    0
 62
    7
  6
CONTINUOUS
  0
LAYER
  5
1114
330
FAE
100
AcDbSymbolTableRecord
100
AcDbLayerTableRecord
  2
Shape336
 70
    0
 62
    7
  6
CONTINUOUS
  0
LAYER
  5
1115
330
FAE
100
AcDbSymbolTableRecord
100
AcDbLayerTableRecord
  2
Shape337
 70
    0
 62
    7
  6
CONTINUOUS
  0
LAYER
  5
1116
330
FAE
100
AcDbSymbolTableRecord
100
AcDbLayerTableRecord
  2
Shape338
 70
    0
 62
    7
  6
CONTINUOUS
  0
LAYER
  5
1117
330
FAE
100
AcDbSymbolTableRecord
100
AcDbLayerTableRecord
  2
Shape339
 70
    0
 62
    7
  6
CONTINUOUS
  0
LAYER
  5
1118
330
FAE
100
AcDbSymbolTableRecord
100
AcDbLayerTableRecord
  2
Shape340
 70
    0
 62
    7
  6
CONTINUOUS
  0
LAYER
  5
1119
330
FAE
100
AcDbSymbolTableRecord
100
AcDbLayerTableRecord
  2
Shape341
 70
    0
 62
    7
  6
CONTINUOUS
  0
LAYER
  5
111A
330
FAE
100
AcDbSymbolTableRecord
100
AcDbLayerTableRecord
  2
Shape342
 70
    0
 62
    7
  6
CONTINUOUS
  0
LAYER
  5
111B
330
FAE
100
AcDbSymbolTableRecord
100
AcDbLayerTableRecord
  2
Shape343
 70
    0
 62
    7
  6
CONTINUOUS
  0
LAYER
  5
111C
330
FAE
100
AcDbSymbolTableRecord
100
AcDbLayerTableRecord
  2
Shape344
 70
    0
 62
    7
  6
CONTINUOUS
  0
LAYER
  5
111D
330
FAE
100
AcDbSymbolTableRecord
100
AcDbLayerTableRecord
  2
Shape345
 70
    0
 62
    7
  6
CONTINUOUS
  0
LAYER
  5
111E
330
FAE
100
AcDbSymbolTableRecord
100
AcDbLayerTableRecord
  2
Shape346
 70
    0
 62
    7
  6
CONTINUOUS
  0
LAYER
  5
111F
330
FAE
100
AcDbSymbolTableRecord
100
AcDbLayerTableRecord
  2
Shape347
 70
    0
 62
    7
  6
CONTINUOUS
  0
LAYER
  5
1120
330
FAE
100
AcDbSymbolTableRecord
100
AcDbLayerTableRecord
  2
Shape348
 70
    0
 62
    7
  6
CONTINUOUS
  0
LAYER
  5
1121
330
FAE
100
AcDbSymbolTableRecord
100
AcDbLayerTableRecord
  2
Shape349
 70
    0
 62
    7
  6
CONTINUOUS
  0
LAYER
  5
1122
330
FAE
100
AcDbSymbolTableRecord
100
AcDbLayerTableRecord
  2
Shape350
 70
    0
 62
    7
  6
CONTINUOUS
  0
LAYER
  5
1123
330
FAE
100
AcDbSymbolTableRecord
100
AcDbLayerTableRecord
  2
Shape351
 70
    0
 62
    7
  6
CONTINUOUS
  0
LAYER
  5
1124
330
FAE
100
AcDbSymbolTableRecord
100
AcDbLayerTableRecord
  2
Shape352
 70
    0
 62
    7
  6
CONTINUOUS
  0
LAYER
  5
1125
330
FAE
100
AcDbSymbolTableRecord
100
AcDbLayerTableRecord
  2
Shape353
 70
    0
 62
    7
  6
CONTINUOUS
  0
LAYER
  5
1126
330
FAE
100
AcDbSymbolTableRecord
100
AcDbLayerTableRecord
  2
Shape354
 70
    0
 62
    7
  6
CONTINUOUS
  0
LAYER
  5
1127
330
FAE
100
AcDbSymbolTableRecord
100
AcDbLayerTableRecord
  2
Shape355
 70
    0
 62
    7
  6
CONTINUOUS
  0
LAYER
  5
1128
330
FAE
100
AcDbSymbolTableRecord
100
AcDbLayerTableRecord
  2
Shape356
 70
    0
 62
    7
  6
CONTINUOUS
  0
LAYER
  5
1129
330
FAE
100
AcDbSymbolTableRecord
100
AcDbLayerTableRecord
  2
Shape357
 70
    0
 62
    7
  6
CONTINUOUS
  0
LAYER
  5
112A
330
FAE
100
AcDbSymbolTableRecord
100
AcDbLayerTableRecord
  2
Shape358
 70
    0
 62
    7
  6
CONTINUOUS
  0
LAYER
  5
112B
330
FAE
100
AcDbSymbolTableRecord
100
AcDbLayerTableRecord
  2
Shape359
 70
    0
 62
    7
  6
CONTINUOUS
  0
LAYER
  5
112C
330
FAE
100
AcDbSymbolTableRecord
100
AcDbLayerTableRecord
  2
Shape360
 70
    0
 62
    7
  6
CONTINUOUS
  0
LAYER
  5
112D
330
FAE
100
AcDbSymbolTableRecord
100
AcDbLayerTableRecord
  2
Shape361
 70
    0
 62
    7
  6
CONTINUOUS
  0
LAYER
  5
112E
330
FAE
100
AcDbSymbolTableRecord
100
AcDbLayerTableRecord
  2
Shape362
 70
    0
 62
    7
  6
CONTINUOUS
  0
LAYER
  5
112F
330
FAE
100
AcDbSymbolTableRecord
100
AcDbLayerTableRecord
  2
Shape363
 70
    0
 62
    7
  6
CONTINUOUS
  0
LAYER
  5
1130
330
FAE
100
AcDbSymbolTableRecord
100
AcDbLayerTableRecord
  2
Shape364
 70
    0
 62
    7
  6
CONTINUOUS
  0
LAYER
  5
1131
330
FAE
100
AcDbSymbolTableRecord
100
AcDbLayerTableRecord
  2
Shape365
 70
    0
 62
    7
  6
CONTINUOUS
  0
LAYER
  5
1132
330
FAE
100
AcDbSymbolTableRecord
100
AcDbLayerTableRecord
  2
Shape366
 70
    0
 62
    7
  6
CONTINUOUS
  0
LAYER
  5
1133
330
FAE
100
AcDbSymbolTableRecord
100
AcDbLayerTableRecord
  2
Shape367
 70
    0
 62
    7
  6
CONTINUOUS
  0
LAYER
  5
1134
330
FAE
100
AcDbSymbolTableRecord
100
AcDbLayerTableRecord
  2
Shape368
 70
    0
 62
    7
  6
CONTINUOUS
  0
LAYER
  5
1135
330
FAE
100
AcDbSymbolTableRecord
100
AcDbLayerTableRecord
  2
Shape369
 70
    0
 62
    7
  6
CONTINUOUS
  0
LAYER
  5
1136
330
FAE
100
AcDbSymbolTableRecord
100
AcDbLayerTableRecord
  2
Shape370
 70
    0
 62
    7
  6
CONTINUOUS
  0
LAYER
  5
1137
330
FAE
100
AcDbSymbolTableRecord
100
AcDbLayerTableRecord
  2
Shape371
 70
    0
 62
    7
  6
CONTINUOUS
  0
LAYER
  5
1138
330
FAE
100
AcDbSymbolTableRecord
100
AcDbLayerTableRecord
  2
Shape372
 70
    0
 62
    7
  6
CONTINUOUS
  0
LAYER
  5
1139
330
FAE
100
AcDbSymbolTableRecord
100
AcDbLayerTableRecord
  2
Shape373
 70
    0
 62
    7
  6
CONTINUOUS
  0
LAYER
  5
113A
330
FAE
100
AcDbSymbolTableRecord
100
AcDbLayerTableRecord
  2
Shape374
 70
    0
 62
    7
  6
CONTINUOUS
  0
LAYER
  5
113B
330
FAE
100
AcDbSymbolTableRecord
100
AcDbLayerTableRecord
  2
Shape375
 70
    0
 62
    7
  6
CONTINUOUS
  0
LAYER
  5
113C
330
FAE
100
AcDbSymbolTableRecord
100
AcDbLayerTableRecord
  2
Shape376
 70
    0
 62
    7
  6
CONTINUOUS
  0
LAYER
  5
113D
330
FAE
100
AcDbSymbolTableRecord
100
AcDbLayerTableRecord
  2
Shape377
 70
    0
 62
    7
  6
CONTINUOUS
  0
LAYER
  5
113E
330
FAE
100
AcDbSymbolTableRecord
100
AcDbLayerTableRecord
  2
Shape378
 70
    0
 62
    7
  6
CONTINUOUS
  0
LAYER
  5
113F
330
FAE
100
AcDbSymbolTableRecord
100
AcDbLayerTableRecord
  2
Shape379
 70
    0
 62
    7
  6
CONTINUOUS
  0
LAYER
  5
1140
330
FAE
100
AcDbSymbolTableRecord
100
AcDbLayerTableRecord
  2
Shape380
 70
    0
 62
    7
  6
CONTINUOUS
  0
LAYER
  5
1141
330
FAE
100
AcDbSymbolTableRecord
100
AcDbLayerTableRecord
  2
Shape381
 70
    0
 62
    7
  6
CONTINUOUS
  0
LAYER
  5
1142
330
FAE
100
AcDbSymbolTableRecord
100
AcDbLayerTableRecord
  2
Shape382
 70
    0
 62
    7
  6
CONTINUOUS
  0
LAYER
  5
1143
330
FAE
100
AcDbSymbolTableRecord
100
AcDbLayerTableRecord
  2
Shape383
 70
    0
 62
    7
  6
CONTINUOUS
  0
LAYER
  5
1144
330
FAE
100
AcDbSymbolTableRecord
100
AcDbLayerTableRecord
  2
Shape384
 70
    0
 62
    7
  6
CONTINUOUS
  0
LAYER
  5
1145
330
FAE
100
AcDbSymbolTableRecord
100
AcDbLayerTableRecord
  2
Shape385
 70
    0
 62
    7
  6
CONTINUOUS
  0
LAYER
  5
1146
330
FAE
100
AcDbSymbolTableRecord
100
AcDbLayerTableRecord
  2
Shape386
 70
    0
 62
    7
  6
CONTINUOUS
  0
LAYER
  5
1147
330
FAE
100
AcDbSymbolTableRecord
100
AcDbLayerTableRecord
  2
Shape387
 70
    0
 62
    7
  6
CONTINUOUS
  0
LAYER
  5
1148
330
FAE
100
AcDbSymbolTableRecord
100
AcDbLayerTableRecord
  2
Shape388
 70
    0
 62
    7
  6
CONTINUOUS
  0
LAYER
  5
1149
330
FAE
100
AcDbSymbolTableRecord
100
AcDbLayerTableRecord
  2
Shape389
 70
    0
 62
    7
  6
CONTINUOUS
  0
LAYER
  5
114A
330
FAE
100
AcDbSymbolTableRecord
100
AcDbLayerTableRecord
  2
Shape390
 70
    0
 62
    7
  6
CONTINUOUS
  0
LAYER
  5
114B
330
FAE
100
AcDbSymbolTableRecord
100
AcDbLayerTableRecord
  2
Shape391
 70
    0
 62
    7
  6
CONTINUOUS
  0
LAYER
  5
114C
330
FAE
100
AcDbSymbolTableRecord
100
AcDbLayerTableRecord
  2
Shape392
 70
    0
 62
    7
  6
CONTINUOUS
  0
LAYER
  5
114D
330
FAE
100
AcDbSymbolTableRecord
100
AcDbLayerTableRecord
  2
Shape393
 70
    0
 62
    7
  6
CONTINUOUS
  0
LAYER
  5
114E
330
FAE
100
AcDbSymbolTableRecord
100
AcDbLayerTableRecord
  2
Shape394
 70
    0
 62
    7
  6
CONTINUOUS
  0
LAYER
  5
114F
330
FAE
100
AcDbSymbolTableRecord
100
AcDbLayerTableRecord
  2
Shape395
 70
    0
 62
    7
  6
CONTINUOUS
  0
LAYER
  5
1150
330
FAE
100
AcDbSymbolTableRecord
100
AcDbLayerTableRecord
  2
Shape396
 70
    0
 62
    7
  6
CONTINUOUS
  0
LAYER
  5
1151
330
FAE
100
AcDbSymbolTableRecord
100
AcDbLayerTableRecord
  2
Shape397
 70
    0
 62
    7
  6
CONTINUOUS
  0
LAYER
  5
1152
330
FAE
100
AcDbSymbolTableRecord
100
AcDbLayerTableRecord
  2
Shape398
 70
    0
 62
    7
  6
CONTINUOUS
  0
LAYER
  5
1153
330
FAE
100
AcDbSymbolTableRecord
100
AcDbLayerTableRecord
  2
Shape399
 70
    0
 62
    7
  6
CONTINUOUS
  0
LAYER
  5
1154
330
FAE
100
AcDbSymbolTableRecord
100
AcDbLayerTableRecord
  2
Shape400
 70
    0
 62
    7
  6
CONTINUOUS
  0
LAYER
  5
1155
330
FAE
100
AcDbSymbolTableRecord
100
AcDbLayerTableRecord
  2
Shape401
 70
    0
 62
    7
  6
CONTINUOUS
  0
LAYER
  5
1156
330
FAE
100
AcDbSymbolTableRecord
100
AcDbLayerTableRecord
  2
Shape402
 70
    0
 62
    7
  6
CONTINUOUS
  0
LAYER
  5
1157
330
FAE
100
AcDbSymbolTableRecord
100
AcDbLayerTableRecord
  2
Shape403
 70
    0
 62
    7
  6
CONTINUOUS
  0
LAYER
  5
1158
330
FAE
100
AcDbSymbolTableRecord
100
AcDbLayerTableRecord
  2
Shape404
 70
    0
 62
    7
  6
CONTINUOUS
  0
LAYER
  5
1159
330
FAE
100
AcDbSymbolTableRecord
100
AcDbLayerTableRecord
  2
Shape405
 70
    0
 62
    7
  6
CONTINUOUS
  0
LAYER
  5
115A
330
FAE
100
AcDbSymbolTableRecord
100
AcDbLayerTableRecord
  2
Shape406
 70
    0
 62
    7
  6
CONTINUOUS
  0
LAYER
  5
115B
330
FAE
100
AcDbSymbolTableRecord
100
AcDbLayerTableRecord
  2
Shape407
 70
    0
 62
    7
  6
CONTINUOUS
  0
LAYER
  5
115C
330
FAE
100
AcDbSymbolTableRecord
100
AcDbLayerTableRecord
  2
Shape408
 70
    0
 62
    7
  6
CONTINUOUS
  0
LAYER
  5
115D
330
FAE
100
AcDbSymbolTableRecord
100
AcDbLayerTableRecord
  2
Shape409
 70
    0
 62
    7
  6
CONTINUOUS
  0
LAYER
  5
115E
330
FAE
100
AcDbSymbolTableRecord
100
AcDbLayerTableRecord
  2
Shape410
 70
    0
 62
    7
  6
CONTINUOUS
  0
LAYER
  5
115F
330
FAE
100
AcDbSymbolTableRecord
100
AcDbLayerTableRecord
  2
Shape411
 70
    0
 62
    7
  6
CONTINUOUS
  0
LAYER
  5
1160
330
FAE
100
AcDbSymbolTableRecord
100
AcDbLayerTableRecord
  2
Shape412
 70
    0
 62
    7
  6
CONTINUOUS
  0
LAYER
  5
1161
330
FAE
100
AcDbSymbolTableRecord
100
AcDbLayerTableRecord
  2
Shape413
 70
    0
 62
    7
  6
CONTINUOUS
  0
LAYER
  5
1162
330
FAE
100
AcDbSymbolTableRecord
100
AcDbLayerTableRecord
  2
Shape414
 70
    0
 62
    7
  6
CONTINUOUS
  0
LAYER
  5
1163
330
FAE
100
AcDbSymbolTableRecord
100
AcDbLayerTableRecord
  2
Shape415
 70
    0
 62
    7
  6
CONTINUOUS
  0
LAYER
  5
1164
330
FAE
100
AcDbSymbolTableRecord
100
AcDbLayerTableRecord
  2
Shape416
 70
    0
 62
    7
  6
CONTINUOUS
  0
LAYER
  5
1165
330
FAE
100
AcDbSymbolTableRecord
100
AcDbLayerTableRecord
  2
Shape417
 70
    0
 62
    7
  6
CONTINUOUS
  0
LAYER
  5
1166
330
FAE
100
AcDbSymbolTableRecord
100
AcDbLayerTableRecord
  2
Shape418
 70
    0
 62
    7
  6
CONTINUOUS
  0
LAYER
  5
1167
330
FAE
100
AcDbSymbolTableRecord
100
AcDbLayerTableRecord
  2
Shape419
 70
    0
 62
    7
  6
CONTINUOUS
  0
LAYER
  5
1168
330
FAE
100
AcDbSymbolTableRecord
100
AcDbLayerTableRecord
  2
Shape420
 70
    0
 62
    7
  6
CONTINUOUS
  0
LAYER
  5
1169
330
FAE
100
AcDbSymbolTableRecord
100
AcDbLayerTableRecord
  2
Shape421
 70
    0
 62
    7
  6
CONTINUOUS
  0
LAYER
  5
116A
330
FAE
100
AcDbSymbolTableRecord
100
AcDbLayerTableRecord
  2
Shape422
 70
    0
 62
    7
  6
CONTINUOUS
  0
LAYER
  5
116B
330
FAE
100
AcDbSymbolTableRecord
100
AcDbLayerTableRecord
  2
Shape423
 70
    0
 62
    7
  6
CONTINUOUS
  0
LAYER
  5
116C
330
FAE
100
AcDbSymbolTableRecord
100
AcDbLayerTableRecord
  2
Shape424
 70
    0
 62
    7
  6
CONTINUOUS
  0
LAYER
  5
116D
330
FAE
100
AcDbSymbolTableRecord
100
AcDbLayerTableRecord
  2
Shape425
 70
    0
 62
    7
  6
CONTINUOUS
  0
LAYER
  5
116E
330
FAE
100
AcDbSymbolTableRecord
100
AcDbLayerTableRecord
  2
BLOCK_top
 70
    0
 62
    7
  6
CONTINUOUS
  0
LAYER
  5
116F
330
FAE
100
AcDbSymbolTableRecord
100
AcDbLayerTableRecord
  2
Shape426
 70
    0
 62
    7
  6
CONTINUOUS
  0
LAYER
  5
1170
330
FAE
100
AcDbSymbolTableRecord
100
AcDbLayerTableRecord
  2
Shape427
 70
    0
 62
    7
  6
CONTINUOUS
  0
LAYER
  5
1171
330
FAE
100
AcDbSymbolTableRecord
100
AcDbLayerTableRecord
  2
Shape428
 70
    0
 62
    7
  6
CONTINUOUS
  0
LAYER
  5
1172
330
FAE
100
AcDbSymbolTableRecord
100
AcDbLayerTableRecord
  2
Shape429
 70
    0
 62
    7
  6
CONTINUOUS
  0
LAYER
  5
1173
330
FAE
100
AcDbSymbolTableRecord
100
AcDbLayerTableRecord
  2
BLOCK_w
 70
    0
 62
    7
  6
CONTINUOUS
  0
LAYER
  5
1174
330
FAE
100
AcDbSymbolTableRecord
100
AcDbLayerTableRecord
  2
Shape430
 70
    0
 62
    7
  6
CONTINUOUS
  0
LAYER
  5
1175
330
FAE
100
AcDbSymbolTableRecord
100
AcDbLayerTableRecord
  2
Shape431
 70
    0
 62
    7
  6
CONTINUOUS
  0
LAYER
  5
1176
330
FAE
100
AcDbSymbolTableRecord
100
AcDbLayerTableRecord
  2
Shape432
 70
    0
 62
    7
  6
CONTINUOUS
  0
LAYER
  5
1177
330
FAE
100
AcDbSymbolTableRecord
100
AcDbLayerTableRecord
  2
Shape433
 70
    0
 62
    7
  6
CONTINUOUS
  0
ENDTAB
  0
TABLE
  2
STYLE
  5
70
330
0
100
AcDbSymbolTable
 70
     2
  0
STYLE
  5
71
330
70
100
AcDbSymbolTableRecord
100
AcDbTextStyleTableRecord
  2
STANDARD
 70
     0
 40
0.0
 41
1.0
 50
0.0
 71
     0
 42
2.5
  3
arial.ttf
  4

  0
STYLE
  5
72
330
70
100
AcDbSymbolTableRecord
100
AcDbTextStyleTableRecord
  2
ANNOTATIVE
 70
     0
 40
0.0
 41
1.0
 50
0.0
 71
     0
 42
2.5
  3
arial.ttf
  4

  0
ENDTAB
  0
TABLE
  2
VIEW
  5
73
330
0
100
AcDbSymbolTable
 70
     0
  0
ENDTAB
  0
TABLE
  2
UCS
  5
74
330
0
100
AcDbSymbolTable
 70
     0
  0
ENDTAB
  0
TABLE
  2
APPID
  5
75
330
0
100
AcDbSymbolTable
 70
     2
  0
APPID
  5
76
330
75
100
AcDbSymbolTableRecord
100
AcDbRegAppTableRecord
  2
ACAD
 70
     0
  0
APPID
  5
77
330
75
100
AcDbSymbolTableRecord
100
AcDbRegAppTableRecord
  2
ACADANNOTATIVE
 70
     0
  0
ENDTAB
  0
TABLE
  2
DIMSTYLE
  5
78
330
0
100
AcDbSymbolTable
 70
     2
  0
DIMSTYLE
105
79
330
78
100
AcDbSymbolTableRecord
100
AcDbDimStyleTableRecord
  2
STANDARD
 70
     0
  3

  4

  5

  6

  7

 40
0.0
 41
2.5
 42
0.625
 43
3.75
 44
1.25
 45
0.0
 46
0.0
 47
0.0
 48
0.0
140
2.5
141
2.5
142
0.0
143
0.03937007874016
144
1.0
145
0.0
146
1.0
147
0.625
 71
     0
 72
     0
 73
     0
 74
     0
 75
     0
 76
     0
 77
     1
 78
     8
170
     0
171
     3
172
     1
173
     0
174
     0
175
     0
176
     0
177
     0
178
     0
270
     2
271
     2
272
     2
273
     2
274
     3
340
71
275
     0
280
     0
281
     0
282
     0
283
     0
284
     8
285
     0
286
     0
287
     3
288
     0
  0
ENDTAB
  0
TABLE
  2
BLOCK_RECORD
  5
A01
330
0
100
AcDbSymbolTable
  70
5
  0
BLOCK_RECORD
  5
A02
330
A01
100
AcDbSymbolTableRecord
100
AcDbBlockTableRecord
  2
*MODEL_SPACE
  0
BLOCK_RECORD
  5
A03
330
A01
100
AcDbSymbolTableRecord
100
AcDbBlockTableRecord
  2
*PAPER_SPACE
  0
ENDTAB
  0
ENDSEC
  0
SECTION
  2
BLOCKS
  0
BLOCK
  5
A04
330
A02
100
AcDbEntity
  8
0
100
AcDbBlockBegin
  2
*MODEL_SPACE
 70
   0
 10
0
 20
0
 30
0
  3
*MODEL_SPACE
  1
 
  0
ENDBLK
  5
A05
330
A02
100
AcDbEntity
  8
0
100
AcDbBlockEnd
  0
BLOCK
  5
A06
330
A03
100
AcDbEntity
 67
1
  8
0
100
AcDbBlockBegin
  2
*PAPER_SPACE
 70
   0
 10
0
 20
0
 30
0
  3
*PAPER_SPACE
  1
 
  0
ENDBLK
  5
A07
330
A03
100
AcDbEntity
 67
    1
  8
0
100
AcDbBlockEnd
  0
ENDSEC
  0
SECTION
  2
ENTITIES
  0
LINE
  5
A08
330
A02
100
AcDbEntity
  8
BLOCK_HOLE
100
AcDbLine
 10
0.000000000
 20
3.000000000
 30
0.000000000
 11
0.000000000
 21
-3.000000000
 31
0.000000000
  0
CIRCLE
  5
A09
330
A02
100
AcDbEntity
  8
BLOCK_HOLE
100
AcDbCircle
 10
0.000000000
 20
0.000000000
 30
0.000000000
 40
3.000000000
  0
LINE
  5
A0A
330
A02
100
AcDbEntity
  8
BLOCK_HOLE
100
AcDbLine
 10
-3.000000000
 20
0.000000000
 30
0.000000000
 11
3.000000000
 21
0.000000000
 31
0.000000000
  0
LINE
  5
A0B
330
A02
100
AcDbEntity
  8
Shape
100
AcDbLine
 10
0.000000000
 20
3.000000000
 30
0.000000000
 11
0.000000000
 21
-3.000000000
 31
0.000000000
  0
CIRCLE
  5
A0C
330
A02
100
AcDbEntity
  8
Shape001
100
AcDbCircle
 10
0.000000000
 20
0.000000000
 30
0.000000000
 40
3.000000000
  0
LINE
  5
A0D
330
A02
100
AcDbEntity
  8
Shape002
100
AcDbLine
 10
-3.000000000
 20
0.000000000
 30
0.000000000
 11
3.000000000
 21
0.000000000
 31
0.000000000
  0
CIRCLE
  5
A0E
330
A02
100
AcDbEntity
  8
BLOCK_back_panel
100
AcDbCircle
 10
1210.000000000
 20
860.412749121
 30
0.000000000
 40
4.000000000
  0
CIRCLE
  5
A0F
330
A02
100
AcDbEntity
  8
BLOCK_back_panel
100
AcDbCircle
 10
862.000000000
 20
825.412749121
 30
0.000000000
 40
14.000000000
  0
CIRCLE
  5
A10
330
A02
100
AcDbEntity
  8
BLOCK_back_panel
100
AcDbCircle
 10
862.000000000
 20
495.412749121
 30
0.000000000
 40
14.000000000
  0
LINE
  5
A11
330
A02
100
AcDbEntity
  8
BLOCK_back_panel
100
AcDbLine
 10
1220.000000000
 20
695.412749121
 30
0.000000000
 11
1150.000000000
 21
695.412749121
 31
0.000000000
  0
LINE
  5
A12
330
A02
100
AcDbEntity
  8
BLOCK_back_panel
100
AcDbLine
 10
1220.000000000
 20
625.412749121
 30
0.000000000
 11
1150.000000000
 21
625.412749121
 31
0.000000000
  0
LINE
  5
A13
330
A02
100
AcDbEntity
  8
BLOCK_back_panel
100
AcDbLine
 10
1150.000000000
 20
625.412749121
 30
0.000000000
 11
1150.000000000
 21
695.412749121
 31
0.000000000
  0
CIRCLE
  5
A14
330
A02
100
AcDbEntity
  8
BLOCK_back_panel
100
AcDbCircle
 10
1122.500000000
 20
830.412749121
 30
0.000000000
 40
5.000000000
  0
CIRCLE
  5
A15
330
A02
100
AcDbEntity
  8
BLOCK_back_panel
100
AcDbCircle
 10
1142.500000000
 20
830.412749121
 30
0.000000000
 40
5.000000000
  0
CIRCLE
  5
A16
330
A02
100
AcDbEntity
  8
BLOCK_back_panel
100
AcDbCircle
 10
1162.500000000
 20
830.412749121
 30
0.000000000
 40
5.000000000
  0
CIRCLE
  5
A17
330
A02
100
AcDbEntity
  8
BLOCK_back_panel
100
AcDbCircle
 10
1122.500000000
 20
810.412749121
 30
0.000000000
 40
5.000000000
  0
CIRCLE
  5
A18
330
A02
100
AcDbEntity
  8
BLOCK_back_panel
100
AcDbCircle
 10
1142.500000000
 20
810.412749121
 30
0.000000000
 40
5.000000000
  0
CIRCLE
  5
A19
330
A02
100
AcDbEntity
  8
BLOCK_back_panel
100
AcDbCircle
 10
1162.500000000
 20
810.412749121
 30
0.000000000
 40
5.000000000
  0
CIRCLE
  5
A1A
330
A02
100
AcDbEntity
  8
BLOCK_back_panel
100
AcDbCircle
 10
1122.500000000
 20
790.412749121
 30
0.000000000
 40
5.000000000
  0
CIRCLE
  5
A1B
330
A02
100
AcDbEntity
  8
BLOCK_back_panel
100
AcDbCircle
 10
1142.500000000
 20
790.412749121
 30
0.000000000
 40
5.000000000
  0
CIRCLE
  5
A1C
330
A02
100
AcDbEntity
  8
BLOCK_back_panel
100
AcDbCircle
 10
1162.500000000
 20
790.412749121
 30
0.000000000
 40
5.000000000
  0
CIRCLE
  5
A1D
330
A02
100
AcDbEntity
  8
BLOCK_back_panel
100
AcDbCircle
 10
1162.500000000
 20
770.412749121
 30
0.000000000
 40
5.000000000
  0
CIRCLE
  5
A1E
330
A02
100
AcDbEntity
  8
BLOCK_back_panel
100
AcDbCircle
 10
1142.500000000
 20
770.412749121
 30
0.000000000
 40
5.000000000
  0
CIRCLE
  5
A1F
330
A02
100
AcDbEntity
  8
BLOCK_back_panel
100
AcDbCircle
 10
1122.500000000
 20
770.412749121
 30
0.000000000
 40
5.000000000
  0
CIRCLE
  5
A20
330
A02
100
AcDbEntity
  8
BLOCK_back_panel
100
AcDbCircle
 10
1122.500000000
 20
750.412749121
 30
0.000000000
 40
5.000000000
  0
CIRCLE
  5
A21
330
A02
100
AcDbEntity
  8
BLOCK_back_panel
100
AcDbCircle
 10
1142.500000000
 20
750.412749121
 30
0.000000000
 40
5.000000000
  0
CIRCLE
  5
A22
330
A02
100
AcDbEntity
  8
BLOCK_back_panel
100
AcDbCircle
 10
1162.500000000
 20
750.412749121
 30
0.000000000
 40
5.000000000
  0
CIRCLE
  5
A23
330
A02
100
AcDbEntity
  8
BLOCK_back_panel
100
AcDbCircle
 10
1162.500000000
 20
730.412749121
 30
0.000000000
 40
5.000000000
  0
CIRCLE
  5
A24
330
A02
100
AcDbEntity
  8
BLOCK_back_panel
100
AcDbCircle
 10
1142.500000000
 20
730.412749121
 30
0.000000000
 40
5.000000000
  0
CIRCLE
  5
A25
330
A02
100
AcDbEntity
  8
BLOCK_back_panel
100
AcDbCircle
 10
1122.500000000
 20
730.412749121
 30
0.000000000
 40
5.000000000
  0
CIRCLE
  5
A26
330
A02
100
AcDbEntity
  8
BLOCK_back_panel
100
AcDbCircle
 10
1122.500000000
 20
710.412749121
 30
0.000000000
 40
5.000000000
  0
CIRCLE
  5
A27
330
A02
100
AcDbEntity
  8
BLOCK_back_panel
100
AcDbCircle
 10
1122.500000000
 20
690.412749121
 30
0.000000000
 40
5.000000000
  0
CIRCLE
  5
A28
330
A02
100
AcDbEntity
  8
BLOCK_back_panel
100
AcDbCircle
 10
1122.500000000
 20
610.412749121
 30
0.000000000
 40
5.000000000
  0
CIRCLE
  5
A29
330
A02
100
AcDbEntity
  8
BLOCK_back_panel
100
AcDbCircle
 10
1122.500000000
 20
670.412749121
 30
0.000000000
 40
5.000000000
  0
CIRCLE
  5
A2A
330
A02
100
AcDbEntity
  8
BLOCK_back_panel
100
AcDbCircle
 10
1122.500000000
 20
650.412749121
 30
0.000000000
 40
5.000000000
  0
CIRCLE
  5
A2B
330
A02
100
AcDbEntity
  8
BLOCK_back_panel
100
AcDbCircle
 10
1122.500000000
 20
630.412749121
 30
0.000000000
 40
5.000000000
  0
CIRCLE
  5
A2C
330
A02
100
AcDbEntity
  8
BLOCK_back_panel
100
AcDbCircle
 10
1122.500000000
 20
570.412749121
 30
0.000000000
 40
5.000000000
  0
CIRCLE
  5
A2D
330
A02
100
AcDbEntity
  8
BLOCK_back_panel
100
AcDbCircle
 10
1142.500000000
 20
570.412749121
 30
0.000000000
 40
5.000000000
  0
CIRCLE
  5
A2E
330
A02
100
AcDbEntity
  8
BLOCK_back_panel
100
AcDbCircle
 10
1162.500000000
 20
570.412749121
 30
0.000000000
 40
5.000000000
  0
CIRCLE
  5
A2F
330
A02
100
AcDbEntity
  8
BLOCK_back_panel
100
AcDbCircle
 10
1162.500000000
 20
590.412749121
 30
0.000000000
 40
5.000000000
  0
CIRCLE
  5
A30
330
A02
100
AcDbEntity
  8
BLOCK_back_panel
100
AcDbCircle
 10
1142.500000000
 20
590.412749121
 30
0.000000000
 40
5.000000000
  0
CIRCLE
  5
A31
330
A02
100
AcDbEntity
  8
BLOCK_back_panel
100
AcDbCircle
 10
1122.500000000
 20
590.412749121
 30
0.000000000
 40
5.000000000
  0
CIRCLE
  5
A32
330
A02
100
AcDbEntity
  8
BLOCK_back_panel
100
AcDbCircle
 10
1162.500000000
 20
530.412749121
 30
0.000000000
 40
5.000000000
  0
CIRCLE
  5
A33
330
A02
100
AcDbEntity
  8
BLOCK_back_panel
100
AcDbCircle
 10
1142.500000000
 20
530.412749121
 30
0.000000000
 40
5.000000000
  0
CIRCLE
  5
A34
330
A02
100
AcDbEntity
  8
BLOCK_back_panel
100
AcDbCircle
 10
1122.500000000
 20
530.412749121
 30
0.000000000
 40
5.000000000
  0
CIRCLE
  5
A35
330
A02
100
AcDbEntity
  8
BLOCK_back_panel
100
AcDbCircle
 10
1122.500000000
 20
550.412749121
 30
0.000000000
 40
5.000000000
  0
CIRCLE
  5
A36
330
A02
100
AcDbEntity
  8
BLOCK_back_panel
100
AcDbCircle
 10
1142.500000000
 20
550.412749121
 30
0.000000000
 40
5.000000000
  0
CIRCLE
  5
A37
330
A02
100
AcDbEntity
  8
BLOCK_back_panel
100
AcDbCircle
 10
1162.500000000
 20
550.412749121
 30
0.000000000
 40
5.000000000
  0
CIRCLE
  5
A38
330
A02
100
AcDbEntity
  8
BLOCK_back_panel
100
AcDbCircle
 10
1122.500000000
 20
490.412749121
 30
0.000000000
 40
5.000000000
  0
CIRCLE
  5
A39
330
A02
100
AcDbEntity
  8
BLOCK_back_panel
100
AcDbCircle
 10
1122.500000000
 20
510.412749121
 30
0.000000000
 40
5.000000000
  0
CIRCLE
  5
A3A
330
A02
100
AcDbEntity
  8
BLOCK_back_panel
100
AcDbCircle
 10
1142.500000000
 20
510.412749121
 30
0.000000000
 40
5.000000000
  0
CIRCLE
  5
A3B
330
A02
100
AcDbEntity
  8
BLOCK_back_panel
100
AcDbCircle
 10
1142.500000000
 20
490.412749121
 30
0.000000000
 40
5.000000000
  0
CIRCLE
  5
A3C
330
A02
100
AcDbEntity
  8
BLOCK_back_panel
100
AcDbCircle
 10
1162.500000000
 20
490.412749121
 30
0.000000000
 40
5.000000000
  0
CIRCLE
  5
A3D
330
A02
100
AcDbEntity
  8
BLOCK_back_panel
100
AcDbCircle
 10
1162.500000000
 20
510.412749121
 30
0.000000000
 40
5.000000000
  0
LINE
  5
A3E
330
A02
100
AcDbEntity
  8
BLOCK_back_panel
100
AcDbLine
 10
802.000000000
 20
435.412749121
 30
0.000000000
 11
1220.000000000
 21
435.412749121
 31
0.000000000
  0
LINE
  5
A3F
330
A02
100
AcDbEntity
  8
BLOCK_back_panel
100
AcDbLine
 10
1220.000000000
 20
885.412749121
 30
0.000000000
 11
802.000000000
 21
885.412749121
 31
0.000000000
  0
CIRCLE
  5
A40
330
A02
100
AcDbEntity
  8
BLOCK_back_panel
100
AcDbCircle
 10
877.000000000
 20
877.912749121
 30
0.000000000
 40
1.000000000
  0
CIRCLE
  5
A41
330
A02
100
AcDbEntity
  8
BLOCK_back_panel
100
AcDbCircle
 10
877.000000000
 20
442.912749121
 30
0.000000000
 40
1.000000000
  0
CIRCLE
  5
A42
330
A02
100
AcDbEntity
  8
BLOCK_back_panel
100
AcDbCircle
 10
1145.000000000
 20
877.912749121
 30
0.000000000
 40
1.000000000
  0
CIRCLE
  5
A43
330
A02
100
AcDbEntity
  8
BLOCK_back_panel
100
AcDbCircle
 10
1145.000000000
 20
442.912749121
 30
0.000000000
 40
1.000000000
  0
LINE
  5
A44
330
A02
100
AcDbEntity
  8
BLOCK_back_panel
100
AcDbLine
 10
1220.000000000
 20
435.412749121
 30
0.000000000
 11
1220.000000000
 21
885.412749121
 31
0.000000000
  0
LINE
  5
A45
330
A02
100
AcDbEntity
  8
BLOCK_back_panel
100
AcDbLine
 10
802.000000000
 20
435.412749121
 30
0.000000000
 11
802.000000000
 21
885.412749121
 31
0.000000000
  0
CIRCLE
  5
A46
330
A02
100
AcDbEntity
  8
BLOCK_back_panel
100
AcDbCircle
 10
1182.500000000
 20
830.412749121
 30
0.000000000
 40
5.000000000
  0
CIRCLE
  5
A47
330
A02
100
AcDbEntity
  8
BLOCK_back_panel
100
AcDbCircle
 10
1182.500000000
 20
810.412749121
 30
0.000000000
 40
5.000000000
  0
CIRCLE
  5
A48
330
A02
100
AcDbEntity
  8
BLOCK_back_panel
100
AcDbCircle
 10
1182.500000000
 20
790.412749121
 30
0.000000000
 40
5.000000000
  0
CIRCLE
  5
A49
330
A02
100
AcDbEntity
  8
BLOCK_back_panel
100
AcDbCircle
 10
1182.500000000
 20
770.412749121
 30
0.000000000
 40
5.000000000
  0
CIRCLE
  5
A4A
330
A02
100
AcDbEntity
  8
BLOCK_back_panel
100
AcDbCircle
 10
1182.500000000
 20
750.412749121
 30
0.000000000
 40
5.000000000
  0
CIRCLE
  5
A4B
330
A02
100
AcDbEntity
  8
BLOCK_back_panel
100
AcDbCircle
 10
1182.500000000
 20
730.412749121
 30
0.000000000
 40
5.000000000
  0
CIRCLE
  5
A4C
330
A02
100
AcDbEntity
  8
BLOCK_back_panel
100
AcDbCircle
 10
1182.500000000
 20
570.412749121
 30
0.000000000
 40
5.000000000
  0
CIRCLE
  5
A4D
330
A02
100
AcDbEntity
  8
BLOCK_back_panel
100
AcDbCircle
 10
1182.500000000
 20
590.412749121
 30
0.000000000
 40
5.000000000
  0
CIRCLE
  5
A4E
330
A02
100
AcDbEntity
  8
BLOCK_back_panel
100
AcDbCircle
 10
1182.500000000
 20
530.412749121
 30
0.000000000
 40
5.000000000
  0
CIRCLE
  5
A4F
330
A02
100
AcDbEntity
  8
BLOCK_back_panel
100
AcDbCircle
 10
1182.500000000
 20
550.412749121
 30
0.000000000
 40
5.000000000
  0
CIRCLE
  5
A50
330
A02
100
AcDbEntity
  8
BLOCK_back_panel
100
AcDbCircle
 10
1182.500000000
 20
490.412749121
 30
0.000000000
 40
5.000000000
  0
CIRCLE
  5
A51
330
A02
100
AcDbEntity
  8
BLOCK_back_panel
100
AcDbCircle
 10
1182.500000000
 20
510.412749121
 30
0.000000000
 40
5.000000000
  0
CIRCLE
  5
A52
330
A02
100
AcDbEntity
  8
Shape003
100
AcDbCircle
 10
1210.000000000
 20
860.412749121
 30
0.000000000
 40
4.000000000
  0
CIRCLE
  5
A53
330
A02
100
AcDbEntity
  8
Shape004
100
AcDbCircle
 10
862.000000000
 20
825.412749121
 30
0.000000000
 40
14.000000000
  0
CIRCLE
  5
A54
330
A02
100
AcDbEntity
  8
Shape005
100
AcDbCircle
 10
862.000000000
 20
495.412749121
 30
0.000000000
 40
14.000000000
  0
LINE
  5
A55
330
A02
100
AcDbEntity
  8
Shape006
100
AcDbLine
 10
1220.000000000
 20
695.412749121
 30
0.000000000
 11
1150.000000000
 21
695.412749121
 31
0.000000000
  0
LINE
  5
A56
330
A02
100
AcDbEntity
  8
Shape007
100
AcDbLine
 10
1220.000000000
 20
625.412749121
 30
0.000000000
 11
1150.000000000
 21
625.412749121
 31
0.000000000
  0
LINE
  5
A57
330
A02
100
AcDbEntity
  8
Shape008
100
AcDbLine
 10
1150.000000000
 20
625.412749121
 30
0.000000000
 11
1150.000000000
 21
695.412749121
 31
0.000000000
  0
CIRCLE
  5
A58
330
A02
100
AcDbEntity
  8
Shape009
100
AcDbCircle
 10
1122.500000000
 20
830.412749121
 30
0.000000000
 40
5.000000000
  0
CIRCLE
  5
A59
330
A02
100
AcDbEntity
  8
Shape010
100
AcDbCircle
 10
1142.500000000
 20
830.412749121
 30
0.000000000
 40
5.000000000
  0
CIRCLE
  5
A5A
330
A02
100
AcDbEntity
  8
Shape011
100
AcDbCircle
 10
1162.500000000
 20
830.412749121
 30
0.000000000
 40
5.000000000
  0
CIRCLE
  5
A5B
330
A02
100
AcDbEntity
  8
Shape012
100
AcDbCircle
 10
1122.500000000
 20
810.412749121
 30
0.000000000
 40
5.000000000
  0
CIRCLE
  5
A5C
330
A02
100
AcDbEntity
  8
Shape013
100
AcDbCircle
 10
1142.500000000
 20
810.412749121
 30
0.000000000
 40
5.000000000
  0
CIRCLE
  5
A5D
330
A02
100
AcDbEntity
  8
Shape014
100
AcDbCircle
 10
1162.500000000
 20
810.412749121
 30
0.000000000
 40
5.000000000
  0
CIRCLE
  5
A5E
330
A02
100
AcDbEntity
  8
Shape015
100
AcDbCircle
 10
1122.500000000
 20
790.412749121
 30
0.000000000
 40
5.000000000
  0
CIRCLE
  5
A5F
330
A02
100
AcDbEntity
  8
Shape016
100
AcDbCircle
 10
1142.500000000
 20
790.412749121
 30
0.000000000
 40
5.000000000
  0
CIRCLE
  5
A60
330
A02
100
AcDbEntity
  8
Shape017
100
AcDbCircle
 10
1162.500000000
 20
790.412749121
 30
0.000000000
 40
5.000000000
  0
CIRCLE
  5
A61
330
A02
100
AcDbEntity
  8
Shape018
100
AcDbCircle
 10
1162.500000000
 20
770.412749121
 30
0.000000000
 40
5.000000000
  0
CIRCLE
  5
A62
330
A02
100
AcDbEntity
  8
Shape019
100
AcDbCircle
 10
1142.500000000
 20
770.412749121
 30
0.000000000
 40
5.000000000
  0
CIRCLE
  5
A63
330
A02
100
AcDbEntity
  8
Shape020
100
AcDbCircle
 10
1122.500000000
 20
770.412749121
 30
0.000000000
 40
5.000000000
  0
CIRCLE
  5
A64
330
A02
100
AcDbEntity
  8
Shape021
100
AcDbCircle
 10
1122.500000000
 20
750.412749121
 30
0.000000000
 40
5.000000000
  0
CIRCLE
  5
A65
330
A02
100
AcDbEntity
  8
Shape022
100
AcDbCircle
 10
1142.500000000
 20
750.412749121
 30
0.000000000
 40
5.000000000
  0
CIRCLE
  5
A66
330
A02
100
AcDbEntity
  8
Shape023
100
AcDbCircle
 10
1162.500000000
 20
750.412749121
 30
0.000000000
 40
5.000000000
  0
CIRCLE
  5
A67
330
A02
100
AcDbEntity
  8
Shape024
100
AcDbCircle
 10
1162.500000000
 20
730.412749121
 30
0.000000000
 40
5.000000000
  0
CIRCLE
  5
A68
330
A02
100
AcDbEntity
  8
Shape025
100
AcDbCircle
 10
1142.500000000
 20
730.412749121
 30
0.000000000
 40
5.000000000
  0
CIRCLE
  5
A69
330
A02
100
AcDbEntity
  8
Shape026
100
AcDbCircle
 10
1122.500000000
 20
730.412749121
 30
0.000000000
 40
5.000000000
  0
CIRCLE
  5
A6A
330
A02
100
AcDbEntity
  8
Shape027
100
AcDbCircle
 10
1122.500000000
 20
710.412749121
 30
0.000000000
 40
5.000000000
  0
CIRCLE
  5
A6B
330
A02
100
AcDbEntity
  8
Shape028
100
AcDbCircle
 10
1122.500000000
 20
690.412749121
 30
0.000000000
 40
5.000000000
  0
CIRCLE
  5
A6C
330
A02
100
AcDbEntity
  8
Shape029
100
AcDbCircle
 10
1122.500000000
 20
610.412749121
 30
0.000000000
 40
5.000000000
  0
CIRCLE
  5
A6D
330
A02
100
AcDbEntity
  8
Shape030
100
AcDbCircle
 10
1122.500000000
 20
670.412749121
 30
0.000000000
 40
5.000000000
  0
CIRCLE
  5
A6E
330
A02
100
AcDbEntity
  8
Shape031
100
AcDbCircle
 10
1122.500000000
 20
650.412749121
 30
0.000000000
 40
5.000000000
  0
CIRCLE
  5
A6F
330
A02
100
AcDbEntity
  8
Shape032
100
AcDbCircle
 10
1122.500000000
 20
630.412749121
 30
0.000000000
 40
5.000000000
  0
CIRCLE
  5
A70
330
A02
100
AcDbEntity
  8
Shape033
100
AcDbCircle
 10
1122.500000000
 20
570.412749121
 30
0.000000000
 40
5.000000000
  0
CIRCLE
  5
A71
330
A02
100
AcDbEntity
  8
Shape034
100
AcDbCircle
 10
1142.500000000
 20
570.412749121
 30
0.000000000
 40
5.000000000
  0
CIRCLE
  5
A72
330
A02
100
AcDbEntity
  8
Shape035
100
AcDbCircle
 10
1162.500000000
 20
570.412749121
 30
0.000000000
 40
5.000000000
  0
CIRCLE
  5
A73
330
A02
100
AcDbEntity
  8
Shape036
100
AcDbCircle
 10
1162.500000000
 20
590.412749121
 30
0.000000000
 40
5.000000000
  0
CIRCLE
  5
A74
330
A02
100
AcDbEntity
  8
Shape037
100
AcDbCircle
 10
1142.500000000
 20
590.412749121
 30
0.000000000
 40
5.000000000
  0
CIRCLE
  5
A75
330
A02
100
AcDbEntity
  8
Shape038
100
AcDbCircle
 10
1122.500000000
 20
590.412749121
 30
0.000000000
 40
5.000000000
  0
CIRCLE
  5
A76
330
A02
100
AcDbEntity
  8
Shape039
100
AcDbCircle
 10
1162.500000000
 20
530.412749121
 30
0.000000000
 40
5.000000000
  0
CIRCLE
  5
A77
330
A02
100
AcDbEntity
  8
Shape040
100
AcDbCircle
 10
1142.500000000
 20
530.412749121
 30
0.000000000
 40
5.000000000
  0
CIRCLE
  5
A78
330
A02
100
AcDbEntity
  8
Shape041
100
AcDbCircle
 10
1122.500000000
 20
530.412749121
 30
0.000000000
 40
5.000000000
  0
CIRCLE
  5
A79
330
A02
100
AcDbEntity
  8
Shape042
100
AcDbCircle
 10
1122.500000000
 20
550.412749121
 30
0.000000000
 40
5.000000000
  0
CIRCLE
  5
A7A
330
A02
100
AcDbEntity
  8
Shape043
100
AcDbCircle
 10
1142.500000000
 20
550.412749121
 30
0.000000000
 40
5.000000000
  0
CIRCLE
  5
A7B
330
A02
100
AcDbEntity
  8
Shape044
100
AcDbCircle
 10
1162.500000000
 20
550.412749121
 30
0.000000000
 40
5.000000000
  0
CIRCLE
  5
A7C
330
A02
100
AcDbEntity
  8
Shape045
100
AcDbCircle
 10
1122.500000000
 20
490.412749121
 30
0.000000000
 40
5.000000000
  0
CIRCLE
  5
A7D
330
A02
100
AcDbEntity
  8
Shape046
100
AcDbCircle
 10
1122.500000000
 20
510.412749121
 30
0.000000000
 40
5.000000000
  0
CIRCLE
  5
A7E
330
A02
100
AcDbEntity
  8
Shape047
100
AcDbCircle
 10
1142.500000000
 20
510.412749121
 30
0.000000000
 40
5.000000000
  0
CIRCLE
  5
A7F
330
A02
100
AcDbEntity
  8
Shape048
100
AcDbCircle
 10
1142.500000000
 20
490.412749121
 30
0.000000000
 40
5.000000000
  0
CIRCLE
  5
A80
330
A02
100
AcDbEntity
  8
Shape049
100
AcDbCircle
 10
1162.500000000
 20
490.412749121
 30
0.000000000
 40
5.000000000
  0
CIRCLE
  5
A81
330
A02
100
AcDbEntity
  8
Shape050
100
AcDbCircle
 10
1162.500000000
 20
510.412749121
 30
0.000000000
 40
5.000000000
  0
LINE
  5
A82
330
A02
100
AcDbEntity
  8
Shape051
100
AcDbLine
 10
802.000000000
 20
435.412749121
 30
0.000000000
 11
1220.000000000
 21
435.412749121
 31
0.000000000
  0
LINE
  5
A83
330
A02
100
AcDbEntity
  8
Shape052
100
AcDbLine
 10
1220.000000000
 20
885.412749121
 30
0.000000000
 11
802.000000000
 21
885.412749121
 31
0.000000000
  0
CIRCLE
  5
A84
330
A02
100
AcDbEntity
  8
Shape053
100
AcDbCircle
 10
877.000000000
 20
877.912749121
 30
0.000000000
 40
1.000000000
  0
CIRCLE
  5
A85
330
A02
100
AcDbEntity
  8
Shape054
100
AcDbCircle
 10
877.000000000
 20
442.912749121
 30
0.000000000
 40
1.000000000
  0
CIRCLE
  5
A86
330
A02
100
AcDbEntity
  8
Shape055
100
AcDbCircle
 10
1145.000000000
 20
877.912749121
 30
0.000000000
 40
1.000000000
  0
CIRCLE
  5
A87
330
A02
100
AcDbEntity
  8
Shape056
100
AcDbCircle
 10
1145.000000000
 20
442.912749121
 30
0.000000000
 40
1.000000000
  0
LINE
  5
A88
330
A02
100
AcDbEntity
  8
Shape057
100
AcDbLine
 10
1220.000000000
 20
435.412749121
 30
0.000000000
 11
1220.000000000
 21
885.412749121
 31
0.000000000
  0
LINE
  5
A89
330
A02
100
AcDbEntity
  8
Shape058
100
AcDbLine
 10
802.000000000
 20
435.412749121
 30
0.000000000
 11
802.000000000
 21
885.412749121
 31
0.000000000
  0
CIRCLE
  5
A8A
330
A02
100
AcDbEntity
  8
Shape059
100
AcDbCircle
 10
1182.500000000
 20
830.412749121
 30
0.000000000
 40
5.000000000
  0
CIRCLE
  5
A8B
330
A02
100
AcDbEntity
  8
Shape060
100
AcDbCircle
 10
1182.500000000
 20
810.412749121
 30
0.000000000
 40
5.000000000
  0
CIRCLE
  5
A8C
330
A02
100
AcDbEntity
  8
Shape061
100
AcDbCircle
 10
1182.500000000
 20
790.412749121
 30
0.000000000
 40
5.000000000
  0
CIRCLE
  5
A8D
330
A02
100
AcDbEntity
  8
Shape062
100
AcDbCircle
 10
1182.500000000
 20
770.412749121
 30
0.000000000
 40
5.000000000
  0
CIRCLE
  5
A8E
330
A02
100
AcDbEntity
  8
Shape063
100
AcDbCircle
 10
1182.500000000
 20
750.412749121
 30
0.000000000
 40
5.000000000
  0
CIRCLE
  5
A8F
330
A02
100
AcDbEntity
  8
Shape064
100
AcDbCircle
 10
1182.500000000
 20
730.412749121
 30
0.000000000
 40
5.000000000
  0
CIRCLE
  5
A90
330
A02
100
AcDbEntity
  8
Shape065
100
AcDbCircle
 10
1182.500000000
 20
570.412749121
 30
0.000000000
 40
5.000000000
  0
CIRCLE
  5
A91
330
A02
100
AcDbEntity
  8
Shape066
100
AcDbCircle
 10
1182.500000000
 20
590.412749121
 30
0.000000000
 40
5.000000000
  0
CIRCLE
  5
A92
330
A02
100
AcDbEntity
  8
Shape067
100
AcDbCircle
 10
1182.500000000
 20
530.412749121
 30
0.000000000
 40
5.000000000
  0
CIRCLE
  5
A93
330
A02
100
AcDbEntity
  8
Shape068
100
AcDbCircle
 10
1182.500000000
 20
550.412749121
 30
0.000000000
 40
5.000000000
  0
CIRCLE
  5
A94
330
A02
100
AcDbEntity
  8
Shape069
100
AcDbCircle
 10
1182.500000000
 20
490.412749121
 30
0.000000000
 40
5.000000000
  0
CIRCLE
  5
A95
330
A02
100
AcDbEntity
  8
Shape070
100
AcDbCircle
 10
1182.500000000
 20
510.412749121
 30
0.000000000
 40
5.000000000
  0
LINE
  5
A96
330
A02
100
AcDbEntity
  8
BLOCK_baton_placement
100
AcDbLine
 10
1073.221102792
 20
109.497872465
 30
0.000000000
 11
1077.476305676
 21
95.060576963
 31
0.000000000
  0
LINE
  5
A97
330
A02
100
AcDbEntity
  8
BLOCK_baton_placement
100
AcDbLine
 10
950.446097275
 20
66.225517830
 30
0.000000000
 11
963.292736759
 21
22.638705295
 31
0.000000000
  0
LINE
  5
A98
330
A02
100
AcDbEntity
  8
BLOCK_baton_placement
100
AcDbLine
 10
935.706934712
 20
63.176035920
 30
0.000000000
 11
948.904668249
 21
18.398011418
 31
0.000000000
  0
LINE
  5
A99
330
A02
100
AcDbEntity
  8
BLOCK_baton_placement
100
AcDbLine
 10
948.904668249
 20
18.398011418
 30
0.000000000
 11
963.292736759
 21
22.638705295
 31
0.000000000
  0
LINE
  5
A9A
330
A02
100
AcDbEntity
  8
BLOCK_baton_placement
100
AcDbLine
 10
930.742531347
 20
80.019547338
 30
0.000000000
 11
934.997734231
 21
65.582251837
 31
0.000000000
  0
LINE
  5
A9B
330
A02
100
AcDbEntity
  8
BLOCK_baton_placement
100
AcDbLine
 10
950.446097275
 20
66.225517830
 30
0.000000000
 11
935.504248241
 21
63.134100788
 31
0.000000000
  0
LINE
  5
A9C
330
A02
100
AcDbEntity
  8
BLOCK_baton_placement
100
AcDbLine
 10
970.828355162
 20
16.000000000
 30
0.000000000
 11
1279.933106753
 21
16.000000000
 31
0.000000000
  0
LINE
  5
A9D
330
A02
100
AcDbEntity
  8
BLOCK_baton_placement
100
AcDbLine
 10
970.828355162
 20
31.000000000
 30
0.000000000
 11
1279.933106753
 21
31.000000000
 31
0.000000000
  0
LINE
  5
A9E
330
A02
100
AcDbEntity
  8
BLOCK_baton_placement
100
AcDbLine
 10
1077.476305676
 20
95.060576963
 30
0.000000000
 11
934.997734231
 21
65.582251837
 31
0.000000000
  0
LINE
  5
A9F
330
A02
100
AcDbEntity
  8
BLOCK_baton_placement
100
AcDbLine
 10
1073.221102792
 20
109.497872465
 30
0.000000000
 11
930.742531347
 21
80.019547338
 31
0.000000000
  0
LINE
  5
AA0
330
A02
100
AcDbEntity
  8
BLOCK_baton_placement
100
AcDbLine
 10
1348.669173266
 20
436.765174046
 30
0.000000000
 11
1305.271622401
 21
18.486651876
 31
0.000000000
  0
LINE
  5
AA1
330
A02
100
AcDbEntity
  8
BLOCK_baton_placement
100
AcDbLine
 10
1333.749262012
 20
438.313156009
 30
0.000000000
 11
1290.351711147
 21
20.034633838
 31
0.000000000
  0
LINE
  5
AA2
330
A02
100
AcDbEntity
  8
BLOCK_baton_placement
100
AcDbLine
 10
1305.271622401
 20
18.486651876
 30
0.000000000
 11
1290.351711147
 21
20.034633838
 31
0.000000000
  0
LINE
  5
AA3
330
A02
100
AcDbEntity
  8
BLOCK_baton_placement
100
AcDbLine
 10
970.828355162
 20
31.000000000
 30
0.000000000
 11
970.828355162
 21
16.000000000
 31
0.000000000
  0
LINE
  5
AA4
330
A02
100
AcDbEntity
  8
BLOCK_baton_placement
100
AcDbLine
 10
1279.933106753
 20
16.000000000
 30
0.000000000
 11
1279.933106753
 21
31.000000000
 31
0.000000000
  0
LINE
  5
AA5
330
A02
100
AcDbEntity
  8
BLOCK_baton_placement
100
AcDbLine
 10
1333.749262012
 20
438.313156009
 30
0.000000000
 11
1348.669173266
 21
436.765174046
 31
0.000000000
  0
LINE
  5
AA6
330
A02
100
AcDbEntity
  8
BLOCK_baton_placement
100
AcDbLine
 10
1324.323185087
 20
439.115151142
 30
0.000000000
 11
1332.014301873
 21
451.993300179
 31
0.000000000
  0
LINE
  5
AA7
330
A02
100
AcDbEntity
  8
BLOCK_baton_placement
100
AcDbLine
 10
1309.632936392
 20
354.707401346
 30
0.000000000
 11
1316.964837529
 21
367.800081949
 31
0.000000000
  0
LINE
  5
AA8
330
A02
100
AcDbEntity
  8
BLOCK_baton_placement
100
AcDbLine
 10
1228.493601698
 20
496.346707889
 30
0.000000000
 11
1235.825502836
 21
509.439388492
 31
0.000000000
  0
LINE
  5
AA9
330
A02
100
AcDbEntity
  8
BLOCK_baton_placement
100
AcDbLine
 10
1228.493601698
 20
496.346707889
 30
0.000000000
 11
1324.323185087
 21
439.115151142
 31
0.000000000
  0
LINE
  5
AAA
330
A02
100
AcDbEntity
  8
BLOCK_baton_placement
100
AcDbLine
 10
1189.390128963
 20
426.519078004
 30
0.000000000
 11
1309.632936392
 21
354.707401346
 31
0.000000000
  0
LINE
  5
AAB
330
A02
100
AcDbEntity
  8
BLOCK_baton_placement
100
AcDbLine
 10
1196.722030101
 20
439.611758608
 30
0.000000000
 11
1316.964837529
 21
367.800081949
 31
0.000000000
  0
LINE
  5
AAC
330
A02
100
AcDbEntity
  8
BLOCK_baton_placement
100
AcDbLine
 10
1189.390128963
 20
426.519078004
 30
0.000000000
 11
1196.722030101
 21
439.611758608
 31
0.000000000
  0
LINE
  5
AAD
330
A02
100
AcDbEntity
  8
BLOCK_baton_placement
100
AcDbLine
 10
1235.825502836
 20
509.439388492
 30
0.000000000
 11
1332.014301873
 21
451.993300179
 31
0.000000000
  0
LINE
  5
AAE
330
A02
100
AcDbEntity
  8
Shape071
100
AcDbLine
 10
1073.221102792
 20
109.497872465
 30
0.000000000
 11
1077.476305676
 21
95.060576963
 31
0.000000000
  0
LINE
  5
AAF
330
A02
100
AcDbEntity
  8
Shape072
100
AcDbLine
 10
950.446097275
 20
66.225517830
 30
0.000000000
 11
963.292736759
 21
22.638705295
 31
0.000000000
  0
LINE
  5
AB0
330
A02
100
AcDbEntity
  8
Shape073
100
AcDbLine
 10
935.706934712
 20
63.176035920
 30
0.000000000
 11
948.904668249
 21
18.398011418
 31
0.000000000
  0
LINE
  5
AB1
330
A02
100
AcDbEntity
  8
Shape074
100
AcDbLine
 10
948.904668249
 20
18.398011418
 30
0.000000000
 11
963.292736759
 21
22.638705295
 31
0.000000000
  0
LINE
  5
AB2
330
A02
100
AcDbEntity
  8
Shape075
100
AcDbLine
 10
930.742531347
 20
80.019547338
 30
0.000000000
 11
934.997734231
 21
65.582251837
 31
0.000000000
  0
LINE
  5
AB3
330
A02
100
AcDbEntity
  8
Shape076
100
AcDbLine
 10
950.446097275
 20
66.225517830
 30
0.000000000
 11
935.504248241
 21
63.134100788
 31
0.000000000
  0
LINE
  5
AB4
330
A02
100
AcDbEntity
  8
Shape077
100
AcDbLine
 10
970.828355162
 20
16.000000000
 30
0.000000000
 11
1279.933106753
 21
16.000000000
 31
0.000000000
  0
LINE
  5
AB5
330
A02
100
AcDbEntity
  8
Shape078
100
AcDbLine
 10
970.828355162
 20
31.000000000
 30
0.000000000
 11
1279.933106753
 21
31.000000000
 31
0.000000000
  0
LINE
  5
AB6
330
A02
100
AcDbEntity
  8
Shape079
100
AcDbLine
 10
1077.476305676
 20
95.060576963
 30
0.000000000
 11
934.997734231
 21
65.582251837
 31
0.000000000
  0
LINE
  5
AB7
330
A02
100
AcDbEntity
  8
Shape080
100
AcDbLine
 10
1073.221102792
 20
109.497872465
 30
0.000000000
 11
930.742531347
 21
80.019547338
 31
0.000000000
  0
LINE
  5
AB8
330
A02
100
AcDbEntity
  8
Shape081
100
AcDbLine
 10
1348.669173266
 20
436.765174046
 30
0.000000000
 11
1305.271622401
 21
18.486651876
 31
0.000000000
  0
LINE
  5
AB9
330
A02
100
AcDbEntity
  8
Shape082
100
AcDbLine
 10
1333.749262012
 20
438.313156009
 30
0.000000000
 11
1290.351711147
 21
20.034633838
 31
0.000000000
  0
LINE
  5
ABA
330
A02
100
AcDbEntity
  8
Shape083
100
AcDbLine
 10
1305.271622401
 20
18.486651876
 30
0.000000000
 11
1290.351711147
 21
20.034633838
 31
0.000000000
  0
LINE
  5
ABB
330
A02
100
AcDbEntity
  8
Shape084
100
AcDbLine
 10
970.828355162
 20
31.000000000
 30
0.000000000
 11
970.828355162
 21
16.000000000
 31
0.000000000
  0
LINE
  5
ABC
330
A02
100
AcDbEntity
  8
Shape085
100
AcDbLine
 10
1279.933106753
 20
16.000000000
 30
0.000000000
 11
1279.933106753
 21
31.000000000
 31
0.000000000
  0
LINE
  5
ABD
330
A02
100
AcDbEntity
  8
Shape086
100
AcDbLine
 10
1333.749262012
 20
438.313156009
 30
0.000000000
 11
1348.669173266
 21
436.765174046
 31
0.000000000
  0
LINE
  5
ABE
330
A02
100
AcDbEntity
  8
Shape087
100
AcDbLine
 10
1324.323185087
 20
439.115151142
 30
0.000000000
 11
1332.014301873
 21
451.993300179
 31
0.000000000
  0
LINE
  5
ABF
330
A02
100
AcDbEntity
  8
Shape088
100
AcDbLine
 10
1309.632936392
 20
354.707401346
 30
0.000000000
 11
1316.964837529
 21
367.800081949
 31
0.000000000
  0
LINE
  5
AC0
330
A02
100
AcDbEntity
  8
Shape089
100
AcDbLine
 10
1228.493601698
 20
496.346707889
 30
0.000000000
 11
1235.825502836
 21
509.439388492
 31
0.000000000
  0
LINE
  5
AC1
330
A02
100
AcDbEntity
  8
Shape090
100
AcDbLine
 10
1228.493601698
 20
496.346707889
 30
0.000000000
 11
1324.323185087
 21
439.115151142
 31
0.000000000
  0
LINE
  5
AC2
330
A02
100
AcDbEntity
  8
Shape091
100
AcDbLine
 10
1189.390128963
 20
426.519078004
 30
0.000000000
 11
1309.632936392
 21
354.707401346
 31
0.000000000
  0
LINE
  5
AC3
330
A02
100
AcDbEntity
  8
Shape092
100
AcDbLine
 10
1196.722030101
 20
439.611758608
 30
0.000000000
 11
1316.964837529
 21
367.800081949
 31
0.000000000
  0
LINE
  5
AC4
330
A02
100
AcDbEntity
  8
Shape093
100
AcDbLine
 10
1189.390128963
 20
426.519078004
 30
0.000000000
 11
1196.722030101
 21
439.611758608
 31
0.000000000
  0
LINE
  5
AC5
330
A02
100
AcDbEntity
  8
Shape094
100
AcDbLine
 10
1235.825502836
 20
509.439388492
 30
0.000000000
 11
1332.014301873
 21
451.993300179
 31
0.000000000
  0
LINE
  5
AC6
330
A02
100
AcDbEntity
  8
BLOCK_bottom
100
AcDbLine
 10
1906.277631990
 20
709.483409419
 30
0.000000000
 11
1549.277631990
 21
709.483409419
 31
0.000000000
  0
LINE
  5
AC7
330
A02
100
AcDbEntity
  8
BLOCK_bottom
100
AcDbLine
 10
1549.277631990
 20
259.483409419
 30
0.000000000
 11
1906.277631990
 21
259.483409419
 31
0.000000000
  0
LINE
  5
AC8
330
A02
100
AcDbEntity
  8
BLOCK_bottom
100
AcDbLine
 10
1549.277631990
 20
259.483409419
 30
0.000000000
 11
1549.277631990
 21
709.483409419
 31
0.000000000
  0
LINE
  5
AC9
330
A02
100
AcDbEntity
  8
BLOCK_bottom
100
AcDbLine
 10
1906.277631990
 20
259.483409419
 30
0.000000000
 11
1906.277631990
 21
709.483409419
 31
0.000000000
  0
CIRCLE
  5
ACA
330
A02
100
AcDbEntity
  8
BLOCK_bottom
100
AcDbCircle
 10
1831.277631990
 20
701.983409419
 30
0.000000000
 40
1.000000000
  0
CIRCLE
  5
ACB
330
A02
100
AcDbEntity
  8
BLOCK_bottom
100
AcDbCircle
 10
1624.277631990
 20
701.983409419
 30
0.000000000
 40
1.000000000
  0
CIRCLE
  5
ACC
330
A02
100
AcDbEntity
  8
BLOCK_bottom
100
AcDbCircle
 10
1831.277631990
 20
266.983409419
 30
0.000000000
 40
1.000000000
  0
CIRCLE
  5
ACD
330
A02
100
AcDbEntity
  8
BLOCK_bottom
100
AcDbCircle
 10
1624.277631990
 20
266.983409419
 30
0.000000000
 40
1.000000000
  0
LINE
  5
ACE
330
A02
100
AcDbEntity
  8
Shape095
100
AcDbLine
 10
1906.277631990
 20
709.483409419
 30
0.000000000
 11
1549.277631990
 21
709.483409419
 31
0.000000000
  0
LINE
  5
ACF
330
A02
100
AcDbEntity
  8
Shape096
100
AcDbLine
 10
1549.277631990
 20
259.483409419
 30
0.000000000
 11
1906.277631990
 21
259.483409419
 31
0.000000000
  0
LINE
  5
AD0
330
A02
100
AcDbEntity
  8
Shape097
100
AcDbLine
 10
1549.277631990
 20
259.483409419
 30
0.000000000
 11
1549.277631990
 21
709.483409419
 31
0.000000000
  0
LINE
  5
AD1
330
A02
100
AcDbEntity
  8
Shape098
100
AcDbLine
 10
1906.277631990
 20
259.483409419
 30
0.000000000
 11
1906.277631990
 21
709.483409419
 31
0.000000000
  0
CIRCLE
  5
AD2
330
A02
100
AcDbEntity
  8
Shape099
100
AcDbCircle
 10
1831.277631990
 20
701.983409419
 30
0.000000000
 40
1.000000000
  0
CIRCLE
  5
AD3
330
A02
100
AcDbEntity
  8
Shape100
100
AcDbCircle
 10
1624.277631990
 20
701.983409419
 30
0.000000000
 40
1.000000000
  0
CIRCLE
  5
AD4
330
A02
100
AcDbEntity
  8
Shape101
100
AcDbCircle
 10
1831.277631990
 20
266.983409419
 30
0.000000000
 40
1.000000000
  0
CIRCLE
  5
AD5
330
A02
100
AcDbEntity
  8
Shape102
100
AcDbCircle
 10
1624.277631990
 20
266.983409419
 30
0.000000000
 40
1.000000000
  0
CIRCLE
  5
AD6
330
A02
100
AcDbEntity
  8
BLOCK_control_panel_1_player
100
AcDbCircle
 10
319.778064378
 20
-61.083048827
 30
0.000000000
 40
14.000000000
  0
CIRCLE
  5
AD7
330
A02
100
AcDbEntity
  8
BLOCK_control_panel_1_player
100
AcDbCircle
 10
319.778064378
 20
-97.083048827
 30
0.000000000
 40
14.000000000
  0
CIRCLE
  5
AD8
330
A02
100
AcDbEntity
  8
BLOCK_control_panel_1_player
100
AcDbCircle
 10
283.778064378
 20
-97.083048827
 30
0.000000000
 40
14.000000000
  0
CIRCLE
  5
AD9
330
A02
100
AcDbEntity
  8
BLOCK_control_panel_1_player
100
AcDbCircle
 10
283.778064378
 20
-61.083048827
 30
0.000000000
 40
14.000000000
  0
CIRCLE
  5
ADA
330
A02
100
AcDbEntity
  8
BLOCK_control_panel_1_player
100
AcDbCircle
 10
248.778064378
 20
-70.083048827
 30
0.000000000
 40
14.000000000
  0
CIRCLE
  5
ADB
330
A02
100
AcDbEntity
  8
BLOCK_control_panel_1_player
100
AcDbCircle
 10
248.778064378
 20
-106.083048827
 30
0.000000000
 40
14.000000000
  0
CIRCLE
  5
ADC
330
A02
100
AcDbEntity
  8
BLOCK_control_panel_1_player
100
AcDbCircle
 10
217.528064378
 20
-88.083048827
 30
0.000000000
 40
14.000000000
  0
CIRCLE
  5
ADD
330
A02
100
AcDbEntity
  8
BLOCK_control_panel_1_player
100
AcDbCircle
 10
217.528064378
 20
-124.083048827
 30
0.000000000
 40
14.000000000
  0
CIRCLE
  5
ADE
330
A02
100
AcDbEntity
  8
BLOCK_control_panel_1_player
100
AcDbCircle
 10
138.778064378
 20
-97.083048827
 30
0.000000000
 40
14.000000000
  0
CIRCLE
  5
ADF
330
A02
100
AcDbEntity
  8
BLOCK_control_panel_1_player
100
AcDbCircle
 10
466.778064378
 20
-146.083048827
 30
0.000000000
 40
1.000000000
  0
CIRCLE
  5
AE0
330
A02
100
AcDbEntity
  8
BLOCK_control_panel_1_player
100
AcDbCircle
 10
466.778064378
 20
-46.083048827
 30
0.000000000
 40
1.000000000
  0
CIRCLE
  5
AE1
330
A02
100
AcDbEntity
  8
BLOCK_control_panel_1_player
100
AcDbCircle
 10
30.778064378
 20
-46.083048827
 30
0.000000000
 40
1.000000000
  0
CIRCLE
  5
AE2
330
A02
100
AcDbEntity
  8
BLOCK_control_panel_1_player
100
AcDbCircle
 10
30.778064378
 20
-146.083048827
 30
0.000000000
 40
1.000000000
  0
LINE
  5
AE3
330
A02
100
AcDbEntity
  8
BLOCK_control_panel_1_player
100
AcDbLine
 10
23.778064378
 20
-11.083048827
 30
0.000000000
 11
473.778064378
 21
-11.083048827
 31
0.000000000
  0
LINE
  5
AE4
330
A02
100
AcDbEntity
  8
BLOCK_control_panel_1_player
100
AcDbLine
 10
473.778064378
 20
-11.083048827
 30
0.000000000
 11
473.778064378
 21
-181.083048827
 31
0.000000000
  0
LINE
  5
AE5
330
A02
100
AcDbEntity
  8
BLOCK_control_panel_1_player
100
AcDbLine
 10
23.778064378
 20
-181.083048827
 30
0.000000000
 11
23.778064378
 21
-11.083048827
 31
0.000000000
  0
LINE
  5
AE6
330
A02
100
AcDbEntity
  8
BLOCK_control_panel_1_player
100
AcDbLine
 10
23.778064378
 20
-181.083048827
 30
0.000000000
 11
473.778064378
 21
-181.083048827
 31
0.000000000
  0
CIRCLE
  5
AE7
330
A02
100
AcDbEntity
  8
Shape103
100
AcDbCircle
 10
319.778064378
 20
-61.083048827
 30
0.000000000
 40
14.000000000
  0
CIRCLE
  5
AE8
330
A02
100
AcDbEntity
  8
Shape104
100
AcDbCircle
 10
319.778064378
 20
-97.083048827
 30
0.000000000
 40
14.000000000
  0
CIRCLE
  5
AE9
330
A02
100
AcDbEntity
  8
Shape105
100
AcDbCircle
 10
283.778064378
 20
-97.083048827
 30
0.000000000
 40
14.000000000
  0
CIRCLE
  5
AEA
330
A02
100
AcDbEntity
  8
Shape106
100
AcDbCircle
 10
283.778064378
 20
-61.083048827
 30
0.000000000
 40
14.000000000
  0
CIRCLE
  5
AEB
330
A02
100
AcDbEntity
  8
Shape107
100
AcDbCircle
 10
248.778064378
 20
-70.083048827
 30
0.000000000
 40
14.000000000
  0
CIRCLE
  5
AEC
330
A02
100
AcDbEntity
  8
Shape108
100
AcDbCircle
 10
248.778064378
 20
-106.083048827
 30
0.000000000
 40
14.000000000
  0
CIRCLE
  5
AED
330
A02
100
AcDbEntity
  8
Shape109
100
AcDbCircle
 10
217.528064378
 20
-88.083048827
 30
0.000000000
 40
14.000000000
  0
CIRCLE
  5
AEE
330
A02
100
AcDbEntity
  8
Shape110
100
AcDbCircle
 10
217.528064378
 20
-124.083048827
 30
0.000000000
 40
14.000000000
  0
CIRCLE
  5
AEF
330
A02
100
AcDbEntity
  8
Shape111
100
AcDbCircle
 10
138.778064378
 20
-97.083048827
 30
0.000000000
 40
14.000000000
  0
CIRCLE
  5
AF0
330
A02
100
AcDbEntity
  8
Shape112
100
AcDbCircle
 10
466.778064378
 20
-146.083048827
 30
0.000000000
 40
1.000000000
  0
CIRCLE
  5
AF1
330
A02
100
AcDbEntity
  8
Shape113
100
AcDbCircle
 10
466.778064378
 20
-46.083048827
 30
0.000000000
 40
1.000000000
  0
CIRCLE
  5
AF2
330
A02
100
AcDbEntity
  8
Shape114
100
AcDbCircle
 10
30.778064378
 20
-46.083048827
 30
0.000000000
 40
1.000000000
  0
CIRCLE
  5
AF3
330
A02
100
AcDbEntity
  8
Shape115
100
AcDbCircle
 10
30.778064378
 20
-146.083048827
 30
0.000000000
 40
1.000000000
  0
LINE
  5
AF4
330
A02
100
AcDbEntity
  8
Shape116
100
AcDbLine
 10
23.778064378
 20
-11.083048827
 30
0.000000000
 11
473.778064378
 21
-11.083048827
 31
0.000000000
  0
LINE
  5
AF5
330
A02
100
AcDbEntity
  8
Shape117
100
AcDbLine
 10
473.778064378
 20
-11.083048827
 30
0.000000000
 11
473.778064378
 21
-181.083048827
 31
0.000000000
  0
LINE
  5
AF6
330
A02
100
AcDbEntity
  8
Shape118
100
AcDbLine
 10
23.778064378
 20
-181.083048827
 30
0.000000000
 11
23.778064378
 21
-11.083048827
 31
0.000000000
  0
LINE
  5
AF7
330
A02
100
AcDbEntity
  8
Shape119
100
AcDbLine
 10
23.778064378
 20
-181.083048827
 30
0.000000000
 11
473.778064378
 21
-181.083048827
 31
0.000000000
  0
CIRCLE
  5
AF8
330
A02
100
AcDbEntity
  8
BLOCK_control_panel_2_player
100
AcDbCircle
 10
-227.769635453
 20
410.616347144
 30
0.000000000
 40
14.000000000
  0
CIRCLE
  5
AF9
330
A02
100
AcDbEntity
  8
BLOCK_control_panel_2_player
100
AcDbCircle
 10
-102.519635453
 20
410.616347144
 30
0.000000000
 40
14.000000000
  0
CIRCLE
  5
AFA
330
A02
100
AcDbEntity
  8
BLOCK_control_panel_2_player
100
AcDbCircle
 10
-102.519635453
 20
446.616347144
 30
0.000000000
 40
14.000000000
  0
CIRCLE
  5
AFB
330
A02
100
AcDbEntity
  8
BLOCK_control_panel_2_player
100
AcDbCircle
 10
-137.519635453
 20
437.616347144
 30
0.000000000
 40
14.000000000
  0
CIRCLE
  5
AFC
330
A02
100
AcDbEntity
  8
BLOCK_control_panel_2_player
100
AcDbCircle
 10
-137.519635453
 20
401.616347144
 30
0.000000000
 40
14.000000000
  0
CIRCLE
  5
AFD
330
A02
100
AcDbEntity
  8
BLOCK_control_panel_2_player
100
AcDbCircle
 10
-168.769635453
 20
419.616347144
 30
0.000000000
 40
14.000000000
  0
CIRCLE
  5
AFE
330
A02
100
AcDbEntity
  8
BLOCK_control_panel_2_player
100
AcDbCircle
 10
-168.769635453
 20
383.616347144
 30
0.000000000
 40
14.000000000
  0
CIRCLE
  5
AFF
330
A02
100
AcDbEntity
  8
BLOCK_control_panel_2_player
100
AcDbCircle
 10
-307.769635453
 20
410.616347144
 30
0.000000000
 40
14.000000000
  0
CIRCLE
  5
B00
330
A02
100
AcDbEntity
  8
BLOCK_control_panel_2_player
100
AcDbCircle
 10
-307.769635453
 20
446.616347144
 30
0.000000000
 40
14.000000000
  0
CIRCLE
  5
B01
330
A02
100
AcDbEntity
  8
BLOCK_control_panel_2_player
100
AcDbCircle
 10
-342.769635453
 20
437.616347144
 30
0.000000000
 40
14.000000000
  0
CIRCLE
  5
B02
330
A02
100
AcDbEntity
  8
BLOCK_control_panel_2_player
100
AcDbCircle
 10
-342.769635453
 20
401.616347144
 30
0.000000000
 40
14.000000000
  0
CIRCLE
  5
B03
330
A02
100
AcDbEntity
  8
BLOCK_control_panel_2_player
100
AcDbCircle
 10
-374.019635453
 20
419.616347144
 30
0.000000000
 40
14.000000000
  0
CIRCLE
  5
B04
330
A02
100
AcDbEntity
  8
BLOCK_control_panel_2_player
100
AcDbCircle
 10
-374.019635453
 20
383.616347144
 30
0.000000000
 40
14.000000000
  0
CIRCLE
  5
B05
330
A02
100
AcDbEntity
  8
BLOCK_control_panel_2_player
100
AcDbCircle
 10
-433.019635453
 20
410.616347144
 30
0.000000000
 40
14.000000000
  0
CIRCLE
  5
B06
330
A02
100
AcDbEntity
  8
BLOCK_control_panel_2_player
100
AcDbCircle
 10
-60.019635453
 20
361.616347144
 30
0.000000000
 40
1.000000000
  0
CIRCLE
  5
B07
330
A02
100
AcDbEntity
  8
BLOCK_control_panel_2_player
100
AcDbCircle
 10
-60.019635453
 20
461.616347144
 30
0.000000000
 40
1.000000000
  0
CIRCLE
  5
B08
330
A02
100
AcDbEntity
  8
BLOCK_control_panel_2_player
100
AcDbCircle
 10
-496.019635453
 20
461.616347144
 30
0.000000000
 40
1.000000000
  0
CIRCLE
  5
B09
330
A02
100
AcDbEntity
  8
BLOCK_control_panel_2_player
100
AcDbCircle
 10
-496.019635453
 20
361.616347144
 30
0.000000000
 40
1.000000000
  0
LINE
  5
B0A
330
A02
100
AcDbEntity
  8
BLOCK_control_panel_2_player
100
AcDbLine
 10
-503.019635453
 20
496.616347144
 30
0.000000000
 11
-53.019635453
 21
496.616347144
 31
0.000000000
  0
LINE
  5
B0B
330
A02
100
AcDbEntity
  8
BLOCK_control_panel_2_player
100
AcDbLine
 10
-53.019635453
 20
496.616347144
 30
0.000000000
 11
-53.019635453
 21
326.616347144
 31
0.000000000
  0
LINE
  5
B0C
330
A02
100
AcDbEntity
  8
BLOCK_control_panel_2_player
100
AcDbLine
 10
-503.019635453
 20
326.616347144
 30
0.000000000
 11
-503.019635453
 21
496.616347144
 31
0.000000000
  0
LINE
  5
B0D
330
A02
100
AcDbEntity
  8
BLOCK_control_panel_2_player
100
AcDbLine
 10
-503.019635453
 20
326.616347144
 30
0.000000000
 11
-53.019635453
 21
326.616347144
 31
0.000000000
  0
CIRCLE
  5
B0E
330
A02
100
AcDbEntity
  8
Shape120
100
AcDbCircle
 10
-227.769635453
 20
410.616347144
 30
0.000000000
 40
14.000000000
  0
CIRCLE
  5
B0F
330
A02
100
AcDbEntity
  8
Shape121
100
AcDbCircle
 10
-102.519635453
 20
410.616347144
 30
0.000000000
 40
14.000000000
  0
CIRCLE
  5
B10
330
A02
100
AcDbEntity
  8
Shape122
100
AcDbCircle
 10
-102.519635453
 20
446.616347144
 30
0.000000000
 40
14.000000000
  0
CIRCLE
  5
B11
330
A02
100
AcDbEntity
  8
Shape123
100
AcDbCircle
 10
-137.519635453
 20
437.616347144
 30
0.000000000
 40
14.000000000
  0
CIRCLE
  5
B12
330
A02
100
AcDbEntity
  8
Shape124
100
AcDbCircle
 10
-137.519635453
 20
401.616347144
 30
0.000000000
 40
14.000000000
  0
CIRCLE
  5
B13
330
A02
100
AcDbEntity
  8
Shape125
100
AcDbCircle
 10
-168.769635453
 20
419.616347144
 30
0.000000000
 40
14.000000000
  0
CIRCLE
  5
B14
330
A02
100
AcDbEntity
  8
Shape126
100
AcDbCircle
 10
-168.769635453
 20
383.616347144
 30
0.000000000
 40
14.000000000
  0
CIRCLE
  5
B15
330
A02
100
AcDbEntity
  8
Shape127
100
AcDbCircle
 10
-307.769635453
 20
410.616347144
 30
0.000000000
 40
14.000000000
  0
CIRCLE
  5
B16
330
A02
100
AcDbEntity
  8
Shape128
100
AcDbCircle
 10
-307.769635453
 20
446.616347144
 30
0.000000000
 40
14.000000000
  0
CIRCLE
  5
B17
330
A02
100
AcDbEntity
  8
Shape129
100
AcDbCircle
 10
-342.769635453
 20
437.616347144
 30
0.000000000
 40
14.000000000
  0
CIRCLE
  5
B18
330
A02
100
AcDbEntity
  8
Shape130
100
AcDbCircle
 10
-342.769635453
 20
401.616347144
 30
0.000000000
 40
14.000000000
  0
CIRCLE
  5
B19
330
A02
100
AcDbEntity
  8
Shape131
100
AcDbCircle
 10
-374.019635453
 20
419.616347144
 30
0.000000000
 40
14.000000000
  0
CIRCLE
  5
B1A
330
A02
100
AcDbEntity
  8
Shape132
100
AcDbCircle
 10
-374.019635453
 20
383.616347144
 30
0.000000000
 40
14.000000000
  0
CIRCLE
  5
B1B
330
A02
100
AcDbEntity
  8
Shape133
100
AcDbCircle
 10
-433.019635453
 20
410.616347144
 30
0.000000000
 40
14.000000000
  0
CIRCLE
  5
B1C
330
A02
100
AcDbEntity
  8
Shape134
100
AcDbCircle
 10
-60.019635453
 20
361.616347144
 30
0.000000000
 40
1.000000000
  0
CIRCLE
  5
B1D
330
A02
100
AcDbEntity
  8
Shape135
100
AcDbCircle
 10
-60.019635453
 20
461.616347144
 30
0.000000000
 40
1.000000000
  0
CIRCLE
  5
B1E
330
A02
100
AcDbEntity
  8
Shape136
100
AcDbCircle
 10
-496.019635453
 20
461.616347144
 30
0.000000000
 40
1.000000000
  0
CIRCLE
  5
B1F
330
A02
100
AcDbEntity
  8
Shape137
100
AcDbCircle
 10
-496.019635453
 20
361.616347144
 30
0.000000000
 40
1.000000000
  0
LINE
  5
B20
330
A02
100
AcDbEntity
  8
Shape138
100
AcDbLine
 10
-503.019635453
 20
496.616347144
 30
0.000000000
 11
-53.019635453
 21
496.616347144
 31
0.000000000
  0
LINE
  5
B21
330
A02
100
AcDbEntity
  8
Shape139
100
AcDbLine
 10
-53.019635453
 20
496.616347144
 30
0.000000000
 11
-53.019635453
 21
326.616347144
 31
0.000000000
  0
LINE
  5
B22
330
A02
100
AcDbEntity
  8
Shape140
100
AcDbLine
 10
-503.019635453
 20
326.616347144
 30
0.000000000
 11
-503.019635453
 21
496.616347144
 31
0.000000000
  0
LINE
  5
B23
330
A02
100
AcDbEntity
  8
Shape141
100
AcDbLine
 10
-503.019635453
 20
326.616347144
 30
0.000000000
 11
-53.019635453
 21
326.616347144
 31
0.000000000
  0
LINE
  5
B24
330
A02
100
AcDbEntity
  8
BLOCK_control_panel_front_2_holes
100
AcDbLine
 10
76.000000000
 20
809.412749121
 30
0.000000000
 11
0.000000000
 21
809.412749121
 31
0.000000000
  0
LINE
  5
B25
330
A02
100
AcDbEntity
  8
BLOCK_control_panel_front_2_holes
100
AcDbLine
 10
0.000000000
 20
359.412749121
 30
0.000000000
 11
76.000000000
 21
359.412749121
 31
0.000000000
  0
CIRCLE
  5
B26
330
A02
100
AcDbEntity
  8
BLOCK_control_panel_front_2_holes
100
AcDbCircle
 10
38.000000000
 20
649.412749121
 30
0.000000000
 40
14.000000000
  0
CIRCLE
  5
B27
330
A02
100
AcDbEntity
  8
BLOCK_control_panel_front_2_holes
100
AcDbCircle
 10
38.000000000
 20
519.412749121
 30
0.000000000
 40
14.000000000
  0
LINE
  5
B28
330
A02
100
AcDbEntity
  8
BLOCK_control_panel_front_2_holes
100
AcDbLine
 10
0.000000000
 20
809.412749121
 30
0.000000000
 11
0.000000000
 21
359.412749121
 31
0.000000000
  0
LINE
  5
B29
330
A02
100
AcDbEntity
  8
BLOCK_control_panel_front_2_holes
100
AcDbLine
 10
76.000000000
 20
809.412749121
 30
0.000000000
 11
76.000000000
 21
359.412749121
 31
0.000000000
  0
LINE
  5
B2A
330
A02
100
AcDbEntity
  8
Shape142
100
AcDbLine
 10
76.000000000
 20
809.412749121
 30
0.000000000
 11
0.000000000
 21
809.412749121
 31
0.000000000
  0
LINE
  5
B2B
330
A02
100
AcDbEntity
  8
Shape143
100
AcDbLine
 10
0.000000000
 20
359.412749121
 30
0.000000000
 11
76.000000000
 21
359.412749121
 31
0.000000000
  0
CIRCLE
  5
B2C
330
A02
100
AcDbEntity
  8
Shape144
100
AcDbCircle
 10
38.000000000
 20
649.412749121
 30
0.000000000
 40
14.000000000
  0
CIRCLE
  5
B2D
330
A02
100
AcDbEntity
  8
Shape145
100
AcDbCircle
 10
38.000000000
 20
519.412749121
 30
0.000000000
 40
14.000000000
  0
LINE
  5
B2E
330
A02
100
AcDbEntity
  8
Shape146
100
AcDbLine
 10
0.000000000
 20
809.412749121
 30
0.000000000
 11
0.000000000
 21
359.412749121
 31
0.000000000
  0
LINE
  5
B2F
330
A02
100
AcDbEntity
  8
Shape147
100
AcDbLine
 10
76.000000000
 20
809.412749121
 30
0.000000000
 11
76.000000000
 21
359.412749121
 31
0.000000000
  0
LINE
  5
B30
330
A02
100
AcDbEntity
  8
BLOCK_control_panel_front_3_holes
100
AcDbLine
 10
1220.000000000
 20
359.412749121
 30
0.000000000
 11
770.000000000
 21
359.412749121
 31
0.000000000
  0
LINE
  5
B31
330
A02
100
AcDbEntity
  8
BLOCK_control_panel_front_3_holes
100
AcDbLine
 10
770.000000000
 20
435.412749121
 30
0.000000000
 11
770.000000000
 21
359.412749121
 31
0.000000000
  0
LINE
  5
B32
330
A02
100
AcDbEntity
  8
BLOCK_control_panel_front_3_holes
100
AcDbLine
 10
1220.000000000
 20
435.412749121
 30
0.000000000
 11
1220.000000000
 21
359.412749121
 31
0.000000000
  0
LINE
  5
B33
330
A02
100
AcDbEntity
  8
BLOCK_control_panel_front_3_holes
100
AcDbLine
 10
1220.000000000
 20
435.412749121
 30
0.000000000
 11
770.000000000
 21
435.412749121
 31
0.000000000
  0
CIRCLE
  5
B34
330
A02
100
AcDbEntity
  8
BLOCK_control_panel_front_3_holes
100
AcDbCircle
 10
995.000000000
 20
397.412749121
 30
0.000000000
 40
14.000000000
  0
CIRCLE
  5
B35
330
A02
100
AcDbEntity
  8
BLOCK_control_panel_front_3_holes
100
AcDbCircle
 10
1095.000000000
 20
397.412749121
 30
0.000000000
 40
14.000000000
  0
CIRCLE
  5
B36
330
A02
100
AcDbEntity
  8
BLOCK_control_panel_front_3_holes
100
AcDbCircle
 10
895.000000000
 20
397.412749121
 30
0.000000000
 40
14.000000000
  0
LINE
  5
B37
330
A02
100
AcDbEntity
  8
Shape148
100
AcDbLine
 10
1220.000000000
 20
359.412749121
 30
0.000000000
 11
770.000000000
 21
359.412749121
 31
0.000000000
  0
LINE
  5
B38
330
A02
100
AcDbEntity
  8
Shape149
100
AcDbLine
 10
770.000000000
 20
435.412749121
 30
0.000000000
 11
770.000000000
 21
359.412749121
 31
0.000000000
  0
LINE
  5
B39
330
A02
100
AcDbEntity
  8
Shape150
100
AcDbLine
 10
1220.000000000
 20
435.412749121
 30
0.000000000
 11
1220.000000000
 21
359.412749121
 31
0.000000000
  0
LINE
  5
B3A
330
A02
100
AcDbEntity
  8
Shape151
100
AcDbLine
 10
1220.000000000
 20
435.412749121
 30
0.000000000
 11
770.000000000
 21
435.412749121
 31
0.000000000
  0
CIRCLE
  5
B3B
330
A02
100
AcDbEntity
  8
Shape152
100
AcDbCircle
 10
995.000000000
 20
397.412749121
 30
0.000000000
 40
14.000000000
  0
CIRCLE
  5
B3C
330
A02
100
AcDbEntity
  8
Shape153
100
AcDbCircle
 10
1095.000000000
 20
397.412749121
 30
0.000000000
 40
14.000000000
  0
CIRCLE
  5
B3D
330
A02
100
AcDbEntity
  8
Shape154
100
AcDbCircle
 10
895.000000000
 20
397.412749121
 30
0.000000000
 40
14.000000000
  0
LINE
  5
B3E
330
A02
100
AcDbEntity
  8
BLOCK_control_panel_front_blank
100
AcDbLine
 10
-107.858553191
 20
756.493574179
 30
0.000000000
 11
-107.858553191
 21
832.493574179
 31
0.000000000
  0
LINE
  5
B3F
330
A02
100
AcDbEntity
  8
BLOCK_control_panel_front_blank
100
AcDbLine
 10
-557.858553191
 20
832.493574179
 30
0.000000000
 11
-557.858553191
 21
756.493574179
 31
0.000000000
  0
LINE
  5
B40
330
A02
100
AcDbEntity
  8
BLOCK_control_panel_front_blank
100
AcDbLine
 10
-557.858553191
 20
832.493574179
 30
0.000000000
 11
-107.858553191
 21
832.493574179
 31
0.000000000
  0
LINE
  5
B41
330
A02
100
AcDbEntity
  8
BLOCK_control_panel_front_blank
100
AcDbLine
 10
-557.858553191
 20
756.493574179
 30
0.000000000
 11
-107.858553191
 21
756.493574179
 31
0.000000000
  0
LINE
  5
B42
330
A02
100
AcDbEntity
  8
Shape155
100
AcDbLine
 10
-107.858553191
 20
756.493574179
 30
0.000000000
 11
-107.858553191
 21
832.493574179
 31
0.000000000
  0
LINE
  5
B43
330
A02
100
AcDbEntity
  8
Shape156
100
AcDbLine
 10
-557.858553191
 20
832.493574179
 30
0.000000000
 11
-557.858553191
 21
756.493574179
 31
0.000000000
  0
LINE
  5
B44
330
A02
100
AcDbEntity
  8
Shape157
100
AcDbLine
 10
-557.858553191
 20
832.493574179
 30
0.000000000
 11
-107.858553191
 21
832.493574179
 31
0.000000000
  0
LINE
  5
B45
330
A02
100
AcDbEntity
  8
Shape158
100
AcDbLine
 10
-557.858553191
 20
756.493574179
 30
0.000000000
 11
-107.858553191
 21
756.493574179
 31
0.000000000
  0
CIRCLE
  5
B46
330
A02
100
AcDbEntity
  8
BLOCK_control_panel_front_options
100
AcDbCircle
 10
218.707761777
 20
726.264840559
 30
0.000000000
 40
14.000000000
  0
CIRCLE
  5
B47
330
A02
100
AcDbEntity
  8
BLOCK_control_panel_front_options
100
AcDbCircle
 10
18.707761777
 20
726.264840559
 30
0.000000000
 40
14.000000000
  0
CIRCLE
  5
B48
330
A02
100
AcDbEntity
  8
BLOCK_control_panel_front_options
100
AcDbCircle
 10
118.707761777
 20
726.264840559
 30
0.000000000
 40
14.000000000
  0
LINE
  5
B49
330
A02
100
AcDbEntity
  8
BLOCK_control_panel_front_options
100
AcDbLine
 10
-106.292238223
 20
838.264840559
 30
0.000000000
 11
343.707761777
 21
838.264840559
 31
0.000000000
  0
LINE
  5
B4A
330
A02
100
AcDbEntity
  8
BLOCK_control_panel_front_options
100
AcDbLine
 10
-106.292238223
 20
762.264840559
 30
0.000000000
 11
343.707761777
 21
762.264840559
 31
0.000000000
  0
CIRCLE
  5
B4B
330
A02
100
AcDbEntity
  8
BLOCK_control_panel_front_options
100
AcDbCircle
 10
183.707761777
 20
802.264840559
 30
0.000000000
 40
14.000000000
  0
CIRCLE
  5
B4C
330
A02
100
AcDbEntity
  8
BLOCK_control_panel_front_options
100
AcDbCircle
 10
53.707761777
 20
802.264840559
 30
0.000000000
 40
14.000000000
  0
LINE
  5
B4D
330
A02
100
AcDbEntity
  8
BLOCK_control_panel_front_options
100
AcDbLine
 10
-106.292238223
 20
686.264840559
 30
0.000000000
 11
343.707761777
 21
686.264840559
 31
0.000000000
  0
LINE
  5
B4E
330
A02
100
AcDbEntity
  8
BLOCK_control_panel_front_options
100
AcDbLine
 10
343.707761777
 20
686.264840559
 30
0.000000000
 11
343.707761777
 21
838.264840559
 31
0.000000000
  0
LINE
  5
B4F
330
A02
100
AcDbEntity
  8
BLOCK_control_panel_front_options
100
AcDbLine
 10
-106.292238223
 20
838.264840559
 30
0.000000000
 11
-106.292238223
 21
686.264840559
 31
0.000000000
  0
CIRCLE
  5
B50
330
A02
100
AcDbEntity
  8
Shape159
100
AcDbCircle
 10
218.707761777
 20
726.264840559
 30
0.000000000
 40
14.000000000
  0
CIRCLE
  5
B51
330
A02
100
AcDbEntity
  8
Shape160
100
AcDbCircle
 10
18.707761777
 20
726.264840559
 30
0.000000000
 40
14.000000000
  0
CIRCLE
  5
B52
330
A02
100
AcDbEntity
  8
Shape161
100
AcDbCircle
 10
118.707761777
 20
726.264840559
 30
0.000000000
 40
14.000000000
  0
LINE
  5
B53
330
A02
100
AcDbEntity
  8
Shape162
100
AcDbLine
 10
-106.292238223
 20
838.264840559
 30
0.000000000
 11
343.707761777
 21
838.264840559
 31
0.000000000
  0
LINE
  5
B54
330
A02
100
AcDbEntity
  8
Shape163
100
AcDbLine
 10
-106.292238223
 20
762.264840559
 30
0.000000000
 11
343.707761777
 21
762.264840559
 31
0.000000000
  0
CIRCLE
  5
B55
330
A02
100
AcDbEntity
  8
Shape164
100
AcDbCircle
 10
183.707761777
 20
802.264840559
 30
0.000000000
 40
14.000000000
  0
CIRCLE
  5
B56
330
A02
100
AcDbEntity
  8
Shape165
100
AcDbCircle
 10
53.707761777
 20
802.264840559
 30
0.000000000
 40
14.000000000
  0
LINE
  5
B57
330
A02
100
AcDbEntity
  8
Shape166
100
AcDbLine
 10
-106.292238223
 20
686.264840559
 30
0.000000000
 11
343.707761777
 21
686.264840559
 31
0.000000000
  0
LINE
  5
B58
330
A02
100
AcDbEntity
  8
Shape167
100
AcDbLine
 10
343.707761777
 20
686.264840559
 30
0.000000000
 11
343.707761777
 21
838.264840559
 31
0.000000000
  0
LINE
  5
B59
330
A02
100
AcDbEntity
  8
Shape168
100
AcDbLine
 10
-106.292238223
 20
838.264840559
 30
0.000000000
 11
-106.292238223
 21
686.264840559
 31
0.000000000
  0
CIRCLE
  5
B5A
330
A02
100
AcDbEntity
  8
BLOCK_control_panel_pieces
100
AcDbCircle
 10
442.951410155
 20
707.961207358
 30
0.000000000
 40
1.000000000
  0
CIRCLE
  5
B5B
330
A02
100
AcDbEntity
  8
BLOCK_control_panel_pieces
100
AcDbCircle
 10
442.951410155
 20
807.961207358
 30
0.000000000
 40
1.000000000
  0
CIRCLE
  5
B5C
330
A02
100
AcDbEntity
  8
BLOCK_control_panel_pieces
100
AcDbCircle
 10
6.951410155
 20
807.961207358
 30
0.000000000
 40
1.000000000
  0
CIRCLE
  5
B5D
330
A02
100
AcDbEntity
  8
BLOCK_control_panel_pieces
100
AcDbCircle
 10
6.951410155
 20
707.961207358
 30
0.000000000
 40
1.000000000
  0
LINE
  5
B5E
330
A02
100
AcDbEntity
  8
BLOCK_control_panel_pieces
100
AcDbLine
 10
-0.048589845
 20
842.961207358
 30
0.000000000
 11
449.951410155
 21
842.961207358
 31
0.000000000
  0
LINE
  5
B5F
330
A02
100
AcDbEntity
  8
BLOCK_control_panel_pieces
100
AcDbLine
 10
449.951410155
 20
842.961207358
 30
0.000000000
 11
449.951410155
 21
672.961207358
 31
0.000000000
  0
LINE
  5
B60
330
A02
100
AcDbEntity
  8
BLOCK_control_panel_pieces
100
AcDbLine
 10
449.951410155
 20
672.961207358
 30
0.000000000
 11
-0.048589845
 21
672.961207358
 31
0.000000000
  0
LINE
  5
B61
330
A02
100
AcDbEntity
  8
BLOCK_control_panel_pieces
100
AcDbLine
 10
-0.048589845
 20
672.961207358
 30
0.000000000
 11
-0.048589845
 21
842.961207358
 31
0.000000000
  0
LINE
  5
B62
330
A02
100
AcDbEntity
  8
BLOCK_control_panel_pieces
100
AcDbLine
 10
-0.048589845
 20
672.961207358
 30
0.000000000
 11
-0.048589845
 21
596.961207358
 31
0.000000000
  0
LINE
  5
B63
330
A02
100
AcDbEntity
  8
BLOCK_control_panel_pieces
100
AcDbLine
 10
-0.048589845
 20
596.961207358
 30
0.000000000
 11
449.951410155
 21
596.961207358
 31
0.000000000
  0
LINE
  5
B64
330
A02
100
AcDbEntity
  8
BLOCK_control_panel_pieces
100
AcDbLine
 10
449.951410155
 20
596.961207358
 30
0.000000000
 11
449.951410155
 21
672.961207358
 31
0.000000000
  0
CIRCLE
  5
B65
330
A02
100
AcDbEntity
  8
Shape169
100
AcDbCircle
 10
442.951410155
 20
707.961207358
 30
0.000000000
 40
1.000000000
  0
CIRCLE
  5
B66
330
A02
100
AcDbEntity
  8
Shape170
100
AcDbCircle
 10
442.951410155
 20
807.961207358
 30
0.000000000
 40
1.000000000
  0
CIRCLE
  5
B67
330
A02
100
AcDbEntity
  8
Shape171
100
AcDbCircle
 10
6.951410155
 20
807.961207358
 30
0.000000000
 40
1.000000000
  0
CIRCLE
  5
B68
330
A02
100
AcDbEntity
  8
Shape172
100
AcDbCircle
 10
6.951410155
 20
707.961207358
 30
0.000000000
 40
1.000000000
  0
LINE
  5
B69
330
A02
100
AcDbEntity
  8
Shape173
100
AcDbLine
 10
-0.048589845
 20
842.961207358
 30
0.000000000
 11
449.951410155
 21
842.961207358
 31
0.000000000
  0
LINE
  5
B6A
330
A02
100
AcDbEntity
  8
Shape174
100
AcDbLine
 10
449.951410155
 20
842.961207358
 30
0.000000000
 11
449.951410155
 21
672.961207358
 31
0.000000000
  0
LINE
  5
B6B
330
A02
100
AcDbEntity
  8
Shape175
100
AcDbLine
 10
449.951410155
 20
672.961207358
 30
0.000000000
 11
-0.048589845
 21
672.961207358
 31
0.000000000
  0
LINE
  5
B6C
330
A02
100
AcDbEntity
  8
Shape176
100
AcDbLine
 10
-0.048589845
 20
672.961207358
 30
0.000000000
 11
-0.048589845
 21
842.961207358
 31
0.000000000
  0
LINE
  5
B6D
330
A02
100
AcDbEntity
  8
Shape177
100
AcDbLine
 10
-0.048589845
 20
672.961207358
 30
0.000000000
 11
-0.048589845
 21
596.961207358
 31
0.000000000
  0
LINE
  5
B6E
330
A02
100
AcDbEntity
  8
Shape178
100
AcDbLine
 10
-0.048589845
 20
596.961207358
 30
0.000000000
 11
449.951410155
 21
596.961207358
 31
0.000000000
  0
LINE
  5
B6F
330
A02
100
AcDbEntity
  8
Shape179
100
AcDbLine
 10
449.951410155
 20
596.961207358
 30
0.000000000
 11
449.951410155
 21
672.961207358
 31
0.000000000
  0
LINE
  5
B70
330
A02
100
AcDbEntity
  8
BLOCK_control_panel_top_options
100
AcDbLine
 10
-152.639774968
 20
288.730140426
 30
0.000000000
 11
297.360225032
 21
288.730140426
 31
0.000000000
  0
LINE
  5
B71
330
A02
100
AcDbEntity
  8
BLOCK_control_panel_top_options
100
AcDbLine
 10
-152.639774968
 20
288.730140426
 30
0.000000000
 11
-152.639774968
 21
458.730140426
 31
0.000000000
  0
LINE
  5
B72
330
A02
100
AcDbEntity
  8
BLOCK_control_panel_top_options
100
AcDbLine
 10
297.360225032
 20
458.730140426
 30
0.000000000
 11
297.360225032
 21
288.730140426
 31
0.000000000
  0
LINE
  5
B73
330
A02
100
AcDbEntity
  8
BLOCK_control_panel_top_options
100
AcDbLine
 10
-152.639774968
 20
458.730140426
 30
0.000000000
 11
297.360225032
 21
458.730140426
 31
0.000000000
  0
CIRCLE
  5
B74
330
A02
100
AcDbEntity
  8
BLOCK_control_panel_top_options
100
AcDbCircle
 10
-145.639774968
 20
323.730140426
 30
0.000000000
 40
1.000000000
  0
CIRCLE
  5
B75
330
A02
100
AcDbEntity
  8
BLOCK_control_panel_top_options
100
AcDbCircle
 10
-145.639774968
 20
423.730140426
 30
0.000000000
 40
1.000000000
  0
CIRCLE
  5
B76
330
A02
100
AcDbEntity
  8
BLOCK_control_panel_top_options
100
AcDbCircle
 10
290.360225032
 20
423.730140426
 30
0.000000000
 40
1.000000000
  0
CIRCLE
  5
B77
330
A02
100
AcDbEntity
  8
BLOCK_control_panel_top_options
100
AcDbCircle
 10
290.360225032
 20
323.730140426
 30
0.000000000
 40
1.000000000
  0
LINE
  5
B78
330
A02
100
AcDbEntity
  8
Shape180
100
AcDbLine
 10
-152.639774968
 20
288.730140426
 30
0.000000000
 11
297.360225032
 21
288.730140426
 31
0.000000000
  0
LINE
  5
B79
330
A02
100
AcDbEntity
  8
Shape181
100
AcDbLine
 10
-152.639774968
 20
288.730140426
 30
0.000000000
 11
-152.639774968
 21
458.730140426
 31
0.000000000
  0
LINE
  5
B7A
330
A02
100
AcDbEntity
  8
Shape182
100
AcDbLine
 10
297.360225032
 20
458.730140426
 30
0.000000000
 11
297.360225032
 21
288.730140426
 31
0.000000000
  0
LINE
  5
B7B
330
A02
100
AcDbEntity
  8
Shape183
100
AcDbLine
 10
-152.639774968
 20
458.730140426
 30
0.000000000
 11
297.360225032
 21
458.730140426
 31
0.000000000
  0
CIRCLE
  5
B7C
330
A02
100
AcDbEntity
  8
Shape184
100
AcDbCircle
 10
-145.639774968
 20
323.730140426
 30
0.000000000
 40
1.000000000
  0
CIRCLE
  5
B7D
330
A02
100
AcDbEntity
  8
Shape185
100
AcDbCircle
 10
-145.639774968
 20
423.730140426
 30
0.000000000
 40
1.000000000
  0
CIRCLE
  5
B7E
330
A02
100
AcDbEntity
  8
Shape186
100
AcDbCircle
 10
290.360225032
 20
423.730140426
 30
0.000000000
 40
1.000000000
  0
CIRCLE
  5
B7F
330
A02
100
AcDbEntity
  8
Shape187
100
AcDbCircle
 10
290.360225032
 20
323.730140426
 30
0.000000000
 40
1.000000000
  0
CIRCLE
  5
B80
330
A02
100
AcDbEntity
  8
BLOCK_grill
100
AcDbCircle
 10
-503.250998154
 20
382.743112114
 30
0.000000000
 40
3.000000000
  0
CIRCLE
  5
B81
330
A02
100
AcDbEntity
  8
BLOCK_grill
100
AcDbCircle
 10
-494.936082362
 20
379.298961223
 30
0.000000000
 40
3.000000000
  0
CIRCLE
  5
B82
330
A02
100
AcDbEntity
  8
BLOCK_grill
100
AcDbCircle
 10
-502.739901409
 20
367.619720665
 30
0.000000000
 40
3.000000000
  0
CIRCLE
  5
B83
330
A02
100
AcDbEntity
  8
BLOCK_grill
100
AcDbCircle
 10
-515.467823471
 20
380.347642726
 30
0.000000000
 40
3.000000000
  0
CIRCLE
  5
B84
330
A02
100
AcDbEntity
  8
BLOCK_grill
100
AcDbCircle
 10
-509.103862440
 20
373.983681696
 30
0.000000000
 40
3.000000000
  0
CIRCLE
  5
B85
330
A02
100
AcDbEntity
  8
BLOCK_grill
100
AcDbCircle
 10
-517.863292858
 20
368.130817410
 30
0.000000000
 40
3.000000000
  0
CIRCLE
  5
B86
330
A02
100
AcDbEntity
  8
BLOCK_grill
100
AcDbCircle
 10
-514.419141967
 20
359.815901617
 30
0.000000000
 40
3.000000000
  0
CIRCLE
  5
B87
330
A02
100
AcDbEntity
  8
BLOCK_grill
100
AcDbCircle
 10
-538.528198206
 20
368.130817410
 30
0.000000000
 40
3.000000000
  0
CIRCLE
  5
B88
330
A02
100
AcDbEntity
  8
BLOCK_grill
100
AcDbCircle
 10
-541.972349097
 20
359.815901617
 30
0.000000000
 40
3.000000000
  0
CIRCLE
  5
B89
330
A02
100
AcDbEntity
  8
BLOCK_grill
100
AcDbCircle
 10
-553.651589655
 20
367.619720665
 30
0.000000000
 40
3.000000000
  0
CIRCLE
  5
B8A
330
A02
100
AcDbEntity
  8
BLOCK_grill
100
AcDbCircle
 10
-540.923667593
 20
380.347642726
 30
0.000000000
 40
3.000000000
  0
CIRCLE
  5
B8B
330
A02
100
AcDbEntity
  8
BLOCK_grill
100
AcDbCircle
 10
-547.287628624
 20
373.983681696
 30
0.000000000
 40
3.000000000
  0
CIRCLE
  5
B8C
330
A02
100
AcDbEntity
  8
BLOCK_grill
100
AcDbCircle
 10
-553.140492910
 20
382.743112114
 30
0.000000000
 40
3.000000000
  0
CIRCLE
  5
B8D
330
A02
100
AcDbEntity
  8
BLOCK_grill
100
AcDbCircle
 10
-561.455408702
 20
379.298961223
 30
0.000000000
 40
3.000000000
  0
CIRCLE
  5
B8E
330
A02
100
AcDbEntity
  8
BLOCK_grill
100
AcDbCircle
 10
-553.140492910
 20
403.408017462
 30
0.000000000
 40
3.000000000
  0
CIRCLE
  5
B8F
330
A02
100
AcDbEntity
  8
BLOCK_grill
100
AcDbCircle
 10
-561.455408702
 20
406.852168353
 30
0.000000000
 40
3.000000000
  0
CIRCLE
  5
B90
330
A02
100
AcDbEntity
  8
BLOCK_grill
100
AcDbCircle
 10
-553.651589655
 20
418.531408911
 30
0.000000000
 40
3.000000000
  0
CIRCLE
  5
B91
330
A02
100
AcDbEntity
  8
BLOCK_grill
100
AcDbCircle
 10
-540.923667593
 20
405.803486849
 30
0.000000000
 40
3.000000000
  0
CIRCLE
  5
B92
330
A02
100
AcDbEntity
  8
BLOCK_grill
100
AcDbCircle
 10
-547.287628624
 20
412.167447880
 30
0.000000000
 40
3.000000000
  0
CIRCLE
  5
B93
330
A02
100
AcDbEntity
  8
BLOCK_grill
100
AcDbCircle
 10
-538.528198206
 20
418.020312166
 30
0.000000000
 40
3.000000000
  0
CIRCLE
  5
B94
330
A02
100
AcDbEntity
  8
BLOCK_grill
100
AcDbCircle
 10
-541.972349097
 20
426.335227958
 30
0.000000000
 40
3.000000000
  0
CIRCLE
  5
B95
330
A02
100
AcDbEntity
  8
BLOCK_grill
100
AcDbCircle
 10
-494.936082362
 20
406.852168353
 30
0.000000000
 40
3.000000000
  0
CIRCLE
  5
B96
330
A02
100
AcDbEntity
  8
BLOCK_grill
100
AcDbCircle
 10
-503.250998154
 20
403.408017462
 30
0.000000000
 40
3.000000000
  0
CIRCLE
  5
B97
330
A02
100
AcDbEntity
  8
BLOCK_grill
100
AcDbCircle
 10
-502.739901409
 20
418.531408911
 30
0.000000000
 40
3.000000000
  0
CIRCLE
  5
B98
330
A02
100
AcDbEntity
  8
BLOCK_grill
100
AcDbCircle
 10
-509.103862440
 20
412.167447880
 30
0.000000000
 40
3.000000000
  0
CIRCLE
  5
B99
330
A02
100
AcDbEntity
  8
BLOCK_grill
100
AcDbCircle
 10
-492.195745532
 20
393.075564788
 30
0.000000000
 40
3.000000000
  0
CIRCLE
  5
B9A
330
A02
100
AcDbEntity
  8
BLOCK_grill
100
AcDbCircle
 10
-501.195745532
 20
393.075564788
 30
0.000000000
 40
3.000000000
  0
CIRCLE
  5
B9B
330
A02
100
AcDbEntity
  8
BLOCK_grill
100
AcDbCircle
 10
-510.195745532
 20
393.075564788
 30
0.000000000
 40
3.000000000
  0
CIRCLE
  5
B9C
330
A02
100
AcDbEntity
  8
BLOCK_grill
100
AcDbCircle
 10
-514.419141967
 20
426.335227958
 30
0.000000000
 40
3.000000000
  0
CIRCLE
  5
B9D
330
A02
100
AcDbEntity
  8
BLOCK_grill
100
AcDbCircle
 10
-517.863292858
 20
418.020312166
 30
0.000000000
 40
3.000000000
  0
CIRCLE
  5
B9E
330
A02
100
AcDbEntity
  8
BLOCK_grill
100
AcDbCircle
 10
-515.467823471
 20
405.803486849
 30
0.000000000
 40
3.000000000
  0
CIRCLE
  5
B9F
330
A02
100
AcDbEntity
  8
BLOCK_grill
100
AcDbCircle
 10
-519.195745532
 20
393.075564788
 30
0.000000000
 40
3.000000000
  0
CIRCLE
  5
BA0
330
A02
100
AcDbEntity
  8
BLOCK_grill
100
AcDbCircle
 10
-564.195745532
 20
393.075564788
 30
0.000000000
 40
3.000000000
  0
CIRCLE
  5
BA1
330
A02
100
AcDbEntity
  8
BLOCK_grill
100
AcDbCircle
 10
-555.195745532
 20
393.075564788
 30
0.000000000
 40
3.000000000
  0
CIRCLE
  5
BA2
330
A02
100
AcDbEntity
  8
BLOCK_grill
100
AcDbCircle
 10
-546.195745532
 20
393.075564788
 30
0.000000000
 40
3.000000000
  0
CIRCLE
  5
BA3
330
A02
100
AcDbEntity
  8
BLOCK_grill
100
AcDbCircle
 10
-537.195745532
 20
393.075564788
 30
0.000000000
 40
3.000000000
  0
CIRCLE
  5
BA4
330
A02
100
AcDbEntity
  8
BLOCK_grill
100
AcDbCircle
 10
-528.195745532
 20
384.075564788
 30
0.000000000
 40
3.000000000
  0
CIRCLE
  5
BA5
330
A02
100
AcDbEntity
  8
BLOCK_grill
100
AcDbCircle
 10
-528.195745532
 20
375.075564788
 30
0.000000000
 40
3.000000000
  0
CIRCLE
  5
BA6
330
A02
100
AcDbEntity
  8
BLOCK_grill
100
AcDbCircle
 10
-528.195745532
 20
366.075564788
 30
0.000000000
 40
3.000000000
  0
CIRCLE
  5
BA7
330
A02
100
AcDbEntity
  8
BLOCK_grill
100
AcDbCircle
 10
-528.195745532
 20
357.075564788
 30
0.000000000
 40
3.000000000
  0
CIRCLE
  5
BA8
330
A02
100
AcDbEntity
  8
BLOCK_grill
100
AcDbCircle
 10
-519.416681041
 20
437.210902406
 30
0.000000000
 40
3.000000000
  0
CIRCLE
  5
BA9
330
A02
100
AcDbEntity
  8
BLOCK_grill
100
AcDbCircle
 10
-510.974991076
 20
434.650143751
 30
0.000000000
 40
3.000000000
  0
CIRCLE
  5
BAA
330
A02
100
AcDbEntity
  8
BLOCK_grill
100
AcDbCircle
 10
-503.195085046
 20
430.491697341
 30
0.000000000
 40
3.000000000
  0
CIRCLE
  5
BAB
330
A02
100
AcDbEntity
  8
BLOCK_grill
100
AcDbCircle
 10
-496.375940379
 20
424.895369941
 30
0.000000000
 40
3.000000000
  0
CIRCLE
  5
BAC
330
A02
100
AcDbEntity
  8
BLOCK_grill
100
AcDbCircle
 10
-490.779612978
 20
418.076225274
 30
0.000000000
 40
3.000000000
  0
CIRCLE
  5
BAD
330
A02
100
AcDbEntity
  8
BLOCK_grill
100
AcDbCircle
 10
-486.621166569
 20
410.296319244
 30
0.000000000
 40
3.000000000
  0
CIRCLE
  5
BAE
330
A02
100
AcDbEntity
  8
BLOCK_grill
100
AcDbCircle
 10
-484.060407914
 20
401.854629279
 30
0.000000000
 40
3.000000000
  0
CIRCLE
  5
BAF
330
A02
100
AcDbEntity
  8
BLOCK_grill
100
AcDbCircle
 10
-483.195745532
 20
393.075564788
 30
0.000000000
 40
3.000000000
  0
CIRCLE
  5
BB0
330
A02
100
AcDbEntity
  8
BLOCK_grill
100
AcDbCircle
 10
-484.060407914
 20
384.296500297
 30
0.000000000
 40
3.000000000
  0
CIRCLE
  5
BB1
330
A02
100
AcDbEntity
  8
BLOCK_grill
100
AcDbCircle
 10
-486.621166569
 20
375.854810331
 30
0.000000000
 40
3.000000000
  0
CIRCLE
  5
BB2
330
A02
100
AcDbEntity
  8
BLOCK_grill
100
AcDbCircle
 10
-490.779612978
 20
368.074904302
 30
0.000000000
 40
3.000000000
  0
CIRCLE
  5
BB3
330
A02
100
AcDbEntity
  8
BLOCK_grill
100
AcDbCircle
 10
-496.375940379
 20
361.255759634
 30
0.000000000
 40
3.000000000
  0
CIRCLE
  5
BB4
330
A02
100
AcDbEntity
  8
BLOCK_grill
100
AcDbCircle
 10
-503.195085046
 20
355.659432234
 30
0.000000000
 40
3.000000000
  0
CIRCLE
  5
BB5
330
A02
100
AcDbEntity
  8
BLOCK_grill
100
AcDbCircle
 10
-510.974991076
 20
351.500985825
 30
0.000000000
 40
3.000000000
  0
CIRCLE
  5
BB6
330
A02
100
AcDbEntity
  8
BLOCK_grill
100
AcDbCircle
 10
-519.416681041
 20
348.940227170
 30
0.000000000
 40
3.000000000
  0
CIRCLE
  5
BB7
330
A02
100
AcDbEntity
  8
BLOCK_grill
100
AcDbCircle
 10
-528.195745532
 20
348.075564788
 30
0.000000000
 40
3.000000000
  0
CIRCLE
  5
BB8
330
A02
100
AcDbEntity
  8
BLOCK_grill
100
AcDbCircle
 10
-536.974810023
 20
348.940227170
 30
0.000000000
 40
3.000000000
  0
CIRCLE
  5
BB9
330
A02
100
AcDbEntity
  8
BLOCK_grill
100
AcDbCircle
 10
-545.416499988
 20
351.500985825
 30
0.000000000
 40
3.000000000
  0
CIRCLE
  5
BBA
330
A02
100
AcDbEntity
  8
BLOCK_grill
100
AcDbCircle
 10
-553.196406018
 20
355.659432234
 30
0.000000000
 40
3.000000000
  0
CIRCLE
  5
BBB
330
A02
100
AcDbEntity
  8
BLOCK_grill
100
AcDbCircle
 10
-560.015550685
 20
361.255759634
 30
0.000000000
 40
3.000000000
  0
CIRCLE
  5
BBC
330
A02
100
AcDbEntity
  8
BLOCK_grill
100
AcDbCircle
 10
-565.611878086
 20
368.074904302
 30
0.000000000
 40
3.000000000
  0
CIRCLE
  5
BBD
330
A02
100
AcDbEntity
  8
BLOCK_grill
100
AcDbCircle
 10
-569.770324495
 20
375.854810331
 30
0.000000000
 40
3.000000000
  0
CIRCLE
  5
BBE
330
A02
100
AcDbEntity
  8
BLOCK_grill
100
AcDbCircle
 10
-572.331083150
 20
384.296500297
 30
0.000000000
 40
3.000000000
  0
CIRCLE
  5
BBF
330
A02
100
AcDbEntity
  8
BLOCK_grill
100
AcDbCircle
 10
-573.195745532
 20
393.075564788
 30
0.000000000
 40
3.000000000
  0
CIRCLE
  5
BC0
330
A02
100
AcDbEntity
  8
BLOCK_grill
100
AcDbCircle
 10
-572.331083150
 20
401.854629279
 30
0.000000000
 40
3.000000000
  0
CIRCLE
  5
BC1
330
A02
100
AcDbEntity
  8
BLOCK_grill
100
AcDbCircle
 10
-569.770324495
 20
410.296319244
 30
0.000000000
 40
3.000000000
  0
CIRCLE
  5
BC2
330
A02
100
AcDbEntity
  8
BLOCK_grill
100
AcDbCircle
 10
-565.611878086
 20
418.076225274
 30
0.000000000
 40
3.000000000
  0
CIRCLE
  5
BC3
330
A02
100
AcDbEntity
  8
BLOCK_grill
100
AcDbCircle
 10
-560.015550685
 20
424.895369941
 30
0.000000000
 40
3.000000000
  0
CIRCLE
  5
BC4
330
A02
100
AcDbEntity
  8
BLOCK_grill
100
AcDbCircle
 10
-553.196406018
 20
430.491697341
 30
0.000000000
 40
3.000000000
  0
CIRCLE
  5
BC5
330
A02
100
AcDbEntity
  8
BLOCK_grill
100
AcDbCircle
 10
-545.416499988
 20
434.650143751
 30
0.000000000
 40
3.000000000
  0
CIRCLE
  5
BC6
330
A02
100
AcDbEntity
  8
BLOCK_grill
100
AcDbCircle
 10
-536.974810023
 20
437.210902406
 30
0.000000000
 40
3.000000000
  0
CIRCLE
  5
BC7
330
A02
100
AcDbEntity
  8
BLOCK_grill
100
AcDbCircle
 10
-528.195745532
 20
438.075564788
 30
0.000000000
 40
3.000000000
  0
CIRCLE
  5
BC8
330
A02
100
AcDbEntity
  8
BLOCK_grill
100
AcDbCircle
 10
-528.195745532
 20
429.075564788
 30
0.000000000
 40
3.000000000
  0
CIRCLE
  5
BC9
330
A02
100
AcDbEntity
  8
BLOCK_grill
100
AcDbCircle
 10
-528.195745532
 20
420.075564788
 30
0.000000000
 40
3.000000000
  0
CIRCLE
  5
BCA
330
A02
100
AcDbEntity
  8
BLOCK_grill
100
AcDbCircle
 10
-528.195745532
 20
411.075564788
 30
0.000000000
 40
3.000000000
  0
CIRCLE
  5
BCB
330
A02
100
AcDbEntity
  8
BLOCK_grill
100
AcDbCircle
 10
-528.195745532
 20
402.075564788
 30
0.000000000
 40
3.000000000
  0
CIRCLE
  5
BCC
330
A02
100
AcDbEntity
  8
BLOCK_grill
100
AcDbCircle
 10
-528.195745532
 20
393.075564788
 30
0.000000000
 40
3.000000000
  0
CIRCLE
  5
BCD
330
A02
100
AcDbEntity
  8
Shape188
100
AcDbCircle
 10
-503.250998154
 20
382.743112114
 30
0.000000000
 40
3.000000000
  0
CIRCLE
  5
BCE
330
A02
100
AcDbEntity
  8
Shape189
100
AcDbCircle
 10
-494.936082362
 20
379.298961223
 30
0.000000000
 40
3.000000000
  0
CIRCLE
  5
BCF
330
A02
100
AcDbEntity
  8
Shape190
100
AcDbCircle
 10
-502.739901409
 20
367.619720665
 30
0.000000000
 40
3.000000000
  0
CIRCLE
  5
BD0
330
A02
100
AcDbEntity
  8
Shape191
100
AcDbCircle
 10
-515.467823471
 20
380.347642726
 30
0.000000000
 40
3.000000000
  0
CIRCLE
  5
BD1
330
A02
100
AcDbEntity
  8
Shape192
100
AcDbCircle
 10
-509.103862440
 20
373.983681696
 30
0.000000000
 40
3.000000000
  0
CIRCLE
  5
BD2
330
A02
100
AcDbEntity
  8
Shape193
100
AcDbCircle
 10
-517.863292858
 20
368.130817410
 30
0.000000000
 40
3.000000000
  0
CIRCLE
  5
BD3
330
A02
100
AcDbEntity
  8
Shape194
100
AcDbCircle
 10
-514.419141967
 20
359.815901617
 30
0.000000000
 40
3.000000000
  0
CIRCLE
  5
BD4
330
A02
100
AcDbEntity
  8
Shape195
100
AcDbCircle
 10
-538.528198206
 20
368.130817410
 30
0.000000000
 40
3.000000000
  0
CIRCLE
  5
BD5
330
A02
100
AcDbEntity
  8
Shape196
100
AcDbCircle
 10
-541.972349097
 20
359.815901617
 30
0.000000000
 40
3.000000000
  0
CIRCLE
  5
BD6
330
A02
100
AcDbEntity
  8
Shape197
100
AcDbCircle
 10
-553.651589655
 20
367.619720665
 30
0.000000000
 40
3.000000000
  0
CIRCLE
  5
BD7
330
A02
100
AcDbEntity
  8
Shape198
100
AcDbCircle
 10
-540.923667593
 20
380.347642726
 30
0.000000000
 40
3.000000000
  0
CIRCLE
  5
BD8
330
A02
100
AcDbEntity
  8
Shape199
100
AcDbCircle
 10
-547.287628624
 20
373.983681696
 30
0.000000000
 40
3.000000000
  0
CIRCLE
  5
BD9
330
A02
100
AcDbEntity
  8
Shape200
100
AcDbCircle
 10
-553.140492910
 20
382.743112114
 30
0.000000000
 40
3.000000000
  0
CIRCLE
  5
BDA
330
A02
100
AcDbEntity
  8
Shape201
100
AcDbCircle
 10
-561.455408702
 20
379.298961223
 30
0.000000000
 40
3.000000000
  0
CIRCLE
  5
BDB
330
A02
100
AcDbEntity
  8
Shape202
100
AcDbCircle
 10
-553.140492910
 20
403.408017462
 30
0.000000000
 40
3.000000000
  0
CIRCLE
  5
BDC
330
A02
100
AcDbEntity
  8
Shape203
100
AcDbCircle
 10
-561.455408702
 20
406.852168353
 30
0.000000000
 40
3.000000000
  0
CIRCLE
  5
BDD
330
A02
100
AcDbEntity
  8
Shape204
100
AcDbCircle
 10
-553.651589655
 20
418.531408911
 30
0.000000000
 40
3.000000000
  0
CIRCLE
  5
BDE
330
A02
100
AcDbEntity
  8
Shape205
100
AcDbCircle
 10
-540.923667593
 20
405.803486849
 30
0.000000000
 40
3.000000000
  0
CIRCLE
  5
BDF
330
A02
100
AcDbEntity
  8
Shape206
100
AcDbCircle
 10
-547.287628624
 20
412.167447880
 30
0.000000000
 40
3.000000000
  0
CIRCLE
  5
BE0
330
A02
100
AcDbEntity
  8
Shape207
100
AcDbCircle
 10
-538.528198206
 20
418.020312166
 30
0.000000000
 40
3.000000000
  0
CIRCLE
  5
BE1
330
A02
100
AcDbEntity
  8
Shape208
100
AcDbCircle
 10
-541.972349097
 20
426.335227958
 30
0.000000000
 40
3.000000000
  0
CIRCLE
  5
BE2
330
A02
100
AcDbEntity
  8
Shape209
100
AcDbCircle
 10
-494.936082362
 20
406.852168353
 30
0.000000000
 40
3.000000000
  0
CIRCLE
  5
BE3
330
A02
100
AcDbEntity
  8
Shape210
100
AcDbCircle
 10
-503.250998154
 20
403.408017462
 30
0.000000000
 40
3.000000000
  0
CIRCLE
  5
BE4
330
A02
100
AcDbEntity
  8
Shape211
100
AcDbCircle
 10
-502.739901409
 20
418.531408911
 30
0.000000000
 40
3.000000000
  0
CIRCLE
  5
BE5
330
A02
100
AcDbEntity
  8
Shape212
100
AcDbCircle
 10
-509.103862440
 20
412.167447880
 30
0.000000000
 40
3.000000000
  0
CIRCLE
  5
BE6
330
A02
100
AcDbEntity
  8
Shape213
100
AcDbCircle
 10
-492.195745532
 20
393.075564788
 30
0.000000000
 40
3.000000000
  0
CIRCLE
  5
BE7
330
A02
100
AcDbEntity
  8
Shape214
100
AcDbCircle
 10
-501.195745532
 20
393.075564788
 30
0.000000000
 40
3.000000000
  0
CIRCLE
  5
BE8
330
A02
100
AcDbEntity
  8
Shape215
100
AcDbCircle
 10
-510.195745532
 20
393.075564788
 30
0.000000000
 40
3.000000000
  0
CIRCLE
  5
BE9
330
A02
100
AcDbEntity
  8
Shape216
100
AcDbCircle
 10
-514.419141967
 20
426.335227958
 30
0.000000000
 40
3.000000000
  0
CIRCLE
  5
BEA
330
A02
100
AcDbEntity
  8
Shape217
100
AcDbCircle
 10
-517.863292858
 20
418.020312166
 30
0.000000000
 40
3.000000000
  0
CIRCLE
  5
BEB
330
A02
100
AcDbEntity
  8
Shape218
100
AcDbCircle
 10
-515.467823471
 20
405.803486849
 30
0.000000000
 40
3.000000000
  0
CIRCLE
  5
BEC
330
A02
100
AcDbEntity
  8
Shape219
100
AcDbCircle
 10
-519.195745532
 20
393.075564788
 30
0.000000000
 40
3.000000000
  0
CIRCLE
  5
BED
330
A02
100
AcDbEntity
  8
Shape220
100
AcDbCircle
 10
-564.195745532
 20
393.075564788
 30
0.000000000
 40
3.000000000
  0
CIRCLE
  5
BEE
330
A02
100
AcDbEntity
  8
Shape221
100
AcDbCircle
 10
-555.195745532
 20
393.075564788
 30
0.000000000
 40
3.000000000
  0
CIRCLE
  5
BEF
330
A02
100
AcDbEntity
  8
Shape222
100
AcDbCircle
 10
-546.195745532
 20
393.075564788
 30
0.000000000
 40
3.000000000
  0
CIRCLE
  5
BF0
330
A02
100
AcDbEntity
  8
Shape223
100
AcDbCircle
 10
-537.195745532
 20
393.075564788
 30
0.000000000
 40
3.000000000
  0
CIRCLE
  5
BF1
330
A02
100
AcDbEntity
  8
Shape224
100
AcDbCircle
 10
-528.195745532
 20
384.075564788
 30
0.000000000
 40
3.000000000
  0
CIRCLE
  5
BF2
330
A02
100
AcDbEntity
  8
Shape225
100
AcDbCircle
 10
-528.195745532
 20
375.075564788
 30
0.000000000
 40
3.000000000
  0
CIRCLE
  5
BF3
330
A02
100
AcDbEntity
  8
Shape226
100
AcDbCircle
 10
-528.195745532
 20
366.075564788
 30
0.000000000
 40
3.000000000
  0
CIRCLE
  5
BF4
330
A02
100
AcDbEntity
  8
Shape227
100
AcDbCircle
 10
-528.195745532
 20
357.075564788
 30
0.000000000
 40
3.000000000
  0
CIRCLE
  5
BF5
330
A02
100
AcDbEntity
  8
Shape228
100
AcDbCircle
 10
-519.416681041
 20
437.210902406
 30
0.000000000
 40
3.000000000
  0
CIRCLE
  5
BF6
330
A02
100
AcDbEntity
  8
Shape229
100
AcDbCircle
 10
-510.974991076
 20
434.650143751
 30
0.000000000
 40
3.000000000
  0
CIRCLE
  5
BF7
330
A02
100
AcDbEntity
  8
Shape230
100
AcDbCircle
 10
-503.195085046
 20
430.491697341
 30
0.000000000
 40
3.000000000
  0
CIRCLE
  5
BF8
330
A02
100
AcDbEntity
  8
Shape231
100
AcDbCircle
 10
-496.375940379
 20
424.895369941
 30
0.000000000
 40
3.000000000
  0
CIRCLE
  5
BF9
330
A02
100
AcDbEntity
  8
Shape232
100
AcDbCircle
 10
-490.779612978
 20
418.076225274
 30
0.000000000
 40
3.000000000
  0
CIRCLE
  5
BFA
330
A02
100
AcDbEntity
  8
Shape233
100
AcDbCircle
 10
-486.621166569
 20
410.296319244
 30
0.000000000
 40
3.000000000
  0
CIRCLE
  5
BFB
330
A02
100
AcDbEntity
  8
Shape234
100
AcDbCircle
 10
-484.060407914
 20
401.854629279
 30
0.000000000
 40
3.000000000
  0
CIRCLE
  5
BFC
330
A02
100
AcDbEntity
  8
Shape235
100
AcDbCircle
 10
-483.195745532
 20
393.075564788
 30
0.000000000
 40
3.000000000
  0
CIRCLE
  5
BFD
330
A02
100
AcDbEntity
  8
Shape236
100
AcDbCircle
 10
-484.060407914
 20
384.296500297
 30
0.000000000
 40
3.000000000
  0
CIRCLE
  5
BFE
330
A02
100
AcDbEntity
  8
Shape237
100
AcDbCircle
 10
-486.621166569
 20
375.854810331
 30
0.000000000
 40
3.000000000
  0
CIRCLE
  5
BFF
330
A02
100
AcDbEntity
  8
Shape238
100
AcDbCircle
 10
-490.779612978
 20
368.074904302
 30
0.000000000
 40
3.000000000
  0
CIRCLE
  5
C00
330
A02
100
AcDbEntity
  8
Shape239
100
AcDbCircle
 10
-496.375940379
 20
361.255759634
 30
0.000000000
 40
3.000000000
  0
CIRCLE
  5
C01
330
A02
100
AcDbEntity
  8
Shape240
100
AcDbCircle
 10
-503.195085046
 20
355.659432234
 30
0.000000000
 40
3.000000000
  0
CIRCLE
  5
C02
330
A02
100
AcDbEntity
  8
Shape241
100
AcDbCircle
 10
-510.974991076
 20
351.500985825
 30
0.000000000
 40
3.000000000
  0
CIRCLE
  5
C03
330
A02
100
AcDbEntity
  8
Shape242
100
AcDbCircle
 10
-519.416681041
 20
348.940227170
 30
0.000000000
 40
3.000000000
  0
CIRCLE
  5
C04
330
A02
100
AcDbEntity
  8
Shape243
100
AcDbCircle
 10
-528.195745532
 20
348.075564788
 30
0.000000000
 40
3.000000000
  0
CIRCLE
  5
C05
330
A02
100
AcDbEntity
  8
Shape244
100
AcDbCircle
 10
-536.974810023
 20
348.940227170
 30
0.000000000
 40
3.000000000
  0
CIRCLE
  5
C06
330
A02
100
AcDbEntity
  8
Shape245
100
AcDbCircle
 10
-545.416499988
 20
351.500985825
 30
0.000000000
 40
3.000000000
  0
CIRCLE
  5
C07
330
A02
100
AcDbEntity
  8
Shape246
100
AcDbCircle
 10
-553.196406018
 20
355.659432234
 30
0.000000000
 40
3.000000000
  0
CIRCLE
  5
C08
330
A02
100
AcDbEntity
  8
Shape247
100
AcDbCircle
 10
-560.015550685
 20
361.255759634
 30
0.000000000
 40
3.000000000
  0
CIRCLE
  5
C09
330
A02
100
AcDbEntity
  8
Shape248
100
AcDbCircle
 10
-565.611878086
 20
368.074904302
 30
0.000000000
 40
3.000000000
  0
CIRCLE
  5
C0A
330
A02
100
AcDbEntity
  8
Shape249
100
AcDbCircle
 10
-569.770324495
 20
375.854810331
 30
0.000000000
 40
3.000000000
  0
CIRCLE
  5
C0B
330
A02
100
AcDbEntity
  8
Shape250
100
AcDbCircle
 10
-572.331083150
 20
384.296500297
 30
0.000000000
 40
3.000000000
  0
CIRCLE
  5
C0C
330
A02
100
AcDbEntity
  8
Shape251
100
AcDbCircle
 10
-573.195745532
 20
393.075564788
 30
0.000000000
 40
3.000000000
  0
CIRCLE
  5
C0D
330
A02
100
AcDbEntity
  8
Shape252
100
AcDbCircle
 10
-572.331083150
 20
401.854629279
 30
0.000000000
 40
3.000000000
  0
CIRCLE
  5
C0E
330
A02
100
AcDbEntity
  8
Shape253
100
AcDbCircle
 10
-569.770324495
 20
410.296319244
 30
0.000000000
 40
3.000000000
  0
CIRCLE
  5
C0F
330
A02
100
AcDbEntity
  8
Shape254
100
AcDbCircle
 10
-565.611878086
 20
418.076225274
 30
0.000000000
 40
3.000000000
  0
CIRCLE
  5
C10
330
A02
100
AcDbEntity
  8
Shape255
100
AcDbCircle
 10
-560.015550685
 20
424.895369941
 30
0.000000000
 40
3.000000000
  0
CIRCLE
  5
C11
330
A02
100
AcDbEntity
  8
Shape256
100
AcDbCircle
 10
-553.196406018
 20
430.491697341
 30
0.000000000
 40
3.000000000
  0
CIRCLE
  5
C12
330
A02
100
AcDbEntity
  8
Shape257
100
AcDbCircle
 10
-545.416499988
 20
434.650143751
 30
0.000000000
 40
3.000000000
  0
CIRCLE
  5
C13
330
A02
100
AcDbEntity
  8
Shape258
100
AcDbCircle
 10
-536.974810023
 20
437.210902406
 30
0.000000000
 40
3.000000000
  0
CIRCLE
  5
C14
330
A02
100
AcDbEntity
  8
Shape259
100
AcDbCircle
 10
-528.195745532
 20
438.075564788
 30
0.000000000
 40
3.000000000
  0
CIRCLE
  5
C15
330
A02
100
AcDbEntity
  8
Shape260
100
AcDbCircle
 10
-528.195745532
 20
429.075564788
 30
0.000000000
 40
3.000000000
  0
CIRCLE
  5
C16
330
A02
100
AcDbEntity
  8
Shape261
100
AcDbCircle
 10
-528.195745532
 20
420.075564788
 30
0.000000000
 40
3.000000000
  0
CIRCLE
  5
C17
330
A02
100
AcDbEntity
  8
Shape262
100
AcDbCircle
 10
-528.195745532
 20
411.075564788
 30
0.000000000
 40
3.000000000
  0
CIRCLE
  5
C18
330
A02
100
AcDbEntity
  8
Shape263
100
AcDbCircle
 10
-528.195745532
 20
402.075564788
 30
0.000000000
 40
3.000000000
  0
CIRCLE
  5
C19
330
A02
100
AcDbEntity
  8
Shape264
100
AcDbCircle
 10
-528.195745532
 20
393.075564788
 30
0.000000000
 40
3.000000000
  0
LINE
  5
C1A
330
A02
100
AcDbEntity
  8
BLOCK_grills_60
100
AcDbLine
 10
182.404020804
 20
256.225267478
 30
0.000000000
 11
182.404020804
 21
250.225267478
 31
0.000000000
  0
CIRCLE
  5
C1B
330
A02
100
AcDbEntity
  8
BLOCK_grills_60
100
AcDbCircle
 10
182.404020804
 20
253.225267478
 30
0.000000000
 40
3.000000000
  0
LINE
  5
C1C
330
A02
100
AcDbEntity
  8
BLOCK_grills_60
100
AcDbLine
 10
179.404020804
 20
253.225267478
 30
0.000000000
 11
185.404020804
 21
253.225267478
 31
0.000000000
  0
LINE
  5
C1D
330
A02
100
AcDbEntity
  8
BLOCK_grills_60
100
AcDbLine
 10
191.904020804
 20
256.225267478
 30
0.000000000
 11
191.904020804
 21
250.225267478
 31
0.000000000
  0
CIRCLE
  5
C1E
330
A02
100
AcDbEntity
  8
BLOCK_grills_60
100
AcDbCircle
 10
191.904020804
 20
253.225267478
 30
0.000000000
 40
3.000000000
  0
LINE
  5
C1F
330
A02
100
AcDbEntity
  8
BLOCK_grills_60
100
AcDbLine
 10
188.904020804
 20
253.225267478
 30
0.000000000
 11
194.904020804
 21
253.225267478
 31
0.000000000
  0
LINE
  5
C20
330
A02
100
AcDbEntity
  8
BLOCK_grills_60
100
AcDbLine
 10
201.404020804
 20
256.225267478
 30
0.000000000
 11
201.404020804
 21
250.225267478
 31
0.000000000
  0
CIRCLE
  5
C21
330
A02
100
AcDbEntity
  8
BLOCK_grills_60
100
AcDbCircle
 10
201.404020804
 20
253.225267478
 30
0.000000000
 40
3.000000000
  0
LINE
  5
C22
330
A02
100
AcDbEntity
  8
BLOCK_grills_60
100
AcDbLine
 10
198.404020804
 20
253.225267478
 30
0.000000000
 11
204.404020804
 21
253.225267478
 31
0.000000000
  0
LINE
  5
C23
330
A02
100
AcDbEntity
  8
BLOCK_grills_60
100
AcDbLine
 10
210.904020804
 20
256.225267478
 30
0.000000000
 11
210.904020804
 21
250.225267478
 31
0.000000000
  0
CIRCLE
  5
C24
330
A02
100
AcDbEntity
  8
BLOCK_grills_60
100
AcDbCircle
 10
210.904020804
 20
253.225267478
 30
0.000000000
 40
3.000000000
  0
LINE
  5
C25
330
A02
100
AcDbEntity
  8
BLOCK_grills_60
100
AcDbLine
 10
207.904020804
 20
253.225267478
 30
0.000000000
 11
213.904020804
 21
253.225267478
 31
0.000000000
  0
LINE
  5
C26
330
A02
100
AcDbEntity
  8
BLOCK_grills_60
100
AcDbLine
 10
220.404020804
 20
256.225267478
 30
0.000000000
 11
220.404020804
 21
250.225267478
 31
0.000000000
  0
CIRCLE
  5
C27
330
A02
100
AcDbEntity
  8
BLOCK_grills_60
100
AcDbCircle
 10
220.404020804
 20
253.225267478
 30
0.000000000
 40
3.000000000
  0
LINE
  5
C28
330
A02
100
AcDbEntity
  8
BLOCK_grills_60
100
AcDbLine
 10
217.404020804
 20
253.225267478
 30
0.000000000
 11
223.404020804
 21
253.225267478
 31
0.000000000
  0
LINE
  5
C29
330
A02
100
AcDbEntity
  8
BLOCK_grills_60
100
AcDbLine
 10
228.406050657
 20
265.434413615
 30
0.000000000
 11
229.576592589
 21
259.549701933
 31
0.000000000
  0
CIRCLE
  5
C2A
330
A02
100
AcDbEntity
  8
BLOCK_grills_60
100
AcDbCircle
 10
228.991321623
 20
262.492057774
 30
0.000000000
 40
3.000000000
  0
LINE
  5
C2B
330
A02
100
AcDbEntity
  8
BLOCK_grills_60
100
AcDbLine
 10
226.048965782
 20
261.906786808
 30
0.000000000
 11
231.933677465
 21
263.077328740
 31
0.000000000
  0
LINE
  5
C2C
330
A02
100
AcDbEntity
  8
BLOCK_grills_60
100
AcDbLine
 10
207.586537184
 20
266.903383898
 30
0.000000000
 11
209.882637778
 21
261.360106703
 31
0.000000000
  0
CIRCLE
  5
C2D
330
A02
100
AcDbEntity
  8
BLOCK_grills_60
100
AcDbCircle
 10
208.734587481
 20
264.131745301
 30
0.000000000
 40
3.000000000
  0
LINE
  5
C2E
330
A02
100
AcDbEntity
  8
BLOCK_grills_60
100
AcDbLine
 10
205.962948883
 20
262.983695004
 30
0.000000000
 11
211.506226078
 21
265.279795598
 31
0.000000000
  0
LINE
  5
C2F
330
A02
100
AcDbEntity
  8
BLOCK_grills_60
100
AcDbLine
 10
216.363392743
 20
270.538876506
 30
0.000000000
 11
218.659493337
 21
264.995599311
 31
0.000000000
  0
CIRCLE
  5
C30
330
A02
100
AcDbEntity
  8
BLOCK_grills_60
100
AcDbCircle
 10
217.511443040
 20
267.767237908
 30
0.000000000
 40
3.000000000
  0
LINE
  5
C31
330
A02
100
AcDbEntity
  8
BLOCK_grills_60
100
AcDbLine
 10
214.739804442
 20
266.619187611
 30
0.000000000
 11
220.283081637
 21
268.915288205
 31
0.000000000
  0
LINE
  5
C32
330
A02
100
AcDbEntity
  8
BLOCK_grills_60
100
AcDbLine
 10
220.232116690
 20
282.109262384
 30
0.000000000
 11
223.565538088
 21
277.120444710
 31
0.000000000
  0
CIRCLE
  5
C33
330
A02
100
AcDbEntity
  8
BLOCK_grills_60
100
AcDbCircle
 10
221.898827389
 20
279.614853547
 30
0.000000000
 40
3.000000000
  0
LINE
  5
C34
330
A02
100
AcDbEntity
  8
BLOCK_grills_60
100
AcDbLine
 10
219.404418552
 20
277.948142848
 30
0.000000000
 11
224.393236226
 21
281.281564246
 31
0.000000000
  0
LINE
  5
C35
330
A02
100
AcDbEntity
  8
BLOCK_grills_60
100
AcDbLine
 10
200.435243724
 20
275.499131086
 30
0.000000000
 11
204.677884412
 21
271.256490399
 31
0.000000000
  0
CIRCLE
  5
C36
330
A02
100
AcDbEntity
  8
BLOCK_grills_60
100
AcDbCircle
 10
202.556564068
 20
273.377810742
 30
0.000000000
 40
3.000000000
  0
LINE
  5
C37
330
A02
100
AcDbEntity
  8
BLOCK_grills_60
100
AcDbLine
 10
200.435243724
 20
271.256490399
 30
0.000000000
 11
204.677884412
 21
275.499131086
 31
0.000000000
  0
LINE
  5
C38
330
A02
100
AcDbEntity
  8
BLOCK_grills_60
100
AcDbLine
 10
193.717729303
 20
268.781616665
 30
0.000000000
 11
197.960369990
 21
264.538975977
 31
0.000000000
  0
CIRCLE
  5
C39
330
A02
100
AcDbEntity
  8
BLOCK_grills_60
100
AcDbCircle
 10
195.839049647
 20
266.660296321
 30
0.000000000
 40
3.000000000
  0
LINE
  5
C3A
330
A02
100
AcDbEntity
  8
BLOCK_grills_60
100
AcDbLine
 10
193.717729303
 20
264.538975977
 30
0.000000000
 11
197.960369990
 21
268.781616665
 31
0.000000000
  0
LINE
  5
C3B
330
A02
100
AcDbEntity
  8
BLOCK_grills_60
100
AcDbLine
 10
207.152758146
 20
282.216645507
 30
0.000000000
 11
211.395398833
 21
277.974004820
 31
0.000000000
  0
CIRCLE
  5
C3C
330
A02
100
AcDbEntity
  8
BLOCK_grills_60
100
AcDbCircle
 10
209.274078489
 20
280.095325164
 30
0.000000000
 40
3.000000000
  0
LINE
  5
C3D
330
A02
100
AcDbEntity
  8
BLOCK_grills_60
100
AcDbLine
 10
207.152758146
 20
277.974004820
 30
0.000000000
 11
211.395398833
 21
282.216645507
 31
0.000000000
  0
LINE
  5
C3E
330
A02
100
AcDbEntity
  8
BLOCK_grills_60
100
AcDbLine
 10
206.299198036
 20
294.386784762
 30
0.000000000
 11
211.288015710
 21
291.053363364
 31
0.000000000
  0
CIRCLE
  5
C3F
330
A02
100
AcDbEntity
  8
BLOCK_grills_60
100
AcDbCircle
 10
208.793606873
 20
292.720074063
 30
0.000000000
 40
3.000000000
  0
LINE
  5
C40
330
A02
100
AcDbEntity
  8
BLOCK_grills_60
100
AcDbLine
 10
207.126896174
 20
290.225665226
 30
0.000000000
 11
210.460317572
 21
295.214482900
 31
0.000000000
  0
LINE
  5
C41
330
A02
100
AcDbEntity
  8
BLOCK_grills_60
100
AcDbLine
 10
190.538860029
 20
280.703884452
 30
0.000000000
 11
196.082137224
 21
278.407783858
 31
0.000000000
  0
CIRCLE
  5
C42
330
A02
100
AcDbEntity
  8
BLOCK_grills_60
100
AcDbCircle
 10
193.310498627
 20
279.555834155
 30
0.000000000
 40
3.000000000
  0
LINE
  5
C43
330
A02
100
AcDbEntity
  8
BLOCK_grills_60
100
AcDbLine
 10
192.162448330
 20
276.784195557
 30
0.000000000
 11
194.458548924
 21
282.327472753
 31
0.000000000
  0
LINE
  5
C44
330
A02
100
AcDbEntity
  8
BLOCK_grills_60
100
AcDbLine
 10
194.174352637
 20
289.480740011
 30
0.000000000
 11
199.717629832
 21
287.184639417
 31
0.000000000
  0
CIRCLE
  5
C45
330
A02
100
AcDbEntity
  8
BLOCK_grills_60
100
AcDbCircle
 10
196.945991234
 20
288.332689714
 30
0.000000000
 40
3.000000000
  0
LINE
  5
C46
330
A02
100
AcDbEntity
  8
BLOCK_grills_60
100
AcDbLine
 10
195.797940937
 20
285.561051116
 30
0.000000000
 11
198.094041531
 21
291.104328311
 31
0.000000000
  0
LINE
  5
C47
330
A02
100
AcDbEntity
  8
BLOCK_grills_60
100
AcDbLine
 10
188.728455259
 20
300.397839264
 30
0.000000000
 11
194.613166941
 21
299.227297332
 31
0.000000000
  0
CIRCLE
  5
C48
330
A02
100
AcDbEntity
  8
BLOCK_grills_60
100
AcDbCircle
 10
191.670811100
 20
299.812568298
 30
0.000000000
 40
3.000000000
  0
LINE
  5
C49
330
A02
100
AcDbEntity
  8
BLOCK_grills_60
100
AcDbLine
 10
191.085540134
 20
296.870212456
 30
0.000000000
 11
192.256082066
 21
302.754924139
 31
0.000000000
  0
LINE
  5
C4A
330
A02
100
AcDbEntity
  8
BLOCK_grills_60
100
AcDbLine
 10
179.404020804
 20
281.725267478
 30
0.000000000
 11
185.404020804
 21
281.725267478
 31
0.000000000
  0
CIRCLE
  5
C4B
330
A02
100
AcDbEntity
  8
BLOCK_grills_60
100
AcDbCircle
 10
182.404020804
 20
281.725267478
 30
0.000000000
 40
3.000000000
  0
LINE
  5
C4C
330
A02
100
AcDbEntity
  8
BLOCK_grills_60
100
AcDbLine
 10
182.404020804
 20
278.725267478
 30
0.000000000
 11
182.404020804
 21
284.725267478
 31
0.000000000
  0
LINE
  5
C4D
330
A02
100
AcDbEntity
  8
BLOCK_grills_60
100
AcDbLine
 10
179.404020804
 20
262.725267478
 30
0.000000000
 11
185.404020804
 21
262.725267478
 31
0.000000000
  0
CIRCLE
  5
C4E
330
A02
100
AcDbEntity
  8
BLOCK_grills_60
100
AcDbCircle
 10
182.404020804
 20
262.725267478
 30
0.000000000
 40
3.000000000
  0
LINE
  5
C4F
330
A02
100
AcDbEntity
  8
BLOCK_grills_60
100
AcDbLine
 10
182.404020804
 20
259.725267478
 30
0.000000000
 11
182.404020804
 21
265.725267478
 31
0.000000000
  0
LINE
  5
C50
330
A02
100
AcDbEntity
  8
BLOCK_grills_60
100
AcDbLine
 10
179.404020804
 20
272.225267478
 30
0.000000000
 11
185.404020804
 21
272.225267478
 31
0.000000000
  0
CIRCLE
  5
C51
330
A02
100
AcDbEntity
  8
BLOCK_grills_60
100
AcDbCircle
 10
182.404020804
 20
272.225267478
 30
0.000000000
 40
3.000000000
  0
LINE
  5
C52
330
A02
100
AcDbEntity
  8
BLOCK_grills_60
100
AcDbLine
 10
182.404020804
 20
269.225267478
 30
0.000000000
 11
182.404020804
 21
275.225267478
 31
0.000000000
  0
LINE
  5
C53
330
A02
100
AcDbEntity
  8
BLOCK_grills_60
100
AcDbLine
 10
179.404020804
 20
291.225267478
 30
0.000000000
 11
185.404020804
 21
291.225267478
 31
0.000000000
  0
CIRCLE
  5
C54
330
A02
100
AcDbEntity
  8
BLOCK_grills_60
100
AcDbCircle
 10
182.404020804
 20
291.225267478
 30
0.000000000
 40
3.000000000
  0
LINE
  5
C55
330
A02
100
AcDbEntity
  8
BLOCK_grills_60
100
AcDbLine
 10
182.404020804
 20
288.225267478
 30
0.000000000
 11
182.404020804
 21
294.225267478
 31
0.000000000
  0
LINE
  5
C56
330
A02
100
AcDbEntity
  8
BLOCK_grills_60
100
AcDbLine
 10
170.194874667
 20
299.227297332
 30
0.000000000
 11
176.079586350
 21
300.397839264
 31
0.000000000
  0
CIRCLE
  5
C57
330
A02
100
AcDbEntity
  8
BLOCK_grills_60
100
AcDbCircle
 10
173.137230508
 20
299.812568298
 30
0.000000000
 40
3.000000000
  0
LINE
  5
C58
330
A02
100
AcDbEntity
  8
BLOCK_grills_60
100
AcDbLine
 10
173.722501475
 20
296.870212456
 30
0.000000000
 11
172.551959542
 21
302.754924139
 31
0.000000000
  0
LINE
  5
C59
330
A02
100
AcDbEntity
  8
BLOCK_grills_60
100
AcDbLine
 10
168.725904384
 20
278.407783858
 30
0.000000000
 11
174.269181579
 21
280.703884452
 31
0.000000000
  0
CIRCLE
  5
C5A
330
A02
100
AcDbEntity
  8
BLOCK_grills_60
100
AcDbCircle
 10
171.497542982
 20
279.555834155
 30
0.000000000
 40
3.000000000
  0
LINE
  5
C5B
330
A02
100
AcDbEntity
  8
BLOCK_grills_60
100
AcDbLine
 10
172.645593279
 20
276.784195557
 30
0.000000000
 11
170.349492685
 21
282.327472753
 31
0.000000000
  0
LINE
  5
C5C
330
A02
100
AcDbEntity
  8
BLOCK_grills_60
100
AcDbLine
 10
165.090411777
 20
287.184639417
 30
0.000000000
 11
170.633688972
 21
289.480740011
 31
0.000000000
  0
CIRCLE
  5
C5D
330
A02
100
AcDbEntity
  8
BLOCK_grills_60
100
AcDbCircle
 10
167.862050374
 20
288.332689714
 30
0.000000000
 40
3.000000000
  0
LINE
  5
C5E
330
A02
100
AcDbEntity
  8
BLOCK_grills_60
100
AcDbLine
 10
169.010100671
 20
285.561051116
 30
0.000000000
 11
166.714000077
 21
291.104328311
 31
0.000000000
  0
LINE
  5
C5F
330
A02
100
AcDbEntity
  8
BLOCK_grills_60
100
AcDbLine
 10
153.520025899
 20
291.053363364
 30
0.000000000
 11
158.508843573
 21
294.386784762
 31
0.000000000
  0
CIRCLE
  5
C60
330
A02
100
AcDbEntity
  8
BLOCK_grills_60
100
AcDbCircle
 10
156.014434736
 20
292.720074063
 30
0.000000000
 40
3.000000000
  0
LINE
  5
C61
330
A02
100
AcDbEntity
  8
BLOCK_grills_60
100
AcDbLine
 10
157.681145435
 20
290.225665226
 30
0.000000000
 11
154.347724037
 21
295.214482900
 31
0.000000000
  0
LINE
  5
C62
330
A02
100
AcDbEntity
  8
BLOCK_grills_60
100
AcDbLine
 10
160.130157197
 20
271.256490399
 30
0.000000000
 11
164.372797884
 21
275.499131086
 31
0.000000000
  0
CIRCLE
  5
C63
330
A02
100
AcDbEntity
  8
BLOCK_grills_60
100
AcDbCircle
 10
162.251477540
 20
273.377810742
 30
0.000000000
 40
3.000000000
  0
LINE
  5
C64
330
A02
100
AcDbEntity
  8
BLOCK_grills_60
100
AcDbLine
 10
164.372797884
 20
271.256490399
 30
0.000000000
 11
160.130157197
 21
275.499131086
 31
0.000000000
  0
LINE
  5
C65
330
A02
100
AcDbEntity
  8
BLOCK_grills_60
100
AcDbLine
 10
166.847671618
 20
264.538975977
 30
0.000000000
 11
171.090312305
 21
268.781616665
 31
0.000000000
  0
CIRCLE
  5
C66
330
A02
100
AcDbEntity
  8
BLOCK_grills_60
100
AcDbCircle
 10
168.968991962
 20
266.660296321
 30
0.000000000
 40
3.000000000
  0
LINE
  5
C67
330
A02
100
AcDbEntity
  8
BLOCK_grills_60
100
AcDbLine
 10
171.090312305
 20
264.538975977
 30
0.000000000
 11
166.847671618
 21
268.781616665
 31
0.000000000
  0
LINE
  5
C68
330
A02
100
AcDbEntity
  8
BLOCK_grills_60
100
AcDbLine
 10
153.412642776
 20
277.974004820
 30
0.000000000
 11
157.655283463
 21
282.216645507
 31
0.000000000
  0
CIRCLE
  5
C69
330
A02
100
AcDbEntity
  8
BLOCK_grills_60
100
AcDbCircle
 10
155.533963119
 20
280.095325164
 30
0.000000000
 40
3.000000000
  0
LINE
  5
C6A
330
A02
100
AcDbEntity
  8
BLOCK_grills_60
100
AcDbLine
 10
157.655283463
 20
277.974004820
 30
0.000000000
 11
153.412642776
 21
282.216645507
 31
0.000000000
  0
LINE
  5
C6B
330
A02
100
AcDbEntity
  8
BLOCK_grills_60
100
AcDbLine
 10
141.242503521
 20
277.120444710
 30
0.000000000
 11
144.575924919
 21
282.109262384
 31
0.000000000
  0
CIRCLE
  5
C6C
330
A02
100
AcDbEntity
  8
BLOCK_grills_60
100
AcDbCircle
 10
142.909214220
 20
279.614853547
 30
0.000000000
 40
3.000000000
  0
LINE
  5
C6D
330
A02
100
AcDbEntity
  8
BLOCK_grills_60
100
AcDbLine
 10
145.403623057
 20
277.948142848
 30
0.000000000
 11
140.414805383
 21
281.281564246
 31
0.000000000
  0
LINE
  5
C6E
330
A02
100
AcDbEntity
  8
BLOCK_grills_60
100
AcDbLine
 10
154.925403831
 20
261.360106703
 30
0.000000000
 11
157.221504425
 21
266.903383898
 31
0.000000000
  0
CIRCLE
  5
C6F
330
A02
100
AcDbEntity
  8
BLOCK_grills_60
100
AcDbCircle
 10
156.073454128
 20
264.131745301
 30
0.000000000
 40
3.000000000
  0
LINE
  5
C70
330
A02
100
AcDbEntity
  8
BLOCK_grills_60
100
AcDbLine
 10
158.845092725
 20
262.983695004
 30
0.000000000
 11
153.301815530
 21
265.279795598
 31
0.000000000
  0
LINE
  5
C71
330
A02
100
AcDbEntity
  8
BLOCK_grills_60
100
AcDbLine
 10
146.148548272
 20
264.995599311
 30
0.000000000
 11
148.444648866
 21
270.538876506
 31
0.000000000
  0
CIRCLE
  5
C72
330
A02
100
AcDbEntity
  8
BLOCK_grills_60
100
AcDbCircle
 10
147.296598569
 20
267.767237908
 30
0.000000000
 40
3.000000000
  0
LINE
  5
C73
330
A02
100
AcDbEntity
  8
BLOCK_grills_60
100
AcDbLine
 10
150.068237166
 20
266.619187611
 30
0.000000000
 11
144.524959971
 21
268.915288205
 31
0.000000000
  0
LINE
  5
C74
330
A02
100
AcDbEntity
  8
BLOCK_grills_60
100
AcDbLine
 10
135.231449019
 20
259.549701933
 30
0.000000000
 11
136.401990951
 21
265.434413615
 31
0.000000000
  0
CIRCLE
  5
C75
330
A02
100
AcDbEntity
  8
BLOCK_grills_60
100
AcDbCircle
 10
135.816719985
 20
262.492057774
 30
0.000000000
 40
3.000000000
  0
LINE
  5
C76
330
A02
100
AcDbEntity
  8
BLOCK_grills_60
100
AcDbLine
 10
138.759075826
 20
261.906786808
 30
0.000000000
 11
132.874364144
 21
263.077328740
 31
0.000000000
  0
LINE
  5
C77
330
A02
100
AcDbEntity
  8
BLOCK_grills_60
100
AcDbLine
 10
153.904020804
 20
250.225267478
 30
0.000000000
 11
153.904020804
 21
256.225267478
 31
0.000000000
  0
CIRCLE
  5
C78
330
A02
100
AcDbEntity
  8
BLOCK_grills_60
100
AcDbCircle
 10
153.904020804
 20
253.225267478
 30
0.000000000
 40
3.000000000
  0
LINE
  5
C79
330
A02
100
AcDbEntity
  8
BLOCK_grills_60
100
AcDbLine
 10
156.904020804
 20
253.225267478
 30
0.000000000
 11
150.904020804
 21
253.225267478
 31
0.000000000
  0
LINE
  5
C7A
330
A02
100
AcDbEntity
  8
BLOCK_grills_60
100
AcDbLine
 10
172.904020804
 20
250.225267478
 30
0.000000000
 11
172.904020804
 21
256.225267478
 31
0.000000000
  0
CIRCLE
  5
C7B
330
A02
100
AcDbEntity
  8
BLOCK_grills_60
100
AcDbCircle
 10
172.904020804
 20
253.225267478
 30
0.000000000
 40
3.000000000
  0
LINE
  5
C7C
330
A02
100
AcDbEntity
  8
BLOCK_grills_60
100
AcDbLine
 10
175.904020804
 20
253.225267478
 30
0.000000000
 11
169.904020804
 21
253.225267478
 31
0.000000000
  0
LINE
  5
C7D
330
A02
100
AcDbEntity
  8
BLOCK_grills_60
100
AcDbLine
 10
163.404020804
 20
250.225267478
 30
0.000000000
 11
163.404020804
 21
256.225267478
 31
0.000000000
  0
CIRCLE
  5
C7E
330
A02
100
AcDbEntity
  8
BLOCK_grills_60
100
AcDbCircle
 10
163.404020804
 20
253.225267478
 30
0.000000000
 40
3.000000000
  0
LINE
  5
C7F
330
A02
100
AcDbEntity
  8
BLOCK_grills_60
100
AcDbLine
 10
166.404020804
 20
253.225267478
 30
0.000000000
 11
160.404020804
 21
253.225267478
 31
0.000000000
  0
LINE
  5
C80
330
A02
100
AcDbEntity
  8
BLOCK_grills_60
100
AcDbLine
 10
144.404020804
 20
250.225267478
 30
0.000000000
 11
144.404020804
 21
256.225267478
 31
0.000000000
  0
CIRCLE
  5
C81
330
A02
100
AcDbEntity
  8
BLOCK_grills_60
100
AcDbCircle
 10
144.404020804
 20
253.225267478
 30
0.000000000
 40
3.000000000
  0
LINE
  5
C82
330
A02
100
AcDbEntity
  8
BLOCK_grills_60
100
AcDbLine
 10
147.404020804
 20
253.225267478
 30
0.000000000
 11
141.404020804
 21
253.225267478
 31
0.000000000
  0
LINE
  5
C83
330
A02
100
AcDbEntity
  8
BLOCK_grills_60
100
AcDbLine
 10
136.401990951
 20
241.016121341
 30
0.000000000
 11
135.231449019
 21
246.900833024
 31
0.000000000
  0
CIRCLE
  5
C84
330
A02
100
AcDbEntity
  8
BLOCK_grills_60
100
AcDbCircle
 10
135.816719985
 20
243.958477183
 30
0.000000000
 40
3.000000000
  0
LINE
  5
C85
330
A02
100
AcDbEntity
  8
BLOCK_grills_60
100
AcDbLine
 10
138.759075826
 20
244.543748149
 30
0.000000000
 11
132.874364144
 21
243.373206217
 31
0.000000000
  0
LINE
  5
C86
330
A02
100
AcDbEntity
  8
BLOCK_grills_60
100
AcDbLine
 10
157.221504425
 20
239.547151058
 30
0.000000000
 11
154.925403831
 21
245.090428254
 31
0.000000000
  0
CIRCLE
  5
C87
330
A02
100
AcDbEntity
  8
BLOCK_grills_60
100
AcDbCircle
 10
156.073454128
 20
242.318789656
 30
0.000000000
 40
3.000000000
  0
LINE
  5
C88
330
A02
100
AcDbEntity
  8
BLOCK_grills_60
100
AcDbLine
 10
158.845092725
 20
243.466839953
 30
0.000000000
 11
153.301815530
 21
241.170739359
 31
0.000000000
  0
LINE
  5
C89
330
A02
100
AcDbEntity
  8
BLOCK_grills_60
100
AcDbLine
 10
148.444648866
 20
235.911658451
 30
0.000000000
 11
146.148548272
 21
241.454935646
 31
0.000000000
  0
CIRCLE
  5
C8A
330
A02
100
AcDbEntity
  8
BLOCK_grills_60
100
AcDbCircle
 10
147.296598569
 20
238.683297049
 30
0.000000000
 40
3.000000000
  0
LINE
  5
C8B
330
A02
100
AcDbEntity
  8
BLOCK_grills_60
100
AcDbLine
 10
150.068237166
 20
239.831347346
 30
0.000000000
 11
144.524959971
 21
237.535246751
 31
0.000000000
  0
LINE
  5
C8C
330
A02
100
AcDbEntity
  8
BLOCK_grills_60
100
AcDbLine
 10
144.575924919
 20
224.341272573
 30
0.000000000
 11
141.242503521
 21
229.330090247
 31
0.000000000
  0
CIRCLE
  5
C8D
330
A02
100
AcDbEntity
  8
BLOCK_grills_60
100
AcDbCircle
 10
142.909214220
 20
226.835681410
 30
0.000000000
 40
3.000000000
  0
LINE
  5
C8E
330
A02
100
AcDbEntity
  8
BLOCK_grills_60
100
AcDbLine
 10
145.403623057
 20
228.502392109
 30
0.000000000
 11
140.414805383
 21
225.168970711
 31
0.000000000
  0
LINE
  5
C8F
330
A02
100
AcDbEntity
  8
BLOCK_grills_60
100
AcDbLine
 10
164.372797884
 20
230.951403871
 30
0.000000000
 11
160.130157197
 21
235.194044558
 31
0.000000000
  0
CIRCLE
  5
C90
330
A02
100
AcDbEntity
  8
BLOCK_grills_60
100
AcDbCircle
 10
162.251477540
 20
233.072724215
 30
0.000000000
 40
3.000000000
  0
LINE
  5
C91
330
A02
100
AcDbEntity
  8
BLOCK_grills_60
100
AcDbLine
 10
164.372797884
 20
235.194044558
 30
0.000000000
 11
160.130157197
 21
230.951403871
 31
0.000000000
  0
LINE
  5
C92
330
A02
100
AcDbEntity
  8
BLOCK_grills_60
100
AcDbLine
 10
171.090312305
 20
237.668918292
 30
0.000000000
 11
166.847671618
 21
241.911558979
 31
0.000000000
  0
CIRCLE
  5
C93
330
A02
100
AcDbEntity
  8
BLOCK_grills_60
100
AcDbCircle
 10
168.968991962
 20
239.790238636
 30
0.000000000
 40
3.000000000
  0
LINE
  5
C94
330
A02
100
AcDbEntity
  8
BLOCK_grills_60
100
AcDbLine
 10
171.090312305
 20
241.911558979
 30
0.000000000
 11
166.847671618
 21
237.668918292
 31
0.000000000
  0
LINE
  5
C95
330
A02
100
AcDbEntity
  8
BLOCK_grills_60
100
AcDbLine
 10
157.655283463
 20
224.233889450
 30
0.000000000
 11
153.412642776
 21
228.476530137
 31
0.000000000
  0
CIRCLE
  5
C96
330
A02
100
AcDbEntity
  8
BLOCK_grills_60
100
AcDbCircle
 10
155.533963119
 20
226.355209793
 30
0.000000000
 40
3.000000000
  0
LINE
  5
C97
330
A02
100
AcDbEntity
  8
BLOCK_grills_60
100
AcDbLine
 10
157.655283463
 20
228.476530137
 30
0.000000000
 11
153.412642776
 21
224.233889450
 31
0.000000000
  0
LINE
  5
C98
330
A02
100
AcDbEntity
  8
BLOCK_grills_60
100
AcDbLine
 10
158.508843573
 20
212.063750195
 30
0.000000000
 11
153.520025899
 21
215.397171593
 31
0.000000000
  0
CIRCLE
  5
C99
330
A02
100
AcDbEntity
  8
BLOCK_grills_60
100
AcDbCircle
 10
156.014434736
 20
213.730460894
 30
0.000000000
 40
3.000000000
  0
LINE
  5
C9A
330
A02
100
AcDbEntity
  8
BLOCK_grills_60
100
AcDbLine
 10
157.681145435
 20
216.224869731
 30
0.000000000
 11
154.347724037
 21
211.236052057
 31
0.000000000
  0
LINE
  5
C9B
330
A02
100
AcDbEntity
  8
BLOCK_grills_60
100
AcDbLine
 10
174.269181579
 20
225.746650505
 30
0.000000000
 11
168.725904384
 21
228.042751099
 31
0.000000000
  0
CIRCLE
  5
C9C
330
A02
100
AcDbEntity
  8
BLOCK_grills_60
100
AcDbCircle
 10
171.497542982
 20
226.894700802
 30
0.000000000
 40
3.000000000
  0
LINE
  5
C9D
330
A02
100
AcDbEntity
  8
BLOCK_grills_60
100
AcDbLine
 10
172.645593279
 20
229.666339399
 30
0.000000000
 11
170.349492685
 21
224.123062204
 31
0.000000000
  0
LINE
  5
C9E
330
A02
100
AcDbEntity
  8
BLOCK_grills_60
100
AcDbLine
 10
170.633688972
 20
216.969794946
 30
0.000000000
 11
165.090411777
 21
219.265895540
 31
0.000000000
  0
CIRCLE
  5
C9F
330
A02
100
AcDbEntity
  8
BLOCK_grills_60
100
AcDbCircle
 10
167.862050374
 20
218.117845243
 30
0.000000000
 40
3.000000000
  0
LINE
  5
CA0
330
A02
100
AcDbEntity
  8
BLOCK_grills_60
100
AcDbLine
 10
169.010100671
 20
220.889483841
 30
0.000000000
 11
166.714000077
 21
215.346206645
 31
0.000000000
  0
LINE
  5
CA1
330
A02
100
AcDbEntity
  8
BLOCK_grills_60
100
AcDbLine
 10
176.079586350
 20
206.052695693
 30
0.000000000
 11
170.194874667
 21
207.223237625
 31
0.000000000
  0
CIRCLE
  5
CA2
330
A02
100
AcDbEntity
  8
BLOCK_grills_60
100
AcDbCircle
 10
173.137230508
 20
206.637966659
 30
0.000000000
 40
3.000000000
  0
LINE
  5
CA3
330
A02
100
AcDbEntity
  8
BLOCK_grills_60
100
AcDbLine
 10
173.722501475
 20
209.580322500
 30
0.000000000
 11
172.551959542
 21
203.695610818
 31
0.000000000
  0
LINE
  5
CA4
330
A02
100
AcDbEntity
  8
BLOCK_grills_60
100
AcDbLine
 10
185.404020804
 20
224.725267478
 30
0.000000000
 11
179.404020804
 21
224.725267478
 31
0.000000000
  0
CIRCLE
  5
CA5
330
A02
100
AcDbEntity
  8
BLOCK_grills_60
100
AcDbCircle
 10
182.404020804
 20
224.725267478
 30
0.000000000
 40
3.000000000
  0
LINE
  5
CA6
330
A02
100
AcDbEntity
  8
BLOCK_grills_60
100
AcDbLine
 10
182.404020804
 20
227.725267478
 30
0.000000000
 11
182.404020804
 21
221.725267478
 31
0.000000000
  0
LINE
  5
CA7
330
A02
100
AcDbEntity
  8
BLOCK_grills_60
100
AcDbLine
 10
185.404020804
 20
243.725267478
 30
0.000000000
 11
179.404020804
 21
243.725267478
 31
0.000000000
  0
CIRCLE
  5
CA8
330
A02
100
AcDbEntity
  8
BLOCK_grills_60
100
AcDbCircle
 10
182.404020804
 20
243.725267478
 30
0.000000000
 40
3.000000000
  0
LINE
  5
CA9
330
A02
100
AcDbEntity
  8
BLOCK_grills_60
100
AcDbLine
 10
182.404020804
 20
246.725267478
 30
0.000000000
 11
182.404020804
 21
240.725267478
 31
0.000000000
  0
LINE
  5
CAA
330
A02
100
AcDbEntity
  8
BLOCK_grills_60
100
AcDbLine
 10
185.404020804
 20
234.225267478
 30
0.000000000
 11
179.404020804
 21
234.225267478
 31
0.000000000
  0
CIRCLE
  5
CAB
330
A02
100
AcDbEntity
  8
BLOCK_grills_60
100
AcDbCircle
 10
182.404020804
 20
234.225267478
 30
0.000000000
 40
3.000000000
  0
LINE
  5
CAC
330
A02
100
AcDbEntity
  8
BLOCK_grills_60
100
AcDbLine
 10
182.404020804
 20
237.225267478
 30
0.000000000
 11
182.404020804
 21
231.225267478
 31
0.000000000
  0
LINE
  5
CAD
330
A02
100
AcDbEntity
  8
BLOCK_grills_60
100
AcDbLine
 10
185.404020804
 20
215.225267478
 30
0.000000000
 11
179.404020804
 21
215.225267478
 31
0.000000000
  0
CIRCLE
  5
CAE
330
A02
100
AcDbEntity
  8
BLOCK_grills_60
100
AcDbCircle
 10
182.404020804
 20
215.225267478
 30
0.000000000
 40
3.000000000
  0
LINE
  5
CAF
330
A02
100
AcDbEntity
  8
BLOCK_grills_60
100
AcDbLine
 10
182.404020804
 20
218.225267478
 30
0.000000000
 11
182.404020804
 21
212.225267478
 31
0.000000000
  0
LINE
  5
CB0
330
A02
100
AcDbEntity
  8
BLOCK_grills_60
100
AcDbLine
 10
194.613166941
 20
207.223237625
 30
0.000000000
 11
188.728455259
 21
206.052695693
 31
0.000000000
  0
CIRCLE
  5
CB1
330
A02
100
AcDbEntity
  8
BLOCK_grills_60
100
AcDbCircle
 10
191.670811100
 20
206.637966659
 30
0.000000000
 40
3.000000000
  0
LINE
  5
CB2
330
A02
100
AcDbEntity
  8
BLOCK_grills_60
100
AcDbLine
 10
191.085540134
 20
209.580322500
 30
0.000000000
 11
192.256082066
 21
203.695610818
 31
0.000000000
  0
LINE
  5
CB3
330
A02
100
AcDbEntity
  8
BLOCK_grills_60
100
AcDbLine
 10
196.082137224
 20
228.042751099
 30
0.000000000
 11
190.538860029
 21
225.746650505
 31
0.000000000
  0
CIRCLE
  5
CB4
330
A02
100
AcDbEntity
  8
BLOCK_grills_60
100
AcDbCircle
 10
193.310498627
 20
226.894700802
 30
0.000000000
 40
3.000000000
  0
LINE
  5
CB5
330
A02
100
AcDbEntity
  8
BLOCK_grills_60
100
AcDbLine
 10
192.162448330
 20
229.666339399
 30
0.000000000
 11
194.458548924
 21
224.123062204
 31
0.000000000
  0
LINE
  5
CB6
330
A02
100
AcDbEntity
  8
BLOCK_grills_60
100
AcDbLine
 10
199.717629832
 20
219.265895540
 30
0.000000000
 11
194.174352637
 21
216.969794946
 31
0.000000000
  0
CIRCLE
  5
CB7
330
A02
100
AcDbEntity
  8
BLOCK_grills_60
100
AcDbCircle
 10
196.945991234
 20
218.117845243
 30
0.000000000
 40
3.000000000
  0
LINE
  5
CB8
330
A02
100
AcDbEntity
  8
BLOCK_grills_60
100
AcDbLine
 10
195.797940937
 20
220.889483841
 30
0.000000000
 11
198.094041531
 21
215.346206645
 31
0.000000000
  0
LINE
  5
CB9
330
A02
100
AcDbEntity
  8
BLOCK_grills_60
100
AcDbLine
 10
211.288015710
 20
215.397171593
 30
0.000000000
 11
206.299198036
 21
212.063750195
 31
0.000000000
  0
CIRCLE
  5
CBA
330
A02
100
AcDbEntity
  8
BLOCK_grills_60
100
AcDbCircle
 10
208.793606873
 20
213.730460894
 30
0.000000000
 40
3.000000000
  0
LINE
  5
CBB
330
A02
100
AcDbEntity
  8
BLOCK_grills_60
100
AcDbLine
 10
207.126896174
 20
216.224869731
 30
0.000000000
 11
210.460317572
 21
211.236052057
 31
0.000000000
  0
LINE
  5
CBC
330
A02
100
AcDbEntity
  8
BLOCK_grills_60
100
AcDbLine
 10
204.677884412
 20
235.194044558
 30
0.000000000
 11
200.435243724
 21
230.951403871
 31
0.000000000
  0
CIRCLE
  5
CBD
330
A02
100
AcDbEntity
  8
BLOCK_grills_60
100
AcDbCircle
 10
202.556564068
 20
233.072724215
 30
0.000000000
 40
3.000000000
  0
LINE
  5
CBE
330
A02
100
AcDbEntity
  8
BLOCK_grills_60
100
AcDbLine
 10
200.435243724
 20
235.194044558
 30
0.000000000
 11
204.677884412
 21
230.951403871
 31
0.000000000
  0
LINE
  5
CBF
330
A02
100
AcDbEntity
  8
BLOCK_grills_60
100
AcDbLine
 10
197.960369990
 20
241.911558979
 30
0.000000000
 11
193.717729303
 21
237.668918292
 31
0.000000000
  0
CIRCLE
  5
CC0
330
A02
100
AcDbEntity
  8
BLOCK_grills_60
100
AcDbCircle
 10
195.839049647
 20
239.790238636
 30
0.000000000
 40
3.000000000
  0
LINE
  5
CC1
330
A02
100
AcDbEntity
  8
BLOCK_grills_60
100
AcDbLine
 10
193.717729303
 20
241.911558979
 30
0.000000000
 11
197.960369990
 21
237.668918292
 31
0.000000000
  0
LINE
  5
CC2
330
A02
100
AcDbEntity
  8
BLOCK_grills_60
100
AcDbLine
 10
211.395398833
 20
228.476530137
 30
0.000000000
 11
207.152758146
 21
224.233889450
 31
0.000000000
  0
CIRCLE
  5
CC3
330
A02
100
AcDbEntity
  8
BLOCK_grills_60
100
AcDbCircle
 10
209.274078489
 20
226.355209793
 30
0.000000000
 40
3.000000000
  0
LINE
  5
CC4
330
A02
100
AcDbEntity
  8
BLOCK_grills_60
100
AcDbLine
 10
207.152758146
 20
228.476530137
 30
0.000000000
 11
211.395398833
 21
224.233889450
 31
0.000000000
  0
LINE
  5
CC5
330
A02
100
AcDbEntity
  8
BLOCK_grills_60
100
AcDbLine
 10
223.565538088
 20
229.330090247
 30
0.000000000
 11
220.232116690
 21
224.341272573
 31
0.000000000
  0
CIRCLE
  5
CC6
330
A02
100
AcDbEntity
  8
BLOCK_grills_60
100
AcDbCircle
 10
221.898827389
 20
226.835681410
 30
0.000000000
 40
3.000000000
  0
LINE
  5
CC7
330
A02
100
AcDbEntity
  8
BLOCK_grills_60
100
AcDbLine
 10
219.404418552
 20
228.502392109
 30
0.000000000
 11
224.393236226
 21
225.168970711
 31
0.000000000
  0
LINE
  5
CC8
330
A02
100
AcDbEntity
  8
BLOCK_grills_60
100
AcDbLine
 10
209.882637778
 20
245.090428254
 30
0.000000000
 11
207.586537184
 21
239.547151058
 31
0.000000000
  0
CIRCLE
  5
CC9
330
A02
100
AcDbEntity
  8
BLOCK_grills_60
100
AcDbCircle
 10
208.734587481
 20
242.318789656
 30
0.000000000
 40
3.000000000
  0
LINE
  5
CCA
330
A02
100
AcDbEntity
  8
BLOCK_grills_60
100
AcDbLine
 10
205.962948883
 20
243.466839953
 30
0.000000000
 11
211.506226078
 21
241.170739359
 31
0.000000000
  0
LINE
  5
CCB
330
A02
100
AcDbEntity
  8
BLOCK_grills_60
100
AcDbLine
 10
218.659493337
 20
241.454935646
 30
0.000000000
 11
216.363392743
 21
235.911658451
 31
0.000000000
  0
CIRCLE
  5
CCC
330
A02
100
AcDbEntity
  8
BLOCK_grills_60
100
AcDbCircle
 10
217.511443040
 20
238.683297049
 30
0.000000000
 40
3.000000000
  0
LINE
  5
CCD
330
A02
100
AcDbEntity
  8
BLOCK_grills_60
100
AcDbLine
 10
214.739804442
 20
239.831347346
 30
0.000000000
 11
220.283081637
 21
237.535246751
 31
0.000000000
  0
LINE
  5
CCE
330
A02
100
AcDbEntity
  8
BLOCK_grills_60
100
AcDbLine
 10
229.576592589
 20
246.900833024
 30
0.000000000
 11
228.406050657
 21
241.016121341
 31
0.000000000
  0
CIRCLE
  5
CCF
330
A02
100
AcDbEntity
  8
BLOCK_grills_60
100
AcDbCircle
 10
228.991321623
 20
243.958477183
 30
0.000000000
 40
3.000000000
  0
LINE
  5
CD0
330
A02
100
AcDbEntity
  8
BLOCK_grills_60
100
AcDbLine
 10
226.048965782
 20
244.543748149
 30
0.000000000
 11
231.933677465
 21
243.373206217
 31
0.000000000
  0
LINE
  5
CD1
330
A02
100
AcDbEntity
  8
BLOCK_grills_60
100
AcDbLine
 10
166.998196364
 20
208.192939387
 30
0.000000000
 11
161.454919169
 21
210.489039981
 31
0.000000000
  0
CIRCLE
  5
CD2
330
A02
100
AcDbEntity
  8
BLOCK_grills_60
100
AcDbCircle
 10
164.226557767
 20
209.340989684
 30
0.000000000
 40
3.000000000
  0
LINE
  5
CD3
330
A02
100
AcDbEntity
  8
BLOCK_grills_60
100
AcDbLine
 10
165.374608064
 20
212.112628282
 30
0.000000000
 11
163.078507470
 21
206.569351087
 31
0.000000000
  0
LINE
  5
CD4
330
A02
100
AcDbEntity
  8
BLOCK_grills_60
100
AcDbLine
 10
150.937769041
 20
217.516375028
 30
0.000000000
 11
146.695128354
 21
221.759015716
 31
0.000000000
  0
CIRCLE
  5
CD5
330
A02
100
AcDbEntity
  8
BLOCK_grills_60
100
AcDbCircle
 10
148.816448698
 20
219.637695372
 30
0.000000000
 40
3.000000000
  0
LINE
  5
CD6
330
A02
100
AcDbEntity
  8
BLOCK_grills_60
100
AcDbLine
 10
150.937769041
 20
221.759015716
 30
0.000000000
 11
146.695128354
 21
217.516375028
 31
0.000000000
  0
LINE
  5
CD7
330
A02
100
AcDbEntity
  8
BLOCK_grills_60
100
AcDbLine
 10
139.667793307
 20
232.276165844
 30
0.000000000
 11
137.371692713
 21
237.819443039
 31
0.000000000
  0
CIRCLE
  5
CD8
330
A02
100
AcDbEntity
  8
BLOCK_grills_60
100
AcDbCircle
 10
138.519743010
 20
235.047804441
 30
0.000000000
 40
3.000000000
  0
LINE
  5
CD9
330
A02
100
AcDbEntity
  8
BLOCK_grills_60
100
AcDbLine
 10
141.291381607
 20
236.195854738
 30
0.000000000
 11
135.748104412
 21
233.899754144
 31
0.000000000
  0
LINE
  5
CDA
330
A02
100
AcDbEntity
  8
BLOCK_grills_60
100
AcDbLine
 10
134.904020804
 20
250.225267478
 30
0.000000000
 11
134.904020804
 21
256.225267478
 31
0.000000000
  0
CIRCLE
  5
CDB
330
A02
100
AcDbEntity
  8
BLOCK_grills_60
100
AcDbCircle
 10
134.904020804
 20
253.225267478
 30
0.000000000
 40
3.000000000
  0
LINE
  5
CDC
330
A02
100
AcDbEntity
  8
BLOCK_grills_60
100
AcDbLine
 10
137.904020804
 20
253.225267478
 30
0.000000000
 11
131.904020804
 21
253.225267478
 31
0.000000000
  0
LINE
  5
CDD
330
A02
100
AcDbEntity
  8
BLOCK_grills_60
100
AcDbLine
 10
137.371692713
 20
268.631091918
 30
0.000000000
 11
139.667793307
 21
274.174369113
 31
0.000000000
  0
CIRCLE
  5
CDE
330
A02
100
AcDbEntity
  8
BLOCK_grills_60
100
AcDbCircle
 10
138.519743010
 20
271.402730516
 30
0.000000000
 40
3.000000000
  0
LINE
  5
CDF
330
A02
100
AcDbEntity
  8
BLOCK_grills_60
100
AcDbLine
 10
141.291381607
 20
270.254680219
 30
0.000000000
 11
135.748104412
 21
272.550780813
 31
0.000000000
  0
LINE
  5
CE0
330
A02
100
AcDbEntity
  8
BLOCK_grills_60
100
AcDbLine
 10
146.695128354
 20
284.691519241
 30
0.000000000
 11
150.937769041
 21
288.934159928
 31
0.000000000
  0
CIRCLE
  5
CE1
330
A02
100
AcDbEntity
  8
BLOCK_grills_60
100
AcDbCircle
 10
148.816448698
 20
286.812839585
 30
0.000000000
 40
3.000000000
  0
LINE
  5
CE2
330
A02
100
AcDbEntity
  8
BLOCK_grills_60
100
AcDbLine
 10
150.937769041
 20
284.691519241
 30
0.000000000
 11
146.695128354
 21
288.934159928
 31
0.000000000
  0
LINE
  5
CE3
330
A02
100
AcDbEntity
  8
BLOCK_grills_60
100
AcDbLine
 10
161.454919169
 20
295.961494976
 30
0.000000000
 11
166.998196364
 21
298.257595570
 31
0.000000000
  0
CIRCLE
  5
CE4
330
A02
100
AcDbEntity
  8
BLOCK_grills_60
100
AcDbCircle
 10
164.226557767
 20
297.109545273
 30
0.000000000
 40
3.000000000
  0
LINE
  5
CE5
330
A02
100
AcDbEntity
  8
BLOCK_grills_60
100
AcDbLine
 10
165.374608064
 20
294.337906675
 30
0.000000000
 11
163.078507470
 21
299.881183870
 31
0.000000000
  0
LINE
  5
CE6
330
A02
100
AcDbEntity
  8
BLOCK_grills_60
100
AcDbLine
 10
179.404020804
 20
300.725267478
 30
0.000000000
 11
185.404020804
 21
300.725267478
 31
0.000000000
  0
CIRCLE
  5
CE7
330
A02
100
AcDbEntity
  8
BLOCK_grills_60
100
AcDbCircle
 10
182.404020804
 20
300.725267478
 30
0.000000000
 40
3.000000000
  0
LINE
  5
CE8
330
A02
100
AcDbEntity
  8
BLOCK_grills_60
100
AcDbLine
 10
182.404020804
 20
297.725267478
 30
0.000000000
 11
182.404020804
 21
303.725267478
 31
0.000000000
  0
LINE
  5
CE9
330
A02
100
AcDbEntity
  8
BLOCK_grills_60
100
AcDbLine
 10
197.809845244
 20
298.257595570
 30
0.000000000
 11
203.353122439
 21
295.961494976
 31
0.000000000
  0
CIRCLE
  5
CEA
330
A02
100
AcDbEntity
  8
BLOCK_grills_60
100
AcDbCircle
 10
200.581483842
 20
297.109545273
 30
0.000000000
 40
3.000000000
  0
LINE
  5
CEB
330
A02
100
AcDbEntity
  8
BLOCK_grills_60
100
AcDbLine
 10
199.433433544
 20
294.337906675
 30
0.000000000
 11
201.729534139
 21
299.881183870
 31
0.000000000
  0
LINE
  5
CEC
330
A02
100
AcDbEntity
  8
BLOCK_grills_60
100
AcDbLine
 10
213.870272567
 20
288.934159928
 30
0.000000000
 11
218.112913254
 21
284.691519241
 31
0.000000000
  0
CIRCLE
  5
CED
330
A02
100
AcDbEntity
  8
BLOCK_grills_60
100
AcDbCircle
 10
215.991592911
 20
286.812839585
 30
0.000000000
 40
3.000000000
  0
LINE
  5
CEE
330
A02
100
AcDbEntity
  8
BLOCK_grills_60
100
AcDbLine
 10
213.870272567
 20
284.691519241
 30
0.000000000
 11
218.112913254
 21
288.934159928
 31
0.000000000
  0
LINE
  5
CEF
330
A02
100
AcDbEntity
  8
BLOCK_grills_60
100
AcDbLine
 10
225.140248301
 20
274.174369113
 30
0.000000000
 11
227.436348896
 21
268.631091918
 31
0.000000000
  0
CIRCLE
  5
CF0
330
A02
100
AcDbEntity
  8
BLOCK_grills_60
100
AcDbCircle
 10
226.288298599
 20
271.402730516
 30
0.000000000
 40
3.000000000
  0
LINE
  5
CF1
330
A02
100
AcDbEntity
  8
BLOCK_grills_60
100
AcDbLine
 10
223.516660001
 20
270.254680219
 30
0.000000000
 11
229.059937196
 21
272.550780813
 31
0.000000000
  0
LINE
  5
CF2
330
A02
100
AcDbEntity
  8
BLOCK_grills_60
100
AcDbLine
 10
229.904020804
 20
256.225267478
 30
0.000000000
 11
229.904020804
 21
250.225267478
 31
0.000000000
  0
CIRCLE
  5
CF3
330
A02
100
AcDbEntity
  8
BLOCK_grills_60
100
AcDbCircle
 10
229.904020804
 20
253.225267478
 30
0.000000000
 40
3.000000000
  0
LINE
  5
CF4
330
A02
100
AcDbEntity
  8
BLOCK_grills_60
100
AcDbLine
 10
226.904020804
 20
253.225267478
 30
0.000000000
 11
232.904020804
 21
253.225267478
 31
0.000000000
  0
LINE
  5
CF5
330
A02
100
AcDbEntity
  8
BLOCK_grills_60
100
AcDbLine
 10
227.436348896
 20
237.819443039
 30
0.000000000
 11
225.140248301
 21
232.276165844
 31
0.000000000
  0
CIRCLE
  5
CF6
330
A02
100
AcDbEntity
  8
BLOCK_grills_60
100
AcDbCircle
 10
226.288298599
 20
235.047804441
 30
0.000000000
 40
3.000000000
  0
LINE
  5
CF7
330
A02
100
AcDbEntity
  8
BLOCK_grills_60
100
AcDbLine
 10
223.516660001
 20
236.195854738
 30
0.000000000
 11
229.059937196
 21
233.899754144
 31
0.000000000
  0
LINE
  5
CF8
330
A02
100
AcDbEntity
  8
BLOCK_grills_60
100
AcDbLine
 10
218.112913254
 20
221.759015716
 30
0.000000000
 11
213.870272567
 21
217.516375029
 31
0.000000000
  0
CIRCLE
  5
CF9
330
A02
100
AcDbEntity
  8
BLOCK_grills_60
100
AcDbCircle
 10
215.991592911
 20
219.637695372
 30
0.000000000
 40
3.000000000
  0
LINE
  5
CFA
330
A02
100
AcDbEntity
  8
BLOCK_grills_60
100
AcDbLine
 10
213.870272567
 20
221.759015716
 30
0.000000000
 11
218.112913254
 21
217.516375029
 31
0.000000000
  0
LINE
  5
CFB
330
A02
100
AcDbEntity
  8
BLOCK_grills_60
100
AcDbLine
 10
203.353122439
 20
210.489039981
 30
0.000000000
 11
197.809845244
 21
208.192939387
 31
0.000000000
  0
CIRCLE
  5
CFC
330
A02
100
AcDbEntity
  8
BLOCK_grills_60
100
AcDbCircle
 10
200.581483842
 20
209.340989684
 30
0.000000000
 40
3.000000000
  0
LINE
  5
CFD
330
A02
100
AcDbEntity
  8
BLOCK_grills_60
100
AcDbLine
 10
199.433433544
 20
212.112628282
 30
0.000000000
 11
201.729534139
 21
206.569351087
 31
0.000000000
  0
LINE
  5
CFE
330
A02
100
AcDbEntity
  8
BLOCK_grills_60
100
AcDbLine
 10
185.404020804
 20
205.725267478
 30
0.000000000
 11
179.404020804
 21
205.725267478
 31
0.000000000
  0
CIRCLE
  5
CFF
330
A02
100
AcDbEntity
  8
BLOCK_grills_60
100
AcDbCircle
 10
182.404020804
 20
205.725267478
 30
0.000000000
 40
3.000000000
  0
LINE
  5
D00
330
A02
100
AcDbEntity
  8
BLOCK_grills_60
100
AcDbLine
 10
182.404020804
 20
208.725267478
 30
0.000000000
 11
182.404020804
 21
202.725267478
 31
0.000000000
  0
LINE
  5
D01
330
A02
100
AcDbEntity
  8
BLOCK_grills_60
100
AcDbLine
 10
144.575924919
 20
224.341272573
 30
0.000000000
 11
141.242503521
 21
229.330090247
 31
0.000000000
  0
CIRCLE
  5
D02
330
A02
100
AcDbEntity
  8
BLOCK_grills_60
100
AcDbCircle
 10
142.909214220
 20
226.835681410
 30
0.000000000
 40
3.000000000
  0
LINE
  5
D03
330
A02
100
AcDbEntity
  8
BLOCK_grills_60
100
AcDbLine
 10
145.403623057
 20
228.502392109
 30
0.000000000
 11
140.414805383
 21
225.168970711
 31
0.000000000
  0
LINE
  5
D04
330
A02
100
AcDbEntity
  8
BLOCK_grills_60
100
AcDbLine
 10
136.401990951
 20
241.016121341
 30
0.000000000
 11
135.231449019
 21
246.900833024
 31
0.000000000
  0
CIRCLE
  5
D05
330
A02
100
AcDbEntity
  8
BLOCK_grills_60
100
AcDbCircle
 10
135.816719985
 20
243.958477183
 30
0.000000000
 40
3.000000000
  0
LINE
  5
D06
330
A02
100
AcDbEntity
  8
BLOCK_grills_60
100
AcDbLine
 10
138.759075826
 20
244.543748149
 30
0.000000000
 11
132.874364144
 21
243.373206217
 31
0.000000000
  0
LINE
  5
D07
330
A02
100
AcDbEntity
  8
BLOCK_grills_60
100
AcDbLine
 10
135.231449019
 20
259.549701933
 30
0.000000000
 11
136.401990951
 21
265.434413615
 31
0.000000000
  0
CIRCLE
  5
D08
330
A02
100
AcDbEntity
  8
BLOCK_grills_60
100
AcDbCircle
 10
135.816719985
 20
262.492057774
 30
0.000000000
 40
3.000000000
  0
LINE
  5
D09
330
A02
100
AcDbEntity
  8
BLOCK_grills_60
100
AcDbLine
 10
138.759075826
 20
261.906786808
 30
0.000000000
 11
132.874364144
 21
263.077328740
 31
0.000000000
  0
LINE
  5
D0A
330
A02
100
AcDbEntity
  8
BLOCK_grills_60
100
AcDbLine
 10
141.242503521
 20
277.120444710
 30
0.000000000
 11
144.575924919
 21
282.109262384
 31
0.000000000
  0
CIRCLE
  5
D0B
330
A02
100
AcDbEntity
  8
BLOCK_grills_60
100
AcDbCircle
 10
142.909214220
 20
279.614853547
 30
0.000000000
 40
3.000000000
  0
LINE
  5
D0C
330
A02
100
AcDbEntity
  8
BLOCK_grills_60
100
AcDbLine
 10
145.403623057
 20
277.948142848
 30
0.000000000
 11
140.414805383
 21
281.281564246
 31
0.000000000
  0
LINE
  5
D0D
330
A02
100
AcDbEntity
  8
BLOCK_grills_60
100
AcDbLine
 10
153.520025899
 20
291.053363364
 30
0.000000000
 11
158.508843573
 21
294.386784762
 31
0.000000000
  0
CIRCLE
  5
D0E
330
A02
100
AcDbEntity
  8
BLOCK_grills_60
100
AcDbCircle
 10
156.014434736
 20
292.720074063
 30
0.000000000
 40
3.000000000
  0
LINE
  5
D0F
330
A02
100
AcDbEntity
  8
BLOCK_grills_60
100
AcDbLine
 10
157.681145435
 20
290.225665226
 30
0.000000000
 11
154.347724037
 21
295.214482900
 31
0.000000000
  0
LINE
  5
D10
330
A02
100
AcDbEntity
  8
BLOCK_grills_60
100
AcDbLine
 10
170.194874667
 20
299.227297332
 30
0.000000000
 11
176.079586350
 21
300.397839264
 31
0.000000000
  0
CIRCLE
  5
D11
330
A02
100
AcDbEntity
  8
BLOCK_grills_60
100
AcDbCircle
 10
173.137230508
 20
299.812568298
 30
0.000000000
 40
3.000000000
  0
LINE
  5
D12
330
A02
100
AcDbEntity
  8
BLOCK_grills_60
100
AcDbLine
 10
173.722501475
 20
296.870212456
 30
0.000000000
 11
172.551959542
 21
302.754924139
 31
0.000000000
  0
LINE
  5
D13
330
A02
100
AcDbEntity
  8
BLOCK_grills_60
100
AcDbLine
 10
188.728455259
 20
300.397839264
 30
0.000000000
 11
194.613166941
 21
299.227297332
 31
0.000000000
  0
CIRCLE
  5
D14
330
A02
100
AcDbEntity
  8
BLOCK_grills_60
100
AcDbCircle
 10
191.670811100
 20
299.812568298
 30
0.000000000
 40
3.000000000
  0
LINE
  5
D15
330
A02
100
AcDbEntity
  8
BLOCK_grills_60
100
AcDbLine
 10
191.085540134
 20
296.870212456
 30
0.000000000
 11
192.256082066
 21
302.754924139
 31
0.000000000
  0
LINE
  5
D16
330
A02
100
AcDbEntity
  8
BLOCK_grills_60
100
AcDbLine
 10
206.299198036
 20
294.386784762
 30
0.000000000
 11
211.288015710
 21
291.053363364
 31
0.000000000
  0
CIRCLE
  5
D17
330
A02
100
AcDbEntity
  8
BLOCK_grills_60
100
AcDbCircle
 10
208.793606873
 20
292.720074063
 30
0.000000000
 40
3.000000000
  0
LINE
  5
D18
330
A02
100
AcDbEntity
  8
BLOCK_grills_60
100
AcDbLine
 10
207.126896174
 20
290.225665226
 30
0.000000000
 11
210.460317572
 21
295.214482900
 31
0.000000000
  0
LINE
  5
D19
330
A02
100
AcDbEntity
  8
BLOCK_grills_60
100
AcDbLine
 10
220.232116690
 20
282.109262384
 30
0.000000000
 11
223.565538088
 21
277.120444710
 31
0.000000000
  0
CIRCLE
  5
D1A
330
A02
100
AcDbEntity
  8
BLOCK_grills_60
100
AcDbCircle
 10
221.898827389
 20
279.614853547
 30
0.000000000
 40
3.000000000
  0
LINE
  5
D1B
330
A02
100
AcDbEntity
  8
BLOCK_grills_60
100
AcDbLine
 10
219.404418552
 20
277.948142848
 30
0.000000000
 11
224.393236226
 21
281.281564246
 31
0.000000000
  0
LINE
  5
D1C
330
A02
100
AcDbEntity
  8
BLOCK_grills_60
100
AcDbLine
 10
228.406050657
 20
265.434413615
 30
0.000000000
 11
229.576592589
 21
259.549701933
 31
0.000000000
  0
CIRCLE
  5
D1D
330
A02
100
AcDbEntity
  8
BLOCK_grills_60
100
AcDbCircle
 10
228.991321623
 20
262.492057774
 30
0.000000000
 40
3.000000000
  0
LINE
  5
D1E
330
A02
100
AcDbEntity
  8
BLOCK_grills_60
100
AcDbLine
 10
226.048965782
 20
261.906786808
 30
0.000000000
 11
231.933677465
 21
263.077328740
 31
0.000000000
  0
LINE
  5
D1F
330
A02
100
AcDbEntity
  8
BLOCK_grills_60
100
AcDbLine
 10
229.576592589
 20
246.900833024
 30
0.000000000
 11
228.406050657
 21
241.016121341
 31
0.000000000
  0
CIRCLE
  5
D20
330
A02
100
AcDbEntity
  8
BLOCK_grills_60
100
AcDbCircle
 10
228.991321623
 20
243.958477183
 30
0.000000000
 40
3.000000000
  0
LINE
  5
D21
330
A02
100
AcDbEntity
  8
BLOCK_grills_60
100
AcDbLine
 10
226.048965782
 20
244.543748149
 30
0.000000000
 11
231.933677465
 21
243.373206217
 31
0.000000000
  0
LINE
  5
D22
330
A02
100
AcDbEntity
  8
BLOCK_grills_60
100
AcDbLine
 10
223.565538088
 20
229.330090247
 30
0.000000000
 11
220.232116690
 21
224.341272573
 31
0.000000000
  0
CIRCLE
  5
D23
330
A02
100
AcDbEntity
  8
BLOCK_grills_60
100
AcDbCircle
 10
221.898827389
 20
226.835681410
 30
0.000000000
 40
3.000000000
  0
LINE
  5
D24
330
A02
100
AcDbEntity
  8
BLOCK_grills_60
100
AcDbLine
 10
219.404418552
 20
228.502392109
 30
0.000000000
 11
224.393236226
 21
225.168970711
 31
0.000000000
  0
LINE
  5
D25
330
A02
100
AcDbEntity
  8
BLOCK_grills_60
100
AcDbLine
 10
211.288015710
 20
215.397171593
 30
0.000000000
 11
206.299198036
 21
212.063750195
 31
0.000000000
  0
CIRCLE
  5
D26
330
A02
100
AcDbEntity
  8
BLOCK_grills_60
100
AcDbCircle
 10
208.793606873
 20
213.730460894
 30
0.000000000
 40
3.000000000
  0
LINE
  5
D27
330
A02
100
AcDbEntity
  8
BLOCK_grills_60
100
AcDbLine
 10
207.126896174
 20
216.224869731
 30
0.000000000
 11
210.460317572
 21
211.236052057
 31
0.000000000
  0
LINE
  5
D28
330
A02
100
AcDbEntity
  8
BLOCK_grills_60
100
AcDbLine
 10
194.613166941
 20
207.223237625
 30
0.000000000
 11
188.728455259
 21
206.052695693
 31
0.000000000
  0
CIRCLE
  5
D29
330
A02
100
AcDbEntity
  8
BLOCK_grills_60
100
AcDbCircle
 10
191.670811100
 20
206.637966659
 30
0.000000000
 40
3.000000000
  0
LINE
  5
D2A
330
A02
100
AcDbEntity
  8
BLOCK_grills_60
100
AcDbLine
 10
191.085540134
 20
209.580322500
 30
0.000000000
 11
192.256082066
 21
203.695610818
 31
0.000000000
  0
LINE
  5
D2B
330
A02
100
AcDbEntity
  8
BLOCK_grills_60
100
AcDbLine
 10
176.079586350
 20
206.052695693
 30
0.000000000
 11
170.194874667
 21
207.223237625
 31
0.000000000
  0
CIRCLE
  5
D2C
330
A02
100
AcDbEntity
  8
BLOCK_grills_60
100
AcDbCircle
 10
173.137230508
 20
206.637966659
 30
0.000000000
 40
3.000000000
  0
LINE
  5
D2D
330
A02
100
AcDbEntity
  8
BLOCK_grills_60
100
AcDbLine
 10
173.722501475
 20
209.580322500
 30
0.000000000
 11
172.551959542
 21
203.695610818
 31
0.000000000
  0
LINE
  5
D2E
330
A02
100
AcDbEntity
  8
BLOCK_grills_60
100
AcDbLine
 10
158.508843573
 20
212.063750195
 30
0.000000000
 11
153.520025899
 21
215.397171593
 31
0.000000000
  0
CIRCLE
  5
D2F
330
A02
100
AcDbEntity
  8
BLOCK_grills_60
100
AcDbCircle
 10
156.014434736
 20
213.730460894
 30
0.000000000
 40
3.000000000
  0
LINE
  5
D30
330
A02
100
AcDbEntity
  8
BLOCK_grills_60
100
AcDbLine
 10
157.681145435
 20
216.224869731
 30
0.000000000
 11
154.347724037
 21
211.236052057
 31
0.000000000
  0
LINE
  5
D31
330
A02
100
AcDbEntity
  8
BLOCK_grills_60
100
AcDbLine
 10
211.288015710
 20
80.245485700
 30
0.000000000
 11
206.299198036
 21
76.912064302
 31
0.000000000
  0
CIRCLE
  5
D32
330
A02
100
AcDbEntity
  8
BLOCK_grills_60
100
AcDbCircle
 10
208.793606873
 20
78.578775001
 30
0.000000000
 40
3.000000000
  0
LINE
  5
D33
330
A02
100
AcDbEntity
  8
BLOCK_grills_60
100
AcDbLine
 10
207.126896174
 20
81.073183838
 30
0.000000000
 11
210.460317572
 21
76.084366164
 31
0.000000000
  0
LINE
  5
D34
330
A02
100
AcDbEntity
  8
BLOCK_grills_60
100
AcDbLine
 10
206.299198036
 20
159.235098869
 30
0.000000000
 11
211.288015710
 21
155.901677471
 31
0.000000000
  0
CIRCLE
  5
D35
330
A02
100
AcDbEntity
  8
BLOCK_grills_60
100
AcDbCircle
 10
208.793606873
 20
157.568388170
 30
0.000000000
 40
3.000000000
  0
LINE
  5
D36
330
A02
100
AcDbEntity
  8
BLOCK_grills_60
100
AcDbLine
 10
207.126896174
 20
155.073979333
 30
0.000000000
 11
210.460317572
 21
160.062797007
 31
0.000000000
  0
LINE
  5
D37
330
A02
100
AcDbEntity
  8
BLOCK_grills_60
100
AcDbLine
 10
211.288015710
 20
80.245485700
 30
0.000000000
 11
206.299198036
 21
76.912064302
 31
0.000000000
  0
CIRCLE
  5
D38
330
A02
100
AcDbEntity
  8
BLOCK_grills_60
100
AcDbCircle
 10
208.793606873
 20
78.578775001
 30
0.000000000
 40
3.000000000
  0
LINE
  5
D39
330
A02
100
AcDbEntity
  8
BLOCK_grills_60
100
AcDbLine
 10
207.126896174
 20
81.073183838
 30
0.000000000
 11
210.460317572
 21
76.084366164
 31
0.000000000
  0
LINE
  5
D3A
330
A02
100
AcDbEntity
  8
BLOCK_grills_60
100
AcDbLine
 10
206.299198036
 20
159.235098869
 30
0.000000000
 11
211.288015710
 21
155.901677471
 31
0.000000000
  0
CIRCLE
  5
D3B
330
A02
100
AcDbEntity
  8
BLOCK_grills_60
100
AcDbCircle
 10
208.793606873
 20
157.568388170
 30
0.000000000
 40
3.000000000
  0
LINE
  5
D3C
330
A02
100
AcDbEntity
  8
BLOCK_grills_60
100
AcDbLine
 10
207.126896174
 20
155.073979333
 30
0.000000000
 11
210.460317572
 21
160.062797007
 31
0.000000000
  0
LINE
  5
D3D
330
A02
100
AcDbEntity
  8
BLOCK_grills_60
100
AcDbLine
 10
211.395398833
 20
93.324844244
 30
0.000000000
 11
207.152758146
 21
89.082203557
 31
0.000000000
  0
CIRCLE
  5
D3E
330
A02
100
AcDbEntity
  8
BLOCK_grills_60
100
AcDbCircle
 10
209.274078489
 20
91.203523901
 30
0.000000000
 40
3.000000000
  0
LINE
  5
D3F
330
A02
100
AcDbEntity
  8
BLOCK_grills_60
100
AcDbLine
 10
207.152758146
 20
93.324844244
 30
0.000000000
 11
211.395398833
 21
89.082203557
 31
0.000000000
  0
LINE
  5
D40
330
A02
100
AcDbEntity
  8
BLOCK_grills_60
100
AcDbLine
 10
207.152758146
 20
147.064959614
 30
0.000000000
 11
211.395398833
 21
142.822318927
 31
0.000000000
  0
CIRCLE
  5
D41
330
A02
100
AcDbEntity
  8
BLOCK_grills_60
100
AcDbCircle
 10
209.274078489
 20
144.943639271
 30
0.000000000
 40
3.000000000
  0
LINE
  5
D42
330
A02
100
AcDbEntity
  8
BLOCK_grills_60
100
AcDbLine
 10
207.152758146
 20
142.822318927
 30
0.000000000
 11
211.395398833
 21
147.064959614
 31
0.000000000
  0
LINE
  5
D43
330
A02
100
AcDbEntity
  8
BLOCK_grills_60
100
AcDbLine
 10
209.882637778
 20
109.938742361
 30
0.000000000
 11
207.586537184
 21
104.395465166
 31
0.000000000
  0
CIRCLE
  5
D44
330
A02
100
AcDbEntity
  8
BLOCK_grills_60
100
AcDbCircle
 10
208.734587481
 20
107.167103763
 30
0.000000000
 40
3.000000000
  0
LINE
  5
D45
330
A02
100
AcDbEntity
  8
BLOCK_grills_60
100
AcDbLine
 10
205.962948883
 20
108.315154060
 30
0.000000000
 11
211.506226078
 21
106.019053466
 31
0.000000000
  0
LINE
  5
D46
330
A02
100
AcDbEntity
  8
BLOCK_grills_60
100
AcDbLine
 10
207.586537184
 20
131.751698006
 30
0.000000000
 11
209.882637778
 21
126.208420810
 31
0.000000000
  0
CIRCLE
  5
D47
330
A02
100
AcDbEntity
  8
BLOCK_grills_60
100
AcDbCircle
 10
208.734587481
 20
128.980059408
 30
0.000000000
 40
3.000000000
  0
LINE
  5
D48
330
A02
100
AcDbEntity
  8
BLOCK_grills_60
100
AcDbLine
 10
205.962948883
 20
127.832009111
 30
0.000000000
 11
211.506226078
 21
130.128109705
 31
0.000000000
  0
LINE
  5
D49
330
A02
100
AcDbEntity
  8
BLOCK_grills_60
100
AcDbLine
 10
210.904020804
 20
121.073581586
 30
0.000000000
 11
210.904020804
 21
115.073581586
 31
0.000000000
  0
CIRCLE
  5
D4A
330
A02
100
AcDbEntity
  8
BLOCK_grills_60
100
AcDbCircle
 10
210.904020804
 20
118.073581586
 30
0.000000000
 40
3.000000000
  0
LINE
  5
D4B
330
A02
100
AcDbEntity
  8
BLOCK_grills_60
100
AcDbLine
 10
207.904020804
 20
118.073581586
 30
0.000000000
 11
213.904020804
 21
118.073581586
 31
0.000000000
  0
LINE
  5
D4C
330
A02
100
AcDbEntity
  8
BLOCK_grills_60
100
AcDbLine
 10
137.371692713
 20
133.479406025
 30
0.000000000
 11
139.667793307
 21
139.022683220
 31
0.000000000
  0
CIRCLE
  5
D4D
330
A02
100
AcDbEntity
  8
BLOCK_grills_60
100
AcDbCircle
 10
138.519743010
 20
136.251044623
 30
0.000000000
 40
3.000000000
  0
LINE
  5
D4E
330
A02
100
AcDbEntity
  8
BLOCK_grills_60
100
AcDbLine
 10
141.291381607
 20
135.102994326
 30
0.000000000
 11
135.748104412
 21
137.399094920
 31
0.000000000
  0
LINE
  5
D4F
330
A02
100
AcDbEntity
  8
BLOCK_grills_60
100
AcDbLine
 10
146.148548272
 20
129.843913418
 30
0.000000000
 11
148.444648866
 21
135.387190613
 31
0.000000000
  0
CIRCLE
  5
D50
330
A02
100
AcDbEntity
  8
BLOCK_grills_60
100
AcDbCircle
 10
147.296598569
 20
132.615552015
 30
0.000000000
 40
3.000000000
  0
LINE
  5
D51
330
A02
100
AcDbEntity
  8
BLOCK_grills_60
100
AcDbLine
 10
150.068237166
 20
131.467501718
 30
0.000000000
 11
144.524959971
 21
133.763602313
 31
0.000000000
  0
LINE
  5
D52
330
A02
100
AcDbEntity
  8
BLOCK_grills_60
100
AcDbLine
 10
154.925403831
 20
126.208420810
 30
0.000000000
 11
157.221504425
 21
131.751698006
 31
0.000000000
  0
CIRCLE
  5
D53
330
A02
100
AcDbEntity
  8
BLOCK_grills_60
100
AcDbCircle
 10
156.073454128
 20
128.980059408
 30
0.000000000
 40
3.000000000
  0
LINE
  5
D54
330
A02
100
AcDbEntity
  8
BLOCK_grills_60
100
AcDbLine
 10
158.845092725
 20
127.832009111
 30
0.000000000
 11
153.301815530
 21
130.128109705
 31
0.000000000
  0
LINE
  5
D55
330
A02
100
AcDbEntity
  8
BLOCK_grills_60
100
AcDbLine
 10
166.847671618
 20
129.387290085
 30
0.000000000
 11
171.090312305
 21
133.629930772
 31
0.000000000
  0
CIRCLE
  5
D56
330
A02
100
AcDbEntity
  8
BLOCK_grills_60
100
AcDbCircle
 10
168.968991962
 20
131.508610428
 30
0.000000000
 40
3.000000000
  0
LINE
  5
D57
330
A02
100
AcDbEntity
  8
BLOCK_grills_60
100
AcDbLine
 10
171.090312305
 20
129.387290085
 30
0.000000000
 11
166.847671618
 21
133.629930772
 31
0.000000000
  0
LINE
  5
D58
330
A02
100
AcDbEntity
  8
BLOCK_grills_60
100
AcDbLine
 10
193.717729303
 20
133.629930772
 30
0.000000000
 11
197.960369990
 21
129.387290085
 31
0.000000000
  0
CIRCLE
  5
D59
330
A02
100
AcDbEntity
  8
BLOCK_grills_60
100
AcDbCircle
 10
195.839049647
 20
131.508610428
 30
0.000000000
 40
3.000000000
  0
LINE
  5
D5A
330
A02
100
AcDbEntity
  8
BLOCK_grills_60
100
AcDbLine
 10
193.717729303
 20
129.387290085
 30
0.000000000
 11
197.960369990
 21
133.629930772
 31
0.000000000
  0
LINE
  5
D5B
330
A02
100
AcDbEntity
  8
BLOCK_grills_60
100
AcDbLine
 10
144.575924919
 20
89.189586680
 30
0.000000000
 11
141.242503521
 21
94.178404354
 31
0.000000000
  0
CIRCLE
  5
D5C
330
A02
100
AcDbEntity
  8
BLOCK_grills_60
100
AcDbCircle
 10
142.909214220
 20
91.683995517
 30
0.000000000
 40
3.000000000
  0
LINE
  5
D5D
330
A02
100
AcDbEntity
  8
BLOCK_grills_60
100
AcDbLine
 10
145.403623057
 20
93.350706216
 30
0.000000000
 11
140.414805383
 21
90.017284818
 31
0.000000000
  0
LINE
  5
D5E
330
A02
100
AcDbEntity
  8
BLOCK_grills_60
100
AcDbLine
 10
144.575924919
 20
89.189586680
 30
0.000000000
 11
141.242503521
 21
94.178404354
 31
0.000000000
  0
CIRCLE
  5
D5F
330
A02
100
AcDbEntity
  8
BLOCK_grills_60
100
AcDbCircle
 10
142.909214220
 20
91.683995517
 30
0.000000000
 40
3.000000000
  0
LINE
  5
D60
330
A02
100
AcDbEntity
  8
BLOCK_grills_60
100
AcDbLine
 10
145.403623057
 20
93.350706216
 30
0.000000000
 11
140.414805383
 21
90.017284818
 31
0.000000000
  0
LINE
  5
D61
330
A02
100
AcDbEntity
  8
BLOCK_grills_60
100
AcDbLine
 10
148.444648866
 20
100.759972558
 30
0.000000000
 11
146.148548272
 21
106.303249753
 31
0.000000000
  0
CIRCLE
  5
D62
330
A02
100
AcDbEntity
  8
BLOCK_grills_60
100
AcDbCircle
 10
147.296598569
 20
103.531611156
 30
0.000000000
 40
3.000000000
  0
LINE
  5
D63
330
A02
100
AcDbEntity
  8
BLOCK_grills_60
100
AcDbLine
 10
150.068237166
 20
104.679661453
 30
0.000000000
 11
144.524959971
 21
102.383560859
 31
0.000000000
  0
LINE
  5
D64
330
A02
100
AcDbEntity
  8
BLOCK_grills_60
100
AcDbLine
 10
144.404020804
 20
115.073581586
 30
0.000000000
 11
144.404020804
 21
121.073581586
 31
0.000000000
  0
CIRCLE
  5
D65
330
A02
100
AcDbEntity
  8
BLOCK_grills_60
100
AcDbCircle
 10
144.404020804
 20
118.073581586
 30
0.000000000
 40
3.000000000
  0
LINE
  5
D66
330
A02
100
AcDbEntity
  8
BLOCK_grills_60
100
AcDbLine
 10
147.404020804
 20
118.073581586
 30
0.000000000
 11
141.404020804
 21
118.073581586
 31
0.000000000
  0
LINE
  5
D67
330
A02
100
AcDbEntity
  8
BLOCK_grills_60
100
AcDbLine
 10
136.401990951
 20
105.864435449
 30
0.000000000
 11
135.231449019
 21
111.749147131
 31
0.000000000
  0
CIRCLE
  5
D68
330
A02
100
AcDbEntity
  8
BLOCK_grills_60
100
AcDbCircle
 10
135.816719985
 20
108.806791290
 30
0.000000000
 40
3.000000000
  0
LINE
  5
D69
330
A02
100
AcDbEntity
  8
BLOCK_grills_60
100
AcDbLine
 10
138.759075826
 20
109.392062256
 30
0.000000000
 11
132.874364144
 21
108.221520324
 31
0.000000000
  0
LINE
  5
D6A
330
A02
100
AcDbEntity
  8
BLOCK_grills_60
100
AcDbLine
 10
136.401990951
 20
105.864435449
 30
0.000000000
 11
135.231449019
 21
111.749147131
 31
0.000000000
  0
CIRCLE
  5
D6B
330
A02
100
AcDbEntity
  8
BLOCK_grills_60
100
AcDbCircle
 10
135.816719985
 20
108.806791290
 30
0.000000000
 40
3.000000000
  0
LINE
  5
D6C
330
A02
100
AcDbEntity
  8
BLOCK_grills_60
100
AcDbLine
 10
138.759075826
 20
109.392062256
 30
0.000000000
 11
132.874364144
 21
108.221520324
 31
0.000000000
  0
LINE
  5
D6D
330
A02
100
AcDbEntity
  8
BLOCK_grills_60
100
AcDbLine
 10
139.667793307
 20
97.124479951
 30
0.000000000
 11
137.371692713
 21
102.667757146
 31
0.000000000
  0
CIRCLE
  5
D6E
330
A02
100
AcDbEntity
  8
BLOCK_grills_60
100
AcDbCircle
 10
138.519743010
 20
99.896118548
 30
0.000000000
 40
3.000000000
  0
LINE
  5
D6F
330
A02
100
AcDbEntity
  8
BLOCK_grills_60
100
AcDbLine
 10
141.291381607
 20
101.044168845
 30
0.000000000
 11
135.748104412
 21
98.748068251
 31
0.000000000
  0
LINE
  5
D70
330
A02
100
AcDbEntity
  8
BLOCK_grills_60
100
AcDbLine
 10
134.904020804
 20
115.073581586
 30
0.000000000
 11
134.904020804
 21
121.073581586
 31
0.000000000
  0
CIRCLE
  5
D71
330
A02
100
AcDbEntity
  8
BLOCK_grills_60
100
AcDbCircle
 10
134.904020804
 20
118.073581586
 30
0.000000000
 40
3.000000000
  0
LINE
  5
D72
330
A02
100
AcDbEntity
  8
BLOCK_grills_60
100
AcDbLine
 10
137.904020804
 20
118.073581586
 30
0.000000000
 11
131.904020804
 21
118.073581586
 31
0.000000000
  0
LINE
  5
D73
330
A02
100
AcDbEntity
  8
BLOCK_grills_60
100
AcDbLine
 10
135.231449019
 20
124.398016040
 30
0.000000000
 11
136.401990951
 21
130.282727723
 31
0.000000000
  0
CIRCLE
  5
D74
330
A02
100
AcDbEntity
  8
BLOCK_grills_60
100
AcDbCircle
 10
135.816719985
 20
127.340371881
 30
0.000000000
 40
3.000000000
  0
LINE
  5
D75
330
A02
100
AcDbEntity
  8
BLOCK_grills_60
100
AcDbLine
 10
138.759075826
 20
126.755100915
 30
0.000000000
 11
132.874364144
 21
127.925642847
 31
0.000000000
  0
LINE
  5
D76
330
A02
100
AcDbEntity
  8
BLOCK_grills_60
100
AcDbLine
 10
135.231449019
 20
124.398016040
 30
0.000000000
 11
136.401990951
 21
130.282727723
 31
0.000000000
  0
CIRCLE
  5
D77
330
A02
100
AcDbEntity
  8
BLOCK_grills_60
100
AcDbCircle
 10
135.816719985
 20
127.340371881
 30
0.000000000
 40
3.000000000
  0
LINE
  5
D78
330
A02
100
AcDbEntity
  8
BLOCK_grills_60
100
AcDbLine
 10
138.759075826
 20
126.755100915
 30
0.000000000
 11
132.874364144
 21
127.925642847
 31
0.000000000
  0
LINE
  5
D79
330
A02
100
AcDbEntity
  8
BLOCK_grills_60
100
AcDbLine
 10
150.937769041
 20
82.364689136
 30
0.000000000
 11
146.695128354
 21
86.607329823
 31
0.000000000
  0
CIRCLE
  5
D7A
330
A02
100
AcDbEntity
  8
BLOCK_grills_60
100
AcDbCircle
 10
148.816448698
 20
84.486009479
 30
0.000000000
 40
3.000000000
  0
LINE
  5
D7B
330
A02
100
AcDbEntity
  8
BLOCK_grills_60
100
AcDbLine
 10
150.937769041
 20
86.607329823
 30
0.000000000
 11
146.695128354
 21
82.364689136
 31
0.000000000
  0
LINE
  5
D7C
330
A02
100
AcDbEntity
  8
BLOCK_grills_60
100
AcDbLine
 10
158.508843573
 20
76.912064302
 30
0.000000000
 11
153.520025899
 21
80.245485700
 31
0.000000000
  0
CIRCLE
  5
D7D
330
A02
100
AcDbEntity
  8
BLOCK_grills_60
100
AcDbCircle
 10
156.014434736
 20
78.578775001
 30
0.000000000
 40
3.000000000
  0
LINE
  5
D7E
330
A02
100
AcDbEntity
  8
BLOCK_grills_60
100
AcDbLine
 10
157.681145435
 20
81.073183838
 30
0.000000000
 11
154.347724037
 21
76.084366164
 31
0.000000000
  0
LINE
  5
D7F
330
A02
100
AcDbEntity
  8
BLOCK_grills_60
100
AcDbLine
 10
158.508843573
 20
76.912064302
 30
0.000000000
 11
153.520025899
 21
80.245485700
 31
0.000000000
  0
CIRCLE
  5
D80
330
A02
100
AcDbEntity
  8
BLOCK_grills_60
100
AcDbCircle
 10
156.014434736
 20
78.578775001
 30
0.000000000
 40
3.000000000
  0
LINE
  5
D81
330
A02
100
AcDbEntity
  8
BLOCK_grills_60
100
AcDbLine
 10
157.681145435
 20
81.073183838
 30
0.000000000
 11
154.347724037
 21
76.084366164
 31
0.000000000
  0
LINE
  5
D82
330
A02
100
AcDbEntity
  8
BLOCK_grills_60
100
AcDbLine
 10
199.717629832
 20
84.114209647
 30
0.000000000
 11
194.174352637
 21
81.818109053
 31
0.000000000
  0
CIRCLE
  5
D83
330
A02
100
AcDbEntity
  8
BLOCK_grills_60
100
AcDbCircle
 10
196.945991234
 20
82.966159350
 30
0.000000000
 40
3.000000000
  0
LINE
  5
D84
330
A02
100
AcDbEntity
  8
BLOCK_grills_60
100
AcDbLine
 10
195.797940937
 20
85.737797948
 30
0.000000000
 11
198.094041531
 21
80.194520753
 31
0.000000000
  0
LINE
  5
D85
330
A02
100
AcDbEntity
  8
BLOCK_grills_60
100
AcDbLine
 10
170.633688972
 20
81.818109053
 30
0.000000000
 11
165.090411777
 21
84.114209647
 31
0.000000000
  0
CIRCLE
  5
D86
330
A02
100
AcDbEntity
  8
BLOCK_grills_60
100
AcDbCircle
 10
167.862050374
 20
82.966159350
 30
0.000000000
 40
3.000000000
  0
LINE
  5
D87
330
A02
100
AcDbEntity
  8
BLOCK_grills_60
100
AcDbLine
 10
169.010100671
 20
85.737797948
 30
0.000000000
 11
166.714000077
 21
80.194520753
 31
0.000000000
  0
LINE
  5
D88
330
A02
100
AcDbEntity
  8
BLOCK_grills_60
100
AcDbLine
 10
185.404020804
 20
80.073581586
 30
0.000000000
 11
179.404020804
 21
80.073581586
 31
0.000000000
  0
CIRCLE
  5
D89
330
A02
100
AcDbEntity
  8
BLOCK_grills_60
100
AcDbCircle
 10
182.404020804
 20
80.073581586
 30
0.000000000
 40
3.000000000
  0
LINE
  5
D8A
330
A02
100
AcDbEntity
  8
BLOCK_grills_60
100
AcDbLine
 10
182.404020804
 20
83.073581586
 30
0.000000000
 11
182.404020804
 21
77.073581586
 31
0.000000000
  0
LINE
  5
D8B
330
A02
100
AcDbEntity
  8
BLOCK_grills_60
100
AcDbLine
 10
166.998196364
 20
73.041253494
 30
0.000000000
 11
161.454919169
 21
75.337354088
 31
0.000000000
  0
CIRCLE
  5
D8C
330
A02
100
AcDbEntity
  8
BLOCK_grills_60
100
AcDbCircle
 10
164.226557767
 20
74.189303791
 30
0.000000000
 40
3.000000000
  0
LINE
  5
D8D
330
A02
100
AcDbEntity
  8
BLOCK_grills_60
100
AcDbLine
 10
165.374608064
 20
76.960942389
 30
0.000000000
 11
163.078507470
 21
71.417665194
 31
0.000000000
  0
LINE
  5
D8E
330
A02
100
AcDbEntity
  8
BLOCK_grills_60
100
AcDbLine
 10
176.079586350
 20
70.901009800
 30
0.000000000
 11
170.194874667
 21
72.071551733
 31
0.000000000
  0
CIRCLE
  5
D8F
330
A02
100
AcDbEntity
  8
BLOCK_grills_60
100
AcDbCircle
 10
173.137230508
 20
71.486280766
 30
0.000000000
 40
3.000000000
  0
LINE
  5
D90
330
A02
100
AcDbEntity
  8
BLOCK_grills_60
100
AcDbLine
 10
173.722501475
 20
74.428636608
 30
0.000000000
 11
172.551959542
 21
68.543924925
 31
0.000000000
  0
LINE
  5
D91
330
A02
100
AcDbEntity
  8
BLOCK_grills_60
100
AcDbLine
 10
176.079586350
 20
70.901009800
 30
0.000000000
 11
170.194874667
 21
72.071551733
 31
0.000000000
  0
CIRCLE
  5
D92
330
A02
100
AcDbEntity
  8
BLOCK_grills_60
100
AcDbCircle
 10
173.137230508
 20
71.486280766
 30
0.000000000
 40
3.000000000
  0
LINE
  5
D93
330
A02
100
AcDbEntity
  8
BLOCK_grills_60
100
AcDbLine
 10
173.722501475
 20
74.428636608
 30
0.000000000
 11
172.551959542
 21
68.543924925
 31
0.000000000
  0
LINE
  5
D94
330
A02
100
AcDbEntity
  8
BLOCK_grills_60
100
AcDbLine
 10
194.613166941
 20
72.071551733
 30
0.000000000
 11
188.728455259
 21
70.901009800
 31
0.000000000
  0
CIRCLE
  5
D95
330
A02
100
AcDbEntity
  8
BLOCK_grills_60
100
AcDbCircle
 10
191.670811100
 20
71.486280766
 30
0.000000000
 40
3.000000000
  0
LINE
  5
D96
330
A02
100
AcDbEntity
  8
BLOCK_grills_60
100
AcDbLine
 10
191.085540134
 20
74.428636608
 30
0.000000000
 11
192.256082066
 21
68.543924925
 31
0.000000000
  0
LINE
  5
D97
330
A02
100
AcDbEntity
  8
BLOCK_grills_60
100
AcDbLine
 10
194.613166941
 20
72.071551733
 30
0.000000000
 11
188.728455259
 21
70.901009800
 31
0.000000000
  0
CIRCLE
  5
D98
330
A02
100
AcDbEntity
  8
BLOCK_grills_60
100
AcDbCircle
 10
191.670811100
 20
71.486280766
 30
0.000000000
 40
3.000000000
  0
LINE
  5
D99
330
A02
100
AcDbEntity
  8
BLOCK_grills_60
100
AcDbLine
 10
191.085540134
 20
74.428636608
 30
0.000000000
 11
192.256082066
 21
68.543924925
 31
0.000000000
  0
LINE
  5
D9A
330
A02
100
AcDbEntity
  8
BLOCK_grills_60
100
AcDbLine
 10
185.404020804
 20
70.573581586
 30
0.000000000
 11
179.404020804
 21
70.573581586
 31
0.000000000
  0
CIRCLE
  5
D9B
330
A02
100
AcDbEntity
  8
BLOCK_grills_60
100
AcDbCircle
 10
182.404020804
 20
70.573581586
 30
0.000000000
 40
3.000000000
  0
LINE
  5
D9C
330
A02
100
AcDbEntity
  8
BLOCK_grills_60
100
AcDbLine
 10
182.404020804
 20
73.573581586
 30
0.000000000
 11
182.404020804
 21
67.573581586
 31
0.000000000
  0
LINE
  5
D9D
330
A02
100
AcDbEntity
  8
BLOCK_grills_60
100
AcDbLine
 10
203.353122439
 20
75.337354088
 30
0.000000000
 11
197.809845244
 21
73.041253494
 31
0.000000000
  0
CIRCLE
  5
D9E
330
A02
100
AcDbEntity
  8
BLOCK_grills_60
100
AcDbCircle
 10
200.581483842
 20
74.189303791
 30
0.000000000
 40
3.000000000
  0
LINE
  5
D9F
330
A02
100
AcDbEntity
  8
BLOCK_grills_60
100
AcDbLine
 10
199.433433544
 20
76.960942389
 30
0.000000000
 11
201.729534139
 21
71.417665194
 31
0.000000000
  0
LINE
  5
DA0
330
A02
100
AcDbEntity
  8
BLOCK_grills_60
100
AcDbLine
 10
171.090312305
 20
102.517232400
 30
0.000000000
 11
166.847671618
 21
106.759873087
 31
0.000000000
  0
CIRCLE
  5
DA1
330
A02
100
AcDbEntity
  8
BLOCK_grills_60
100
AcDbCircle
 10
168.968991962
 20
104.638552743
 30
0.000000000
 40
3.000000000
  0
LINE
  5
DA2
330
A02
100
AcDbEntity
  8
BLOCK_grills_60
100
AcDbLine
 10
171.090312305
 20
106.759873087
 30
0.000000000
 11
166.847671618
 21
102.517232400
 31
0.000000000
  0
LINE
  5
DA3
330
A02
100
AcDbEntity
  8
BLOCK_grills_60
100
AcDbLine
 10
157.221504425
 20
104.395465166
 30
0.000000000
 11
154.925403831
 21
109.938742361
 31
0.000000000
  0
CIRCLE
  5
DA4
330
A02
100
AcDbEntity
  8
BLOCK_grills_60
100
AcDbCircle
 10
156.073454128
 20
107.167103763
 30
0.000000000
 40
3.000000000
  0
LINE
  5
DA5
330
A02
100
AcDbEntity
  8
BLOCK_grills_60
100
AcDbLine
 10
158.845092725
 20
108.315154060
 30
0.000000000
 11
153.301815530
 21
106.019053466
 31
0.000000000
  0
LINE
  5
DA6
330
A02
100
AcDbEntity
  8
BLOCK_grills_60
100
AcDbLine
 10
164.372797884
 20
95.799717978
 30
0.000000000
 11
160.130157197
 21
100.042358665
 31
0.000000000
  0
CIRCLE
  5
DA7
330
A02
100
AcDbEntity
  8
BLOCK_grills_60
100
AcDbCircle
 10
162.251477540
 20
97.921038322
 30
0.000000000
 40
3.000000000
  0
LINE
  5
DA8
330
A02
100
AcDbEntity
  8
BLOCK_grills_60
100
AcDbLine
 10
164.372797884
 20
100.042358665
 30
0.000000000
 11
160.130157197
 21
95.799717978
 31
0.000000000
  0
LINE
  5
DA9
330
A02
100
AcDbEntity
  8
BLOCK_grills_60
100
AcDbLine
 10
157.655283463
 20
89.082203557
 30
0.000000000
 11
153.412642776
 21
93.324844244
 31
0.000000000
  0
CIRCLE
  5
DAA
330
A02
100
AcDbEntity
  8
BLOCK_grills_60
100
AcDbCircle
 10
155.533963119
 20
91.203523901
 30
0.000000000
 40
3.000000000
  0
LINE
  5
DAB
330
A02
100
AcDbEntity
  8
BLOCK_grills_60
100
AcDbLine
 10
157.655283463
 20
93.324844244
 30
0.000000000
 11
153.412642776
 21
89.082203557
 31
0.000000000
  0
LINE
  5
DAC
330
A02
100
AcDbEntity
  8
BLOCK_grills_60
100
AcDbLine
 10
174.269181579
 20
90.594964612
 30
0.000000000
 11
168.725904384
 21
92.891065206
 31
0.000000000
  0
CIRCLE
  5
DAD
330
A02
100
AcDbEntity
  8
BLOCK_grills_60
100
AcDbCircle
 10
171.497542982
 20
91.743014909
 30
0.000000000
 40
3.000000000
  0
LINE
  5
DAE
330
A02
100
AcDbEntity
  8
BLOCK_grills_60
100
AcDbLine
 10
172.645593279
 20
94.514653507
 30
0.000000000
 11
170.349492685
 21
88.971376312
 31
0.000000000
  0
LINE
  5
DAF
330
A02
100
AcDbEntity
  8
BLOCK_grills_60
100
AcDbLine
 10
163.404020804
 20
115.073581586
 30
0.000000000
 11
163.404020804
 21
121.073581586
 31
0.000000000
  0
CIRCLE
  5
DB0
330
A02
100
AcDbEntity
  8
BLOCK_grills_60
100
AcDbCircle
 10
163.404020804
 20
118.073581586
 30
0.000000000
 40
3.000000000
  0
LINE
  5
DB1
330
A02
100
AcDbEntity
  8
BLOCK_grills_60
100
AcDbLine
 10
166.404020804
 20
118.073581586
 30
0.000000000
 11
160.404020804
 21
118.073581586
 31
0.000000000
  0
LINE
  5
DB2
330
A02
100
AcDbEntity
  8
BLOCK_grills_60
100
AcDbLine
 10
153.904020804
 20
115.073581586
 30
0.000000000
 11
153.904020804
 21
121.073581586
 31
0.000000000
  0
CIRCLE
  5
DB3
330
A02
100
AcDbEntity
  8
BLOCK_grills_60
100
AcDbCircle
 10
153.904020804
 20
118.073581586
 30
0.000000000
 40
3.000000000
  0
LINE
  5
DB4
330
A02
100
AcDbEntity
  8
BLOCK_grills_60
100
AcDbLine
 10
156.904020804
 20
118.073581586
 30
0.000000000
 11
150.904020804
 21
118.073581586
 31
0.000000000
  0
LINE
  5
DB5
330
A02
100
AcDbEntity
  8
BLOCK_grills_60
100
AcDbLine
 10
172.904020804
 20
115.073581586
 30
0.000000000
 11
172.904020804
 21
121.073581586
 31
0.000000000
  0
CIRCLE
  5
DB6
330
A02
100
AcDbEntity
  8
BLOCK_grills_60
100
AcDbCircle
 10
172.904020804
 20
118.073581586
 30
0.000000000
 40
3.000000000
  0
LINE
  5
DB7
330
A02
100
AcDbEntity
  8
BLOCK_grills_60
100
AcDbLine
 10
175.904020804
 20
118.073581586
 30
0.000000000
 11
169.904020804
 21
118.073581586
 31
0.000000000
  0
LINE
  5
DB8
330
A02
100
AcDbEntity
  8
BLOCK_grills_60
100
AcDbLine
 10
197.960369990
 20
106.759873087
 30
0.000000000
 11
193.717729303
 21
102.517232400
 31
0.000000000
  0
CIRCLE
  5
DB9
330
A02
100
AcDbEntity
  8
BLOCK_grills_60
100
AcDbCircle
 10
195.839049647
 20
104.638552743
 30
0.000000000
 40
3.000000000
  0
LINE
  5
DBA
330
A02
100
AcDbEntity
  8
BLOCK_grills_60
100
AcDbLine
 10
193.717729303
 20
106.759873087
 30
0.000000000
 11
197.960369990
 21
102.517232400
 31
0.000000000
  0
LINE
  5
DBB
330
A02
100
AcDbEntity
  8
BLOCK_grills_60
100
AcDbLine
 10
185.404020804
 20
108.573581586
 30
0.000000000
 11
179.404020804
 21
108.573581586
 31
0.000000000
  0
CIRCLE
  5
DBC
330
A02
100
AcDbEntity
  8
BLOCK_grills_60
100
AcDbCircle
 10
182.404020804
 20
108.573581586
 30
0.000000000
 40
3.000000000
  0
LINE
  5
DBD
330
A02
100
AcDbEntity
  8
BLOCK_grills_60
100
AcDbLine
 10
182.404020804
 20
111.573581586
 30
0.000000000
 11
182.404020804
 21
105.573581586
 31
0.000000000
  0
LINE
  5
DBE
330
A02
100
AcDbEntity
  8
BLOCK_grills_60
100
AcDbLine
 10
196.082137224
 20
92.891065206
 30
0.000000000
 11
190.538860029
 21
90.594964612
 31
0.000000000
  0
CIRCLE
  5
DBF
330
A02
100
AcDbEntity
  8
BLOCK_grills_60
100
AcDbCircle
 10
193.310498627
 20
91.743014909
 30
0.000000000
 40
3.000000000
  0
LINE
  5
DC0
330
A02
100
AcDbEntity
  8
BLOCK_grills_60
100
AcDbLine
 10
192.162448330
 20
94.514653507
 30
0.000000000
 11
194.458548924
 21
88.971376312
 31
0.000000000
  0
LINE
  5
DC1
330
A02
100
AcDbEntity
  8
BLOCK_grills_60
100
AcDbLine
 10
185.404020804
 20
89.573581586
 30
0.000000000
 11
179.404020804
 21
89.573581586
 31
0.000000000
  0
CIRCLE
  5
DC2
330
A02
100
AcDbEntity
  8
BLOCK_grills_60
100
AcDbCircle
 10
182.404020804
 20
89.573581586
 30
0.000000000
 40
3.000000000
  0
LINE
  5
DC3
330
A02
100
AcDbEntity
  8
BLOCK_grills_60
100
AcDbLine
 10
182.404020804
 20
92.573581586
 30
0.000000000
 11
182.404020804
 21
86.573581586
 31
0.000000000
  0
LINE
  5
DC4
330
A02
100
AcDbEntity
  8
BLOCK_grills_60
100
AcDbLine
 10
185.404020804
 20
99.073581586
 30
0.000000000
 11
179.404020804
 21
99.073581586
 31
0.000000000
  0
CIRCLE
  5
DC5
330
A02
100
AcDbEntity
  8
BLOCK_grills_60
100
AcDbCircle
 10
182.404020804
 20
99.073581586
 30
0.000000000
 40
3.000000000
  0
LINE
  5
DC6
330
A02
100
AcDbEntity
  8
BLOCK_grills_60
100
AcDbLine
 10
182.404020804
 20
102.073581586
 30
0.000000000
 11
182.404020804
 21
96.073581586
 31
0.000000000
  0
LINE
  5
DC7
330
A02
100
AcDbEntity
  8
BLOCK_grills_60
100
AcDbLine
 10
204.677884412
 20
100.042358665
 30
0.000000000
 11
200.435243724
 21
95.799717978
 31
0.000000000
  0
CIRCLE
  5
DC8
330
A02
100
AcDbEntity
  8
BLOCK_grills_60
100
AcDbCircle
 10
202.556564068
 20
97.921038322
 30
0.000000000
 40
3.000000000
  0
LINE
  5
DC9
330
A02
100
AcDbEntity
  8
BLOCK_grills_60
100
AcDbLine
 10
200.435243724
 20
100.042358665
 30
0.000000000
 11
204.677884412
 21
95.799717978
 31
0.000000000
  0
LINE
  5
DCA
330
A02
100
AcDbEntity
  8
BLOCK_grills_60
100
AcDbLine
 10
191.904020804
 20
121.073581586
 30
0.000000000
 11
191.904020804
 21
115.073581586
 31
0.000000000
  0
CIRCLE
  5
DCB
330
A02
100
AcDbEntity
  8
BLOCK_grills_60
100
AcDbCircle
 10
191.904020804
 20
118.073581586
 30
0.000000000
 40
3.000000000
  0
LINE
  5
DCC
330
A02
100
AcDbEntity
  8
BLOCK_grills_60
100
AcDbLine
 10
188.904020804
 20
118.073581586
 30
0.000000000
 11
194.904020804
 21
118.073581586
 31
0.000000000
  0
LINE
  5
DCD
330
A02
100
AcDbEntity
  8
BLOCK_grills_60
100
AcDbLine
 10
182.404020804
 20
121.073581586
 30
0.000000000
 11
182.404020804
 21
115.073581586
 31
0.000000000
  0
CIRCLE
  5
DCE
330
A02
100
AcDbEntity
  8
BLOCK_grills_60
100
AcDbCircle
 10
182.404020804
 20
118.073581586
 30
0.000000000
 40
3.000000000
  0
LINE
  5
DCF
330
A02
100
AcDbEntity
  8
BLOCK_grills_60
100
AcDbLine
 10
179.404020804
 20
118.073581586
 30
0.000000000
 11
185.404020804
 21
118.073581586
 31
0.000000000
  0
LINE
  5
DD0
330
A02
100
AcDbEntity
  8
BLOCK_grills_60
100
AcDbLine
 10
179.404020804
 20
127.573581586
 30
0.000000000
 11
185.404020804
 21
127.573581586
 31
0.000000000
  0
CIRCLE
  5
DD1
330
A02
100
AcDbEntity
  8
BLOCK_grills_60
100
AcDbCircle
 10
182.404020804
 20
127.573581586
 30
0.000000000
 40
3.000000000
  0
LINE
  5
DD2
330
A02
100
AcDbEntity
  8
BLOCK_grills_60
100
AcDbLine
 10
182.404020804
 20
124.573581586
 30
0.000000000
 11
182.404020804
 21
130.573581586
 31
0.000000000
  0
LINE
  5
DD3
330
A02
100
AcDbEntity
  8
BLOCK_grills_60
100
AcDbLine
 10
201.404020804
 20
121.073581586
 30
0.000000000
 11
201.404020804
 21
115.073581586
 31
0.000000000
  0
CIRCLE
  5
DD4
330
A02
100
AcDbEntity
  8
BLOCK_grills_60
100
AcDbCircle
 10
201.404020804
 20
118.073581586
 30
0.000000000
 40
3.000000000
  0
LINE
  5
DD5
330
A02
100
AcDbEntity
  8
BLOCK_grills_60
100
AcDbLine
 10
198.404020804
 20
118.073581586
 30
0.000000000
 11
204.404020804
 21
118.073581586
 31
0.000000000
  0
LINE
  5
DD6
330
A02
100
AcDbEntity
  8
BLOCK_grills_60
100
AcDbLine
 10
141.242503521
 20
141.968758817
 30
0.000000000
 11
144.575924919
 21
146.957576491
 31
0.000000000
  0
CIRCLE
  5
DD7
330
A02
100
AcDbEntity
  8
BLOCK_grills_60
100
AcDbCircle
 10
142.909214220
 20
144.463167654
 30
0.000000000
 40
3.000000000
  0
LINE
  5
DD8
330
A02
100
AcDbEntity
  8
BLOCK_grills_60
100
AcDbLine
 10
145.403623057
 20
142.796456955
 30
0.000000000
 11
140.414805383
 21
146.129878353
 31
0.000000000
  0
LINE
  5
DD9
330
A02
100
AcDbEntity
  8
BLOCK_grills_60
100
AcDbLine
 10
141.242503521
 20
141.968758817
 30
0.000000000
 11
144.575924919
 21
146.957576491
 31
0.000000000
  0
CIRCLE
  5
DDA
330
A02
100
AcDbEntity
  8
BLOCK_grills_60
100
AcDbCircle
 10
142.909214220
 20
144.463167654
 30
0.000000000
 40
3.000000000
  0
LINE
  5
DDB
330
A02
100
AcDbEntity
  8
BLOCK_grills_60
100
AcDbLine
 10
145.403623057
 20
142.796456955
 30
0.000000000
 11
140.414805383
 21
146.129878353
 31
0.000000000
  0
LINE
  5
DDC
330
A02
100
AcDbEntity
  8
BLOCK_grills_60
100
AcDbLine
 10
161.454919169
 20
160.809809083
 30
0.000000000
 11
166.998196364
 21
163.105909677
 31
0.000000000
  0
CIRCLE
  5
DDD
330
A02
100
AcDbEntity
  8
BLOCK_grills_60
100
AcDbCircle
 10
164.226557767
 20
161.957859380
 30
0.000000000
 40
3.000000000
  0
LINE
  5
DDE
330
A02
100
AcDbEntity
  8
BLOCK_grills_60
100
AcDbLine
 10
165.374608064
 20
159.186220782
 30
0.000000000
 11
163.078507470
 21
164.729497977
 31
0.000000000
  0
LINE
  5
DDF
330
A02
100
AcDbEntity
  8
BLOCK_grills_60
100
AcDbLine
 10
153.520025899
 20
155.901677471
 30
0.000000000
 11
158.508843573
 21
159.235098869
 31
0.000000000
  0
CIRCLE
  5
DE0
330
A02
100
AcDbEntity
  8
BLOCK_grills_60
100
AcDbCircle
 10
156.014434736
 20
157.568388170
 30
0.000000000
 40
3.000000000
  0
LINE
  5
DE1
330
A02
100
AcDbEntity
  8
BLOCK_grills_60
100
AcDbLine
 10
157.681145435
 20
155.073979333
 30
0.000000000
 11
154.347724037
 21
160.062797007
 31
0.000000000
  0
LINE
  5
DE2
330
A02
100
AcDbEntity
  8
BLOCK_grills_60
100
AcDbLine
 10
153.520025899
 20
155.901677471
 30
0.000000000
 11
158.508843573
 21
159.235098869
 31
0.000000000
  0
CIRCLE
  5
DE3
330
A02
100
AcDbEntity
  8
BLOCK_grills_60
100
AcDbCircle
 10
156.014434736
 20
157.568388170
 30
0.000000000
 40
3.000000000
  0
LINE
  5
DE4
330
A02
100
AcDbEntity
  8
BLOCK_grills_60
100
AcDbLine
 10
157.681145435
 20
155.073979333
 30
0.000000000
 11
154.347724037
 21
160.062797007
 31
0.000000000
  0
LINE
  5
DE5
330
A02
100
AcDbEntity
  8
BLOCK_grills_60
100
AcDbLine
 10
160.130157197
 20
136.104804506
 30
0.000000000
 11
164.372797884
 21
140.347445193
 31
0.000000000
  0
CIRCLE
  5
DE6
330
A02
100
AcDbEntity
  8
BLOCK_grills_60
100
AcDbCircle
 10
162.251477540
 20
138.226124849
 30
0.000000000
 40
3.000000000
  0
LINE
  5
DE7
330
A02
100
AcDbEntity
  8
BLOCK_grills_60
100
AcDbLine
 10
164.372797884
 20
136.104804506
 30
0.000000000
 11
160.130157197
 21
140.347445193
 31
0.000000000
  0
LINE
  5
DE8
330
A02
100
AcDbEntity
  8
BLOCK_grills_60
100
AcDbLine
 10
153.412642776
 20
142.822318927
 30
0.000000000
 11
157.655283463
 21
147.064959614
 31
0.000000000
  0
CIRCLE
  5
DE9
330
A02
100
AcDbEntity
  8
BLOCK_grills_60
100
AcDbCircle
 10
155.533963119
 20
144.943639271
 30
0.000000000
 40
3.000000000
  0
LINE
  5
DEA
330
A02
100
AcDbEntity
  8
BLOCK_grills_60
100
AcDbLine
 10
157.655283463
 20
142.822318927
 30
0.000000000
 11
153.412642776
 21
147.064959614
 31
0.000000000
  0
LINE
  5
DEB
330
A02
100
AcDbEntity
  8
BLOCK_grills_60
100
AcDbLine
 10
146.695128354
 20
149.539833348
 30
0.000000000
 11
150.937769041
 21
153.782474036
 31
0.000000000
  0
CIRCLE
  5
DEC
330
A02
100
AcDbEntity
  8
BLOCK_grills_60
100
AcDbCircle
 10
148.816448698
 20
151.661153692
 30
0.000000000
 40
3.000000000
  0
LINE
  5
DED
330
A02
100
AcDbEntity
  8
BLOCK_grills_60
100
AcDbLine
 10
150.937769041
 20
149.539833348
 30
0.000000000
 11
146.695128354
 21
153.782474036
 31
0.000000000
  0
LINE
  5
DEE
330
A02
100
AcDbEntity
  8
BLOCK_grills_60
100
AcDbLine
 10
168.725904384
 20
143.256097965
 30
0.000000000
 11
174.269181579
 21
145.552198559
 31
0.000000000
  0
CIRCLE
  5
DEF
330
A02
100
AcDbEntity
  8
BLOCK_grills_60
100
AcDbCircle
 10
171.497542982
 20
144.404148262
 30
0.000000000
 40
3.000000000
  0
LINE
  5
DF0
330
A02
100
AcDbEntity
  8
BLOCK_grills_60
100
AcDbLine
 10
172.645593279
 20
141.632509665
 30
0.000000000
 11
170.349492685
 21
147.175786860
 31
0.000000000
  0
LINE
  5
DF1
330
A02
100
AcDbEntity
  8
BLOCK_grills_60
100
AcDbLine
 10
165.090411777
 20
152.032953524
 30
0.000000000
 11
170.633688972
 21
154.329054118
 31
0.000000000
  0
CIRCLE
  5
DF2
330
A02
100
AcDbEntity
  8
BLOCK_grills_60
100
AcDbCircle
 10
167.862050374
 20
153.181003821
 30
0.000000000
 40
3.000000000
  0
LINE
  5
DF3
330
A02
100
AcDbEntity
  8
BLOCK_grills_60
100
AcDbLine
 10
169.010100671
 20
150.409365224
 30
0.000000000
 11
166.714000077
 21
155.952642419
 31
0.000000000
  0
LINE
  5
DF4
330
A02
100
AcDbEntity
  8
BLOCK_grills_60
100
AcDbLine
 10
170.194874667
 20
164.075611439
 30
0.000000000
 11
176.079586350
 21
165.246153371
 31
0.000000000
  0
CIRCLE
  5
DF5
330
A02
100
AcDbEntity
  8
BLOCK_grills_60
100
AcDbCircle
 10
173.137230508
 20
164.660882405
 30
0.000000000
 40
3.000000000
  0
LINE
  5
DF6
330
A02
100
AcDbEntity
  8
BLOCK_grills_60
100
AcDbLine
 10
173.722501475
 20
161.718526564
 30
0.000000000
 11
172.551959542
 21
167.603238246
 31
0.000000000
  0
LINE
  5
DF7
330
A02
100
AcDbEntity
  8
BLOCK_grills_60
100
AcDbLine
 10
170.194874667
 20
164.075611439
 30
0.000000000
 11
176.079586350
 21
165.246153371
 31
0.000000000
  0
CIRCLE
  5
DF8
330
A02
100
AcDbEntity
  8
BLOCK_grills_60
100
AcDbCircle
 10
173.137230508
 20
164.660882405
 30
0.000000000
 40
3.000000000
  0
LINE
  5
DF9
330
A02
100
AcDbEntity
  8
BLOCK_grills_60
100
AcDbLine
 10
173.722501475
 20
161.718526564
 30
0.000000000
 11
172.551959542
 21
167.603238246
 31
0.000000000
  0
LINE
  5
DFA
330
A02
100
AcDbEntity
  8
BLOCK_grills_60
100
AcDbLine
 10
197.809845244
 20
163.105909677
 30
0.000000000
 11
203.353122439
 21
160.809809083
 31
0.000000000
  0
CIRCLE
  5
DFB
330
A02
100
AcDbEntity
  8
BLOCK_grills_60
100
AcDbCircle
 10
200.581483842
 20
161.957859380
 30
0.000000000
 40
3.000000000
  0
LINE
  5
DFC
330
A02
100
AcDbEntity
  8
BLOCK_grills_60
100
AcDbLine
 10
199.433433544
 20
159.186220782
 30
0.000000000
 11
201.729534139
 21
164.729497977
 31
0.000000000
  0
LINE
  5
DFD
330
A02
100
AcDbEntity
  8
BLOCK_grills_60
100
AcDbLine
 10
179.404020804
 20
156.073581586
 30
0.000000000
 11
185.404020804
 21
156.073581586
 31
0.000000000
  0
CIRCLE
  5
DFE
330
A02
100
AcDbEntity
  8
BLOCK_grills_60
100
AcDbCircle
 10
182.404020804
 20
156.073581586
 30
0.000000000
 40
3.000000000
  0
LINE
  5
DFF
330
A02
100
AcDbEntity
  8
BLOCK_grills_60
100
AcDbLine
 10
182.404020804
 20
153.073581586
 30
0.000000000
 11
182.404020804
 21
159.073581586
 31
0.000000000
  0
LINE
  5
E00
330
A02
100
AcDbEntity
  8
BLOCK_grills_60
100
AcDbLine
 10
194.174352637
 20
154.329054118
 30
0.000000000
 11
199.717629832
 21
152.032953524
 31
0.000000000
  0
CIRCLE
  5
E01
330
A02
100
AcDbEntity
  8
BLOCK_grills_60
100
AcDbCircle
 10
196.945991234
 20
153.181003821
 30
0.000000000
 40
3.000000000
  0
LINE
  5
E02
330
A02
100
AcDbEntity
  8
BLOCK_grills_60
100
AcDbLine
 10
195.797940937
 20
150.409365224
 30
0.000000000
 11
198.094041531
 21
155.952642419
 31
0.000000000
  0
LINE
  5
E03
330
A02
100
AcDbEntity
  8
BLOCK_grills_60
100
AcDbLine
 10
190.538860029
 20
145.552198559
 30
0.000000000
 11
196.082137224
 21
143.256097965
 31
0.000000000
  0
CIRCLE
  5
E04
330
A02
100
AcDbEntity
  8
BLOCK_grills_60
100
AcDbCircle
 10
193.310498627
 20
144.404148262
 30
0.000000000
 40
3.000000000
  0
LINE
  5
E05
330
A02
100
AcDbEntity
  8
BLOCK_grills_60
100
AcDbLine
 10
192.162448330
 20
141.632509665
 30
0.000000000
 11
194.458548924
 21
147.175786860
 31
0.000000000
  0
LINE
  5
E06
330
A02
100
AcDbEntity
  8
BLOCK_grills_60
100
AcDbLine
 10
179.404020804
 20
146.573581586
 30
0.000000000
 11
185.404020804
 21
146.573581586
 31
0.000000000
  0
CIRCLE
  5
E07
330
A02
100
AcDbEntity
  8
BLOCK_grills_60
100
AcDbCircle
 10
182.404020804
 20
146.573581586
 30
0.000000000
 40
3.000000000
  0
LINE
  5
E08
330
A02
100
AcDbEntity
  8
BLOCK_grills_60
100
AcDbLine
 10
182.404020804
 20
143.573581586
 30
0.000000000
 11
182.404020804
 21
149.573581586
 31
0.000000000
  0
LINE
  5
E09
330
A02
100
AcDbEntity
  8
BLOCK_grills_60
100
AcDbLine
 10
179.404020804
 20
137.073581586
 30
0.000000000
 11
185.404020804
 21
137.073581586
 31
0.000000000
  0
CIRCLE
  5
E0A
330
A02
100
AcDbEntity
  8
BLOCK_grills_60
100
AcDbCircle
 10
182.404020804
 20
137.073581586
 30
0.000000000
 40
3.000000000
  0
LINE
  5
E0B
330
A02
100
AcDbEntity
  8
BLOCK_grills_60
100
AcDbLine
 10
182.404020804
 20
134.073581586
 30
0.000000000
 11
182.404020804
 21
140.073581586
 31
0.000000000
  0
LINE
  5
E0C
330
A02
100
AcDbEntity
  8
BLOCK_grills_60
100
AcDbLine
 10
200.435243724
 20
140.347445193
 30
0.000000000
 11
204.677884412
 21
136.104804506
 31
0.000000000
  0
CIRCLE
  5
E0D
330
A02
100
AcDbEntity
  8
BLOCK_grills_60
100
AcDbCircle
 10
202.556564068
 20
138.226124849
 30
0.000000000
 40
3.000000000
  0
LINE
  5
E0E
330
A02
100
AcDbEntity
  8
BLOCK_grills_60
100
AcDbLine
 10
200.435243724
 20
136.104804506
 30
0.000000000
 11
204.677884412
 21
140.347445193
 31
0.000000000
  0
LINE
  5
E0F
330
A02
100
AcDbEntity
  8
BLOCK_grills_60
100
AcDbLine
 10
188.728455259
 20
165.246153371
 30
0.000000000
 11
194.613166941
 21
164.075611439
 31
0.000000000
  0
CIRCLE
  5
E10
330
A02
100
AcDbEntity
  8
BLOCK_grills_60
100
AcDbCircle
 10
191.670811100
 20
164.660882405
 30
0.000000000
 40
3.000000000
  0
LINE
  5
E11
330
A02
100
AcDbEntity
  8
BLOCK_grills_60
100
AcDbLine
 10
191.085540134
 20
161.718526564
 30
0.000000000
 11
192.256082066
 21
167.603238246
 31
0.000000000
  0
LINE
  5
E12
330
A02
100
AcDbEntity
  8
BLOCK_grills_60
100
AcDbLine
 10
188.728455259
 20
165.246153371
 30
0.000000000
 11
194.613166941
 21
164.075611439
 31
0.000000000
  0
CIRCLE
  5
E13
330
A02
100
AcDbEntity
  8
BLOCK_grills_60
100
AcDbCircle
 10
191.670811100
 20
164.660882405
 30
0.000000000
 40
3.000000000
  0
LINE
  5
E14
330
A02
100
AcDbEntity
  8
BLOCK_grills_60
100
AcDbLine
 10
191.085540134
 20
161.718526564
 30
0.000000000
 11
192.256082066
 21
167.603238246
 31
0.000000000
  0
LINE
  5
E15
330
A02
100
AcDbEntity
  8
BLOCK_grills_60
100
AcDbLine
 10
179.404020804
 20
165.573581586
 30
0.000000000
 11
185.404020804
 21
165.573581586
 31
0.000000000
  0
CIRCLE
  5
E16
330
A02
100
AcDbEntity
  8
BLOCK_grills_60
100
AcDbCircle
 10
182.404020804
 20
165.573581586
 30
0.000000000
 40
3.000000000
  0
LINE
  5
E17
330
A02
100
AcDbEntity
  8
BLOCK_grills_60
100
AcDbLine
 10
182.404020804
 20
162.573581586
 30
0.000000000
 11
182.404020804
 21
168.573581586
 31
0.000000000
  0
LINE
  5
E18
330
A02
100
AcDbEntity
  8
BLOCK_grills_60
100
AcDbLine
 10
225.140248301
 20
139.022683220
 30
0.000000000
 11
227.436348896
 21
133.479406025
 31
0.000000000
  0
CIRCLE
  5
E19
330
A02
100
AcDbEntity
  8
BLOCK_grills_60
100
AcDbCircle
 10
226.288298599
 20
136.251044623
 30
0.000000000
 40
3.000000000
  0
LINE
  5
E1A
330
A02
100
AcDbEntity
  8
BLOCK_grills_60
100
AcDbLine
 10
223.516660001
 20
135.102994326
 30
0.000000000
 11
229.059937196
 21
137.399094920
 31
0.000000000
  0
LINE
  5
E1B
330
A02
100
AcDbEntity
  8
BLOCK_grills_60
100
AcDbLine
 10
216.363392743
 20
135.387190613
 30
0.000000000
 11
218.659493337
 21
129.843913418
 31
0.000000000
  0
CIRCLE
  5
E1C
330
A02
100
AcDbEntity
  8
BLOCK_grills_60
100
AcDbCircle
 10
217.511443040
 20
132.615552015
 30
0.000000000
 40
3.000000000
  0
LINE
  5
E1D
330
A02
100
AcDbEntity
  8
BLOCK_grills_60
100
AcDbLine
 10
214.739804442
 20
131.467501718
 30
0.000000000
 11
220.283081637
 21
133.763602313
 31
0.000000000
  0
LINE
  5
E1E
330
A02
100
AcDbEntity
  8
BLOCK_grills_60
100
AcDbLine
 10
218.112913254
 20
86.607329823
 30
0.000000000
 11
213.870272567
 21
82.364689136
 31
0.000000000
  0
CIRCLE
  5
E1F
330
A02
100
AcDbEntity
  8
BLOCK_grills_60
100
AcDbCircle
 10
215.991592911
 20
84.486009479
 30
0.000000000
 40
3.000000000
  0
LINE
  5
E20
330
A02
100
AcDbEntity
  8
BLOCK_grills_60
100
AcDbLine
 10
213.870272567
 20
86.607329823
 30
0.000000000
 11
218.112913254
 21
82.364689136
 31
0.000000000
  0
LINE
  5
E21
330
A02
100
AcDbEntity
  8
BLOCK_grills_60
100
AcDbLine
 10
229.576592589
 20
111.749147131
 30
0.000000000
 11
228.406050657
 21
105.864435449
 31
0.000000000
  0
CIRCLE
  5
E22
330
A02
100
AcDbEntity
  8
BLOCK_grills_60
100
AcDbCircle
 10
228.991321623
 20
108.806791290
 30
0.000000000
 40
3.000000000
  0
LINE
  5
E23
330
A02
100
AcDbEntity
  8
BLOCK_grills_60
100
AcDbLine
 10
226.048965782
 20
109.392062256
 30
0.000000000
 11
231.933677465
 21
108.221520324
 31
0.000000000
  0
LINE
  5
E24
330
A02
100
AcDbEntity
  8
BLOCK_grills_60
100
AcDbLine
 10
229.576592589
 20
111.749147131
 30
0.000000000
 11
228.406050657
 21
105.864435449
 31
0.000000000
  0
CIRCLE
  5
E25
330
A02
100
AcDbEntity
  8
BLOCK_grills_60
100
AcDbCircle
 10
228.991321623
 20
108.806791290
 30
0.000000000
 40
3.000000000
  0
LINE
  5
E26
330
A02
100
AcDbEntity
  8
BLOCK_grills_60
100
AcDbLine
 10
226.048965782
 20
109.392062256
 30
0.000000000
 11
231.933677465
 21
108.221520324
 31
0.000000000
  0
LINE
  5
E27
330
A02
100
AcDbEntity
  8
BLOCK_grills_60
100
AcDbLine
 10
218.659493337
 20
106.303249753
 30
0.000000000
 11
216.363392743
 21
100.759972558
 31
0.000000000
  0
CIRCLE
  5
E28
330
A02
100
AcDbEntity
  8
BLOCK_grills_60
100
AcDbCircle
 10
217.511443040
 20
103.531611156
 30
0.000000000
 40
3.000000000
  0
LINE
  5
E29
330
A02
100
AcDbEntity
  8
BLOCK_grills_60
100
AcDbLine
 10
214.739804442
 20
104.679661453
 30
0.000000000
 11
220.283081637
 21
102.383560859
 31
0.000000000
  0
LINE
  5
E2A
330
A02
100
AcDbEntity
  8
BLOCK_grills_60
100
AcDbLine
 10
227.436348896
 20
102.667757146
 30
0.000000000
 11
225.140248301
 21
97.124479951
 31
0.000000000
  0
CIRCLE
  5
E2B
330
A02
100
AcDbEntity
  8
BLOCK_grills_60
100
AcDbCircle
 10
226.288298599
 20
99.896118548
 30
0.000000000
 40
3.000000000
  0
LINE
  5
E2C
330
A02
100
AcDbEntity
  8
BLOCK_grills_60
100
AcDbLine
 10
223.516660001
 20
101.044168845
 30
0.000000000
 11
229.059937196
 21
98.748068251
 31
0.000000000
  0
LINE
  5
E2D
330
A02
100
AcDbEntity
  8
BLOCK_grills_60
100
AcDbLine
 10
223.565538088
 20
94.178404354
 30
0.000000000
 11
220.232116690
 21
89.189586680
 31
0.000000000
  0
CIRCLE
  5
E2E
330
A02
100
AcDbEntity
  8
BLOCK_grills_60
100
AcDbCircle
 10
221.898827389
 20
91.683995517
 30
0.000000000
 40
3.000000000
  0
LINE
  5
E2F
330
A02
100
AcDbEntity
  8
BLOCK_grills_60
100
AcDbLine
 10
219.404418552
 20
93.350706216
 30
0.000000000
 11
224.393236226
 21
90.017284818
 31
0.000000000
  0
LINE
  5
E30
330
A02
100
AcDbEntity
  8
BLOCK_grills_60
100
AcDbLine
 10
223.565538088
 20
94.178404354
 30
0.000000000
 11
220.232116690
 21
89.189586680
 31
0.000000000
  0
CIRCLE
  5
E31
330
A02
100
AcDbEntity
  8
BLOCK_grills_60
100
AcDbCircle
 10
221.898827389
 20
91.683995517
 30
0.000000000
 40
3.000000000
  0
LINE
  5
E32
330
A02
100
AcDbEntity
  8
BLOCK_grills_60
100
AcDbLine
 10
219.404418552
 20
93.350706216
 30
0.000000000
 11
224.393236226
 21
90.017284818
 31
0.000000000
  0
LINE
  5
E33
330
A02
100
AcDbEntity
  8
BLOCK_grills_60
100
AcDbLine
 10
228.406050657
 20
130.282727723
 30
0.000000000
 11
229.576592589
 21
124.398016040
 31
0.000000000
  0
CIRCLE
  5
E34
330
A02
100
AcDbEntity
  8
BLOCK_grills_60
100
AcDbCircle
 10
228.991321623
 20
127.340371881
 30
0.000000000
 40
3.000000000
  0
LINE
  5
E35
330
A02
100
AcDbEntity
  8
BLOCK_grills_60
100
AcDbLine
 10
226.048965782
 20
126.755100915
 30
0.000000000
 11
231.933677465
 21
127.925642847
 31
0.000000000
  0
LINE
  5
E36
330
A02
100
AcDbEntity
  8
BLOCK_grills_60
100
AcDbLine
 10
228.406050657
 20
130.282727723
 30
0.000000000
 11
229.576592589
 21
124.398016040
 31
0.000000000
  0
CIRCLE
  5
E37
330
A02
100
AcDbEntity
  8
BLOCK_grills_60
100
AcDbCircle
 10
228.991321623
 20
127.340371881
 30
0.000000000
 40
3.000000000
  0
LINE
  5
E38
330
A02
100
AcDbEntity
  8
BLOCK_grills_60
100
AcDbLine
 10
226.048965782
 20
126.755100915
 30
0.000000000
 11
231.933677465
 21
127.925642847
 31
0.000000000
  0
LINE
  5
E39
330
A02
100
AcDbEntity
  8
BLOCK_grills_60
100
AcDbLine
 10
220.404020804
 20
121.073581586
 30
0.000000000
 11
220.404020804
 21
115.073581586
 31
0.000000000
  0
CIRCLE
  5
E3A
330
A02
100
AcDbEntity
  8
BLOCK_grills_60
100
AcDbCircle
 10
220.404020804
 20
118.073581586
 30
0.000000000
 40
3.000000000
  0
LINE
  5
E3B
330
A02
100
AcDbEntity
  8
BLOCK_grills_60
100
AcDbLine
 10
217.404020804
 20
118.073581586
 30
0.000000000
 11
223.404020804
 21
118.073581586
 31
0.000000000
  0
LINE
  5
E3C
330
A02
100
AcDbEntity
  8
BLOCK_grills_60
100
AcDbLine
 10
229.904020804
 20
121.073581586
 30
0.000000000
 11
229.904020804
 21
115.073581586
 31
0.000000000
  0
CIRCLE
  5
E3D
330
A02
100
AcDbEntity
  8
BLOCK_grills_60
100
AcDbCircle
 10
229.904020804
 20
118.073581586
 30
0.000000000
 40
3.000000000
  0
LINE
  5
E3E
330
A02
100
AcDbEntity
  8
BLOCK_grills_60
100
AcDbLine
 10
226.904020804
 20
118.073581586
 30
0.000000000
 11
232.904020804
 21
118.073581586
 31
0.000000000
  0
LINE
  5
E3F
330
A02
100
AcDbEntity
  8
BLOCK_grills_60
100
AcDbLine
 10
220.232116690
 20
146.957576491
 30
0.000000000
 11
223.565538088
 21
141.968758817
 31
0.000000000
  0
CIRCLE
  5
E40
330
A02
100
AcDbEntity
  8
BLOCK_grills_60
100
AcDbCircle
 10
221.898827389
 20
144.463167654
 30
0.000000000
 40
3.000000000
  0
LINE
  5
E41
330
A02
100
AcDbEntity
  8
BLOCK_grills_60
100
AcDbLine
 10
219.404418552
 20
142.796456955
 30
0.000000000
 11
224.393236226
 21
146.129878353
 31
0.000000000
  0
LINE
  5
E42
330
A02
100
AcDbEntity
  8
BLOCK_grills_60
100
AcDbLine
 10
220.232116690
 20
146.957576491
 30
0.000000000
 11
223.565538088
 21
141.968758817
 31
0.000000000
  0
CIRCLE
  5
E43
330
A02
100
AcDbEntity
  8
BLOCK_grills_60
100
AcDbCircle
 10
221.898827389
 20
144.463167654
 30
0.000000000
 40
3.000000000
  0
LINE
  5
E44
330
A02
100
AcDbEntity
  8
BLOCK_grills_60
100
AcDbLine
 10
219.404418552
 20
142.796456955
 30
0.000000000
 11
224.393236226
 21
146.129878353
 31
0.000000000
  0
LINE
  5
E45
330
A02
100
AcDbEntity
  8
BLOCK_grills_60
100
AcDbLine
 10
213.870272567
 20
153.782474036
 30
0.000000000
 11
218.112913254
 21
149.539833348
 31
0.000000000
  0
CIRCLE
  5
E46
330
A02
100
AcDbEntity
  8
BLOCK_grills_60
100
AcDbCircle
 10
215.991592911
 20
151.661153692
 30
0.000000000
 40
3.000000000
  0
LINE
  5
E47
330
A02
100
AcDbEntity
  8
BLOCK_grills_60
100
AcDbLine
 10
213.870272567
 20
149.539833348
 30
0.000000000
 11
218.112913254
 21
153.782474036
 31
0.000000000
  0
LINE
  5
E48
330
A02
100
AcDbEntity
  8
BLOCK_monitor_bar
100
AcDbLine
 10
940.316187256
 20
685.682238514
 30
0.000000000
 11
940.316187256
 21
835.682238514
 31
0.000000000
  0
LINE
  5
E49
330
A02
100
AcDbEntity
  8
BLOCK_monitor_bar
100
AcDbLine
 10
1390.316187256
 20
835.682238514
 30
0.000000000
 11
1390.316187256
 21
685.682238514
 31
0.000000000
  0
LINE
  5
E4A
330
A02
100
AcDbEntity
  8
BLOCK_monitor_bar
100
AcDbLine
 10
1390.316187256
 20
685.682238514
 30
0.000000000
 11
940.316187256
 21
685.682238514
 31
0.000000000
  0
LINE
  5
E4B
330
A02
100
AcDbEntity
  8
BLOCK_monitor_bar
100
AcDbLine
 10
1390.316187256
 20
835.682238514
 30
0.000000000
 11
940.316187256
 21
835.682238514
 31
0.000000000
  0
CIRCLE
  5
E4C
330
A02
100
AcDbEntity
  8
BLOCK_monitor_bar
100
AcDbCircle
 10
1215.316187256
 20
810.682238514
 30
0.000000000
 40
2.500000000
  0
CIRCLE
  5
E4D
330
A02
100
AcDbEntity
  8
BLOCK_monitor_bar
100
AcDbCircle
 10
1115.316187256
 20
810.682238514
 30
0.000000000
 40
2.500000000
  0
CIRCLE
  5
E4E
330
A02
100
AcDbEntity
  8
BLOCK_monitor_bar
100
AcDbCircle
 10
1115.316187256
 20
710.682238514
 30
0.000000000
 40
2.500000000
  0
CIRCLE
  5
E4F
330
A02
100
AcDbEntity
  8
BLOCK_monitor_bar
100
AcDbCircle
 10
1215.316187256
 20
710.682238514
 30
0.000000000
 40
2.500000000
  0
CIRCLE
  5
E50
330
A02
100
AcDbEntity
  8
BLOCK_monitor_bar
100
AcDbCircle
 10
947.816187256
 20
810.682238514
 30
0.000000000
 40
1.000000000
  0
CIRCLE
  5
E51
330
A02
100
AcDbEntity
  8
BLOCK_monitor_bar
100
AcDbCircle
 10
947.816187256
 20
710.682238514
 30
0.000000000
 40
1.000000000
  0
CIRCLE
  5
E52
330
A02
100
AcDbEntity
  8
BLOCK_monitor_bar
100
AcDbCircle
 10
1382.816187256
 20
810.682238514
 30
0.000000000
 40
1.000000000
  0
CIRCLE
  5
E53
330
A02
100
AcDbEntity
  8
BLOCK_monitor_bar
100
AcDbCircle
 10
1382.816187256
 20
710.682238514
 30
0.000000000
 40
1.000000000
  0
LINE
  5
E54
330
A02
100
AcDbEntity
  8
BLOCK_monitor_bar
100
AcDbLine
 10
1390.316187256
 20
685.682238514
 30
0.000000000
 11
1375.316187256
 21
685.682238514
 31
0.000000000
  0
LINE
  5
E55
330
A02
100
AcDbEntity
  8
BLOCK_monitor_bar
100
AcDbLine
 10
1390.316187256
 20
835.682238514
 30
0.000000000
 11
1390.316187256
 21
685.682238514
 31
0.000000000
  0
LINE
  5
E56
330
A02
100
AcDbEntity
  8
BLOCK_monitor_bar
100
AcDbLine
 10
1375.316187256
 20
835.682238514
 30
0.000000000
 11
1390.316187256
 21
835.682238514
 31
0.000000000
  0
LINE
  5
E57
330
A02
100
AcDbEntity
  8
BLOCK_monitor_bar
100
AcDbLine
 10
940.316187256
 20
685.682238514
 30
0.000000000
 11
955.316187256
 21
685.682238514
 31
0.000000000
  0
LINE
  5
E58
330
A02
100
AcDbEntity
  8
BLOCK_monitor_bar
100
AcDbLine
 10
940.316187256
 20
835.682238514
 30
0.000000000
 11
940.316187256
 21
685.682238514
 31
0.000000000
  0
LINE
  5
E59
330
A02
100
AcDbEntity
  8
BLOCK_monitor_bar
100
AcDbLine
 10
955.316187256
 20
835.682238514
 30
0.000000000
 11
940.316187256
 21
835.682238514
 31
0.000000000
  0
LINE
  5
E5A
330
A02
100
AcDbEntity
  8
BLOCK_monitor_bar
100
AcDbLine
 10
1375.316187256
 20
835.682238514
 30
0.000000000
 11
1375.316187256
 21
685.682238514
 31
0.000000000
  0
LINE
  5
E5B
330
A02
100
AcDbEntity
  8
BLOCK_monitor_bar
100
AcDbLine
 10
955.316187256
 20
685.682238514
 30
0.000000000
 11
955.316187256
 21
835.682238514
 31
0.000000000
  0
LINE
  5
E5C
330
A02
100
AcDbEntity
  8
Shape265
100
AcDbLine
 10
940.316187256
 20
685.682238514
 30
0.000000000
 11
940.316187256
 21
835.682238514
 31
0.000000000
  0
LINE
  5
E5D
330
A02
100
AcDbEntity
  8
Shape266
100
AcDbLine
 10
1390.316187256
 20
835.682238514
 30
0.000000000
 11
1390.316187256
 21
685.682238514
 31
0.000000000
  0
LINE
  5
E5E
330
A02
100
AcDbEntity
  8
Shape267
100
AcDbLine
 10
1390.316187256
 20
685.682238514
 30
0.000000000
 11
940.316187256
 21
685.682238514
 31
0.000000000
  0
LINE
  5
E5F
330
A02
100
AcDbEntity
  8
Shape268
100
AcDbLine
 10
1390.316187256
 20
835.682238514
 30
0.000000000
 11
940.316187256
 21
835.682238514
 31
0.000000000
  0
CIRCLE
  5
E60
330
A02
100
AcDbEntity
  8
Shape269
100
AcDbCircle
 10
1215.316187256
 20
810.682238514
 30
0.000000000
 40
2.500000000
  0
CIRCLE
  5
E61
330
A02
100
AcDbEntity
  8
Shape270
100
AcDbCircle
 10
1115.316187256
 20
810.682238514
 30
0.000000000
 40
2.500000000
  0
CIRCLE
  5
E62
330
A02
100
AcDbEntity
  8
Shape271
100
AcDbCircle
 10
1115.316187256
 20
710.682238514
 30
0.000000000
 40
2.500000000
  0
CIRCLE
  5
E63
330
A02
100
AcDbEntity
  8
Shape272
100
AcDbCircle
 10
1215.316187256
 20
710.682238514
 30
0.000000000
 40
2.500000000
  0
CIRCLE
  5
E64
330
A02
100
AcDbEntity
  8
Shape273
100
AcDbCircle
 10
947.816187256
 20
810.682238514
 30
0.000000000
 40
1.000000000
  0
CIRCLE
  5
E65
330
A02
100
AcDbEntity
  8
Shape274
100
AcDbCircle
 10
947.816187256
 20
710.682238514
 30
0.000000000
 40
1.000000000
  0
CIRCLE
  5
E66
330
A02
100
AcDbEntity
  8
Shape275
100
AcDbCircle
 10
1382.816187256
 20
810.682238514
 30
0.000000000
 40
1.000000000
  0
CIRCLE
  5
E67
330
A02
100
AcDbEntity
  8
Shape276
100
AcDbCircle
 10
1382.816187256
 20
710.682238514
 30
0.000000000
 40
1.000000000
  0
LINE
  5
E68
330
A02
100
AcDbEntity
  8
Shape277
100
AcDbLine
 10
1390.316187256
 20
685.682238514
 30
0.000000000
 11
1375.316187256
 21
685.682238514
 31
0.000000000
  0
LINE
  5
E69
330
A02
100
AcDbEntity
  8
Shape278
100
AcDbLine
 10
1390.316187256
 20
835.682238514
 30
0.000000000
 11
1390.316187256
 21
685.682238514
 31
0.000000000
  0
LINE
  5
E6A
330
A02
100
AcDbEntity
  8
Shape279
100
AcDbLine
 10
1375.316187256
 20
835.682238514
 30
0.000000000
 11
1390.316187256
 21
835.682238514
 31
0.000000000
  0
LINE
  5
E6B
330
A02
100
AcDbEntity
  8
Shape280
100
AcDbLine
 10
940.316187256
 20
685.682238514
 30
0.000000000
 11
955.316187256
 21
685.682238514
 31
0.000000000
  0
LINE
  5
E6C
330
A02
100
AcDbEntity
  8
Shape281
100
AcDbLine
 10
940.316187256
 20
835.682238514
 30
0.000000000
 11
940.316187256
 21
685.682238514
 31
0.000000000
  0
LINE
  5
E6D
330
A02
100
AcDbEntity
  8
Shape282
100
AcDbLine
 10
955.316187256
 20
835.682238514
 30
0.000000000
 11
940.316187256
 21
835.682238514
 31
0.000000000
  0
LINE
  5
E6E
330
A02
100
AcDbEntity
  8
Shape283
100
AcDbLine
 10
1375.316187256
 20
835.682238514
 30
0.000000000
 11
1375.316187256
 21
685.682238514
 31
0.000000000
  0
LINE
  5
E6F
330
A02
100
AcDbEntity
  8
Shape284
100
AcDbLine
 10
955.316187256
 20
685.682238514
 30
0.000000000
 11
955.316187256
 21
835.682238514
 31
0.000000000
  0
LINE
  5
E70
330
A02
100
AcDbEntity
  8
BLOCK_reference_block
100
AcDbLine
 10
-927.895189132
 20
763.002551650
 30
0.000000000
 11
-927.895189132
 21
713.002551650
 31
0.000000000
  0
LINE
  5
E71
330
A02
100
AcDbEntity
  8
BLOCK_reference_block
100
AcDbLine
 10
-877.895189132
 20
763.002551650
 30
0.000000000
 11
-927.895189132
 21
763.002551650
 31
0.000000000
  0
LINE
  5
E72
330
A02
100
AcDbEntity
  8
BLOCK_reference_block
100
AcDbLine
 10
-877.895189132
 20
713.002551650
 30
0.000000000
 11
-877.895189132
 21
763.002551650
 31
0.000000000
  0
LINE
  5
E73
330
A02
100
AcDbEntity
  8
BLOCK_reference_block
100
AcDbLine
 10
-927.895189132
 20
713.002551650
 30
0.000000000
 11
-877.895189132
 21
713.002551650
 31
0.000000000
  0
LINE
  5
E74
330
A02
100
AcDbEntity
  8
Shape285
100
AcDbLine
 10
-927.895189132
 20
763.002551650
 30
0.000000000
 11
-927.895189132
 21
713.002551650
 31
0.000000000
  0
LINE
  5
E75
330
A02
100
AcDbEntity
  8
Shape286
100
AcDbLine
 10
-877.895189132
 20
763.002551650
 30
0.000000000
 11
-927.895189132
 21
763.002551650
 31
0.000000000
  0
LINE
  5
E76
330
A02
100
AcDbEntity
  8
Shape287
100
AcDbLine
 10
-877.895189132
 20
713.002551650
 30
0.000000000
 11
-877.895189132
 21
763.002551650
 31
0.000000000
  0
LINE
  5
E77
330
A02
100
AcDbEntity
  8
Shape288
100
AcDbLine
 10
-927.895189132
 20
713.002551650
 30
0.000000000
 11
-877.895189132
 21
713.002551650
 31
0.000000000
  0
LINE
  5
E78
330
A02
100
AcDbEntity
  8
BLOCK_side_panel
100
AcDbLine
 10
1076.215965943
 20
109.497872465
 30
0.000000000
 11
1080.471168827
 21
95.060576963
 31
0.000000000
  0
LINE
  5
E79
330
A02
100
AcDbEntity
  8
BLOCK_side_panel
100
AcDbLine
 10
953.440960426
 20
66.225517830
 30
0.000000000
 11
966.287599910
 21
22.638705295
 31
0.000000000
  0
LINE
  5
E7A
330
A02
100
AcDbEntity
  8
BLOCK_side_panel
100
AcDbLine
 10
938.701797863
 20
63.176035920
 30
0.000000000
 11
951.899531400
 21
18.398011418
 31
0.000000000
  0
LINE
  5
E7B
330
A02
100
AcDbEntity
  8
BLOCK_side_panel
100
AcDbLine
 10
951.899531400
 20
18.398011418
 30
0.000000000
 11
966.287599910
 21
22.638705295
 31
0.000000000
  0
LINE
  5
E7C
330
A02
100
AcDbEntity
  8
BLOCK_side_panel
100
AcDbLine
 10
933.737394498
 20
80.019547338
 30
0.000000000
 11
937.992597382
 21
65.582251837
 31
0.000000000
  0
LINE
  5
E7D
330
A02
100
AcDbEntity
  8
BLOCK_side_panel
100
AcDbLine
 10
953.440960426
 20
66.225517830
 30
0.000000000
 11
938.499111392
 21
63.134100788
 31
0.000000000
  0
LINE
  5
E7E
330
A02
100
AcDbEntity
  8
BLOCK_side_panel
100
AcDbLine
 10
973.823218313
 20
16.000000000
 30
0.000000000
 11
1282.927969904
 21
16.000000000
 31
0.000000000
  0
LINE
  5
E7F
330
A02
100
AcDbEntity
  8
BLOCK_side_panel
100
AcDbLine
 10
973.823218313
 20
31.000000000
 30
0.000000000
 11
1282.927969904
 21
31.000000000
 31
0.000000000
  0
LINE
  5
E80
330
A02
100
AcDbEntity
  8
BLOCK_side_panel
100
AcDbLine
 10
1080.471168827
 20
95.060576963
 30
0.000000000
 11
937.992597382
 21
65.582251837
 31
0.000000000
  0
LINE
  5
E81
330
A02
100
AcDbEntity
  8
BLOCK_side_panel
100
AcDbLine
 10
1076.215965943
 20
109.497872465
 30
0.000000000
 11
933.737394498
 21
80.019547338
 31
0.000000000
  0
LINE
  5
E82
330
A02
100
AcDbEntity
  8
BLOCK_side_panel
100
AcDbLine
 10
1351.664036417
 20
436.765174046
 30
0.000000000
 11
1308.266485552
 21
18.486651876
 31
0.000000000
  0
LINE
  5
E83
330
A02
100
AcDbEntity
  8
BLOCK_side_panel
100
AcDbLine
 10
1336.744125163
 20
438.313156009
 30
0.000000000
 11
1293.346574297
 21
20.034633838
 31
0.000000000
  0
LINE
  5
E84
330
A02
100
AcDbEntity
  8
BLOCK_side_panel
100
AcDbLine
 10
1308.266485552
 20
18.486651876
 30
0.000000000
 11
1293.346574297
 21
20.034633838
 31
0.000000000
  0
LINE
  5
E85
330
A02
100
AcDbEntity
  8
BLOCK_side_panel
100
AcDbLine
 10
973.823218313
 20
31.000000000
 30
0.000000000
 11
973.823218313
 21
16.000000000
 31
0.000000000
  0
LINE
  5
E86
330
A02
100
AcDbEntity
  8
BLOCK_side_panel
100
AcDbLine
 10
1282.927969904
 20
16.000000000
 30
0.000000000
 11
1282.927969904
 21
31.000000000
 31
0.000000000
  0
LINE
  5
E87
330
A02
100
AcDbEntity
  8
BLOCK_side_panel
100
AcDbLine
 10
1336.744125163
 20
438.313156009
 30
0.000000000
 11
1351.664036417
 21
436.765174046
 31
0.000000000
  0
LINE
  5
E88
330
A02
100
AcDbEntity
  8
BLOCK_side_panel
100
AcDbLine
 10
1327.318048238
 20
439.115151142
 30
0.000000000
 11
1335.009165023
 21
451.993300179
 31
0.000000000
  0
LINE
  5
E89
330
A02
100
AcDbEntity
  8
BLOCK_side_panel
100
AcDbLine
 10
1312.627799543
 20
354.707401346
 30
0.000000000
 11
1319.959700680
 21
367.800081949
 31
0.000000000
  0
LINE
  5
E8A
330
A02
100
AcDbEntity
  8
BLOCK_side_panel
100
AcDbLine
 10
1231.488464849
 20
496.346707889
 30
0.000000000
 11
1238.820365987
 21
509.439388492
 31
0.000000000
  0
LINE
  5
E8B
330
A02
100
AcDbEntity
  8
BLOCK_side_panel
100
AcDbLine
 10
1231.488464849
 20
496.346707889
 30
0.000000000
 11
1327.318048238
 21
439.115151142
 31
0.000000000
  0
LINE
  5
E8C
330
A02
100
AcDbEntity
  8
BLOCK_side_panel
100
AcDbLine
 10
1192.384992114
 20
426.519078004
 30
0.000000000
 11
1312.627799543
 21
354.707401346
 31
0.000000000
  0
LINE
  5
E8D
330
A02
100
AcDbEntity
  8
BLOCK_side_panel
100
AcDbLine
 10
1199.716893252
 20
439.611758608
 30
0.000000000
 11
1319.959700680
 21
367.800081949
 31
0.000000000
  0
LINE
  5
E8E
330
A02
100
AcDbEntity
  8
BLOCK_side_panel
100
AcDbLine
 10
1192.384992114
 20
426.519078004
 30
0.000000000
 11
1199.716893252
 21
439.611758608
 31
0.000000000
  0
LINE
  5
E8F
330
A02
100
AcDbEntity
  8
BLOCK_side_panel
100
AcDbLine
 10
1238.820365987
 20
509.439388492
 30
0.000000000
 11
1335.009165023
 21
451.993300179
 31
0.000000000
  0
CIRCLE
  5
E90
330
A02
100
AcDbEntity
  8
BLOCK_side_panel
100
AcDbCircle
 10
982.183202652
 20
52.734266005
 30
0.000000000
 40
14.000000000
  0
ARC
  5
E91
330
A02
100
AcDbEntity
  8
BLOCK_side_panel
100
AcDbCircle
 10
1176.567522600
 20
438.183268337
 30
0.000000000
 40
7.500000000
100
AcDbArc
 50
150.751173663
 51
-162.552441847
  0
ARC
  5
E92
330
A02
100
AcDbEntity
  8
BLOCK_side_panel
100
AcDbCircle
 10
1029.448310914
 20
181.516111535
 30
0.000000000
 40
60.000000000
100
AcDbArc
 50
-78.310630825
 51
-56.016773721
  0
ARC
  5
E93
330
A02
100
AcDbEntity
  8
BLOCK_side_panel
100
AcDbCircle
 10
912.399824196
 20
355.157261492
 30
0.000000000
 40
269.407729565
100
AcDbArc
 50
-56.016773721
 51
17.447558153
  0
ARC
  5
E94
330
A02
100
AcDbEntity
  8
BLOCK_side_panel
100
AcDbCircle
 10
926.423328511
 20
83.612186408
 30
0.000000000
 40
15.000000000
100
AcDbArc
 50
101.689369175
 51
-163.577812502
  0
LINE
  5
E95
330
A02
100
AcDbEntity
  8
BLOCK_side_panel
100
AcDbLine
 10
1041.604647156
 20
122.760486364
 30
0.000000000
 11
923.384244450
 21
98.301092701
 31
0.000000000
  0
ARC
  5
E96
330
A02
100
AcDbEntity
  8
BLOCK_side_panel
100
AcDbCircle
 10
1233.681057731
 20
504.355351972
 30
0.000000000
 40
25.000000000
100
AcDbArc
 50
59.153412588
 51
150.751173663
  0
ARC
  5
E97
330
A02
100
AcDbEntity
  8
BLOCK_side_panel
100
AcDbCircle
 10
946.645867663
 20
15.000000000
 30
0.000000000
 40
15.000000000
100
AcDbArc
 50
-163.577812502
 51
-90.000000000
  0
LINE
  5
E98
330
A02
100
AcDbEntity
  8
BLOCK_side_panel
100
AcDbLine
 10
1170.023727481
 20
441.847793604
 30
0.000000000
 11
1211.868407332
 21
516.570436195
 31
0.000000000
  0
LINE
  5
E99
330
A02
100
AcDbEntity
  8
BLOCK_side_panel
100
AcDbLine
 10
1246.499585707
 20
525.818933699
 30
0.000000000
 11
1368.428963063
 21
453.000000000
 31
0.000000000
  0
LINE
  5
E9A
330
A02
100
AcDbEntity
  8
BLOCK_side_panel
100
AcDbLine
 10
912.035260001
 20
79.371492532
 30
0.000000000
 11
932.257799153
 21
10.759306123
 31
0.000000000
  0
LINE
  5
E9B
330
A02
100
AcDbEntity
  8
BLOCK_side_panel
100
AcDbLine
 10
1368.428963063
 20
453.000000000
 30
0.000000000
 11
1321.428963063
 21
0.000000000
 31
0.000000000
  0
LINE
  5
E9C
330
A02
100
AcDbEntity
  8
BLOCK_side_panel
100
AcDbLine
 10
946.645867663
 20
0.000000000
 30
0.000000000
 11
1321.428963063
 21
0.000000000
 31
0.000000000
  0
CIRCLE
  5
E9D
330
A02
100
AcDbEntity
  8
Shape289
100
AcDbCircle
 10
982.183202652
 20
52.734266005
 30
0.000000000
 40
14.000000000
  0
ARC
  5
E9E
330
A02
100
AcDbEntity
  8
Shape290
100
AcDbCircle
 10
1176.567522600
 20
438.183268337
 30
0.000000000
 40
7.500000000
100
AcDbArc
 50
150.751173663
 51
-162.552441847
  0
ARC
  5
E9F
330
A02
100
AcDbEntity
  8
Shape291
100
AcDbCircle
 10
1029.448310914
 20
181.516111535
 30
0.000000000
 40
60.000000000
100
AcDbArc
 50
-78.310630825
 51
-56.016773721
  0
ARC
  5
EA0
330
A02
100
AcDbEntity
  8
Shape292
100
AcDbCircle
 10
912.399824196
 20
355.157261492
 30
0.000000000
 40
269.407729565
100
AcDbArc
 50
-56.016773721
 51
17.447558153
  0
ARC
  5
EA1
330
A02
100
AcDbEntity
  8
Shape293
100
AcDbCircle
 10
926.423328511
 20
83.612186408
 30
0.000000000
 40
15.000000000
100
AcDbArc
 50
101.689369175
 51
-163.577812502
  0
LINE
  5
EA2
330
A02
100
AcDbEntity
  8
Shape294
100
AcDbLine
 10
1041.604647156
 20
122.760486364
 30
0.000000000
 11
923.384244450
 21
98.301092701
 31
0.000000000
  0
ARC
  5
EA3
330
A02
100
AcDbEntity
  8
Shape295
100
AcDbCircle
 10
1233.681057731
 20
504.355351972
 30
0.000000000
 40
25.000000000
100
AcDbArc
 50
59.153412588
 51
150.751173663
  0
ARC
  5
EA4
330
A02
100
AcDbEntity
  8
Shape296
100
AcDbCircle
 10
946.645867663
 20
15.000000000
 30
0.000000000
 40
15.000000000
100
AcDbArc
 50
-163.577812502
 51
-90.000000000
  0
LINE
  5
EA5
330
A02
100
AcDbEntity
  8
Shape297
100
AcDbLine
 10
1170.023727481
 20
441.847793604
 30
0.000000000
 11
1211.868407332
 21
516.570436195
 31
0.000000000
  0
LINE
  5
EA6
330
A02
100
AcDbEntity
  8
Shape298
100
AcDbLine
 10
1246.499585707
 20
525.818933699
 30
0.000000000
 11
1368.428963063
 21
453.000000000
 31
0.000000000
  0
LINE
  5
EA7
330
A02
100
AcDbEntity
  8
Shape299
100
AcDbLine
 10
912.035260001
 20
79.371492532
 30
0.000000000
 11
932.257799153
 21
10.759306123
 31
0.000000000
  0
LINE
  5
EA8
330
A02
100
AcDbEntity
  8
Shape300
100
AcDbLine
 10
1368.428963063
 20
453.000000000
 30
0.000000000
 11
1321.428963063
 21
0.000000000
 31
0.000000000
  0
LINE
  5
EA9
330
A02
100
AcDbEntity
  8
Shape301
100
AcDbLine
 10
946.645867663
 20
0.000000000
 30
0.000000000
 11
1321.428963063
 21
0.000000000
 31
0.000000000
  0
CIRCLE
  5
EAA
330
A02
100
AcDbEntity
  8
BLOCK_speaker_panel
100
AcDbCircle
 10
783.000000000
 20
42.412749121
 30
0.000000000
 40
3.000000000
  0
CIRCLE
  5
EAB
330
A02
100
AcDbEntity
  8
BLOCK_speaker_panel
100
AcDbCircle
 10
774.000000000
 20
42.412749121
 30
0.000000000
 40
3.000000000
  0
CIRCLE
  5
EAC
330
A02
100
AcDbEntity
  8
BLOCK_speaker_panel
100
AcDbCircle
 10
765.000000000
 20
42.412749121
 30
0.000000000
 40
3.000000000
  0
CIRCLE
  5
EAD
330
A02
100
AcDbEntity
  8
BLOCK_speaker_panel
100
AcDbCircle
 10
756.000000000
 20
42.412749121
 30
0.000000000
 40
3.000000000
  0
CIRCLE
  5
EAE
330
A02
100
AcDbEntity
  8
BLOCK_speaker_panel
100
AcDbCircle
 10
747.000000000
 20
42.412749121
 30
0.000000000
 40
3.000000000
  0
CIRCLE
  5
EAF
330
A02
100
AcDbEntity
  8
BLOCK_speaker_panel
100
AcDbCircle
 10
750.425421037
 20
59.633503577
 30
0.000000000
 40
3.000000000
  0
CIRCLE
  5
EB0
330
A02
100
AcDbEntity
  8
BLOCK_speaker_panel
100
AcDbCircle
 10
760.180194847
 20
74.232554274
 30
0.000000000
 40
3.000000000
  0
CIRCLE
  5
EB1
330
A02
100
AcDbEntity
  8
BLOCK_speaker_panel
100
AcDbCircle
 10
774.779245544
 20
83.987328084
 30
0.000000000
 40
3.000000000
  0
CIRCLE
  5
EB2
330
A02
100
AcDbEntity
  8
BLOCK_speaker_panel
100
AcDbCircle
 10
792.000000000
 20
87.412749121
 30
0.000000000
 40
3.000000000
  0
CIRCLE
  5
EB3
330
A02
100
AcDbEntity
  8
BLOCK_speaker_panel
100
AcDbCircle
 10
809.220754456
 20
83.987328084
 30
0.000000000
 40
3.000000000
  0
CIRCLE
  5
EB4
330
A02
100
AcDbEntity
  8
BLOCK_speaker_panel
100
AcDbCircle
 10
823.819805153
 20
74.232554274
 30
0.000000000
 40
3.000000000
  0
CIRCLE
  5
EB5
330
A02
100
AcDbEntity
  8
BLOCK_speaker_panel
100
AcDbCircle
 10
833.574578963
 20
59.633503577
 30
0.000000000
 40
3.000000000
  0
CIRCLE
  5
EB6
330
A02
100
AcDbEntity
  8
BLOCK_speaker_panel
100
AcDbCircle
 10
837.000000000
 20
42.412749121
 30
0.000000000
 40
3.000000000
  0
CIRCLE
  5
EB7
330
A02
100
AcDbEntity
  8
BLOCK_speaker_panel
100
AcDbCircle
 10
833.574578963
 20
25.191994664
 30
0.000000000
 40
3.000000000
  0
CIRCLE
  5
EB8
330
A02
100
AcDbEntity
  8
BLOCK_speaker_panel
100
AcDbCircle
 10
823.819805153
 20
10.592943967
 30
0.000000000
 40
3.000000000
  0
CIRCLE
  5
EB9
330
A02
100
AcDbEntity
  8
BLOCK_speaker_panel
100
AcDbCircle
 10
809.220754456
 20
0.838170158
 30
0.000000000
 40
3.000000000
  0
CIRCLE
  5
EBA
330
A02
100
AcDbEntity
  8
BLOCK_speaker_panel
100
AcDbCircle
 10
792.000000000
 20
-2.587250879
 30
0.000000000
 40
3.000000000
  0
CIRCLE
  5
EBB
330
A02
100
AcDbEntity
  8
BLOCK_speaker_panel
100
AcDbCircle
 10
774.779245544
 20
0.838170158
 30
0.000000000
 40
3.000000000
  0
CIRCLE
  5
EBC
330
A02
100
AcDbEntity
  8
BLOCK_speaker_panel
100
AcDbCircle
 10
760.180194847
 20
10.592943967
 30
0.000000000
 40
3.000000000
  0
CIRCLE
  5
EBD
330
A02
100
AcDbEntity
  8
BLOCK_speaker_panel
100
AcDbCircle
 10
750.425421037
 20
25.191994664
 30
0.000000000
 40
3.000000000
  0
CIRCLE
  5
EBE
330
A02
100
AcDbEntity
  8
BLOCK_speaker_panel
100
AcDbCircle
 10
828.000000000
 20
42.412749121
 30
0.000000000
 40
3.000000000
  0
CIRCLE
  5
EBF
330
A02
100
AcDbEntity
  8
BLOCK_speaker_panel
100
AcDbCircle
 10
819.000000000
 20
42.412749121
 30
0.000000000
 40
3.000000000
  0
CIRCLE
  5
EC0
330
A02
100
AcDbEntity
  8
BLOCK_speaker_panel
100
AcDbCircle
 10
810.000000000
 20
42.412749121
 30
0.000000000
 40
3.000000000
  0
CIRCLE
  5
EC1
330
A02
100
AcDbEntity
  8
BLOCK_speaker_panel
100
AcDbCircle
 10
801.000000000
 20
42.412749121
 30
0.000000000
 40
3.000000000
  0
CIRCLE
  5
EC2
330
A02
100
AcDbEntity
  8
BLOCK_speaker_panel
100
AcDbCircle
 10
792.000000000
 20
51.412749121
 30
0.000000000
 40
3.000000000
  0
CIRCLE
  5
EC3
330
A02
100
AcDbEntity
  8
BLOCK_speaker_panel
100
AcDbCircle
 10
792.000000000
 20
60.412749121
 30
0.000000000
 40
3.000000000
  0
CIRCLE
  5
EC4
330
A02
100
AcDbEntity
  8
BLOCK_speaker_panel
100
AcDbCircle
 10
792.000000000
 20
69.412749121
 30
0.000000000
 40
3.000000000
  0
CIRCLE
  5
EC5
330
A02
100
AcDbEntity
  8
BLOCK_speaker_panel
100
AcDbCircle
 10
792.000000000
 20
78.412749121
 30
0.000000000
 40
3.000000000
  0
CIRCLE
  5
EC6
330
A02
100
AcDbEntity
  8
BLOCK_speaker_panel
100
AcDbCircle
 10
792.000000000
 20
33.412749121
 30
0.000000000
 40
3.000000000
  0
CIRCLE
  5
EC7
330
A02
100
AcDbEntity
  8
BLOCK_speaker_panel
100
AcDbCircle
 10
779.272077939
 20
29.684827060
 30
0.000000000
 40
3.000000000
  0
CIRCLE
  5
EC8
330
A02
100
AcDbEntity
  8
BLOCK_speaker_panel
100
AcDbCircle
 10
767.055252622
 20
32.080296447
 30
0.000000000
 40
3.000000000
  0
CIRCLE
  5
EC9
330
A02
100
AcDbEntity
  8
BLOCK_speaker_panel
100
AcDbCircle
 10
758.740336830
 20
28.636145556
 30
0.000000000
 40
3.000000000
  0
CIRCLE
  5
ECA
330
A02
100
AcDbEntity
  8
BLOCK_speaker_panel
100
AcDbCircle
 10
792.000000000
 20
24.412749121
 30
0.000000000
 40
3.000000000
  0
CIRCLE
  5
ECB
330
A02
100
AcDbEntity
  8
BLOCK_speaker_panel
100
AcDbCircle
 10
792.000000000
 20
15.412749121
 30
0.000000000
 40
3.000000000
  0
CIRCLE
  5
ECC
330
A02
100
AcDbEntity
  8
BLOCK_speaker_panel
100
AcDbCircle
 10
792.000000000
 20
6.412749121
 30
0.000000000
 40
3.000000000
  0
CIRCLE
  5
ECD
330
A02
100
AcDbEntity
  8
BLOCK_speaker_panel
100
AcDbCircle
 10
772.908116908
 20
23.320866029
 30
0.000000000
 40
3.000000000
  0
CIRCLE
  5
ECE
330
A02
100
AcDbEntity
  8
BLOCK_speaker_panel
100
AcDbCircle
 10
766.544155877
 20
16.956904998
 30
0.000000000
 40
3.000000000
  0
CIRCLE
  5
ECF
330
A02
100
AcDbEntity
  8
BLOCK_speaker_panel
100
AcDbCircle
 10
781.667547326
 20
17.468001743
 30
0.000000000
 40
3.000000000
  0
CIRCLE
  5
ED0
330
A02
100
AcDbEntity
  8
BLOCK_speaker_panel
100
AcDbCircle
 10
778.223396435
 20
9.153085950
 30
0.000000000
 40
3.000000000
  0
CIRCLE
  5
ED1
330
A02
100
AcDbEntity
  8
BLOCK_speaker_panel
100
AcDbCircle
 10
758.740336830
 20
56.189352686
 30
0.000000000
 40
3.000000000
  0
CIRCLE
  5
ED2
330
A02
100
AcDbEntity
  8
BLOCK_speaker_panel
100
AcDbCircle
 10
767.055252622
 20
52.745201795
 30
0.000000000
 40
3.000000000
  0
CIRCLE
  5
ED3
330
A02
100
AcDbEntity
  8
BLOCK_speaker_panel
100
AcDbCircle
 10
772.908116908
 20
61.504632213
 30
0.000000000
 40
3.000000000
  0
CIRCLE
  5
ED4
330
A02
100
AcDbEntity
  8
BLOCK_speaker_panel
100
AcDbCircle
 10
779.272077939
 20
55.140671182
 30
0.000000000
 40
3.000000000
  0
CIRCLE
  5
ED5
330
A02
100
AcDbEntity
  8
BLOCK_speaker_panel
100
AcDbCircle
 10
766.544155877
 20
67.868593244
 30
0.000000000
 40
3.000000000
  0
CIRCLE
  5
ED6
330
A02
100
AcDbEntity
  8
BLOCK_speaker_panel
100
AcDbCircle
 10
778.223396435
 20
75.672412291
 30
0.000000000
 40
3.000000000
  0
CIRCLE
  5
ED7
330
A02
100
AcDbEntity
  8
BLOCK_speaker_panel
100
AcDbCircle
 10
781.667547326
 20
67.357496499
 30
0.000000000
 40
3.000000000
  0
CIRCLE
  5
ED8
330
A02
100
AcDbEntity
  8
BLOCK_speaker_panel
100
AcDbCircle
 10
805.776603565
 20
75.672412291
 30
0.000000000
 40
3.000000000
  0
CIRCLE
  5
ED9
330
A02
100
AcDbEntity
  8
BLOCK_speaker_panel
100
AcDbCircle
 10
802.332452674
 20
67.357496499
 30
0.000000000
 40
3.000000000
  0
CIRCLE
  5
EDA
330
A02
100
AcDbEntity
  8
BLOCK_speaker_panel
100
AcDbCircle
 10
811.091883092
 20
61.504632213
 30
0.000000000
 40
3.000000000
  0
CIRCLE
  5
EDB
330
A02
100
AcDbEntity
  8
BLOCK_speaker_panel
100
AcDbCircle
 10
804.727922061
 20
55.140671182
 30
0.000000000
 40
3.000000000
  0
CIRCLE
  5
EDC
330
A02
100
AcDbEntity
  8
BLOCK_speaker_panel
100
AcDbCircle
 10
817.455844123
 20
67.868593244
 30
0.000000000
 40
3.000000000
  0
CIRCLE
  5
EDD
330
A02
100
AcDbEntity
  8
BLOCK_speaker_panel
100
AcDbCircle
 10
825.259663170
 20
56.189352686
 30
0.000000000
 40
3.000000000
  0
CIRCLE
  5
EDE
330
A02
100
AcDbEntity
  8
BLOCK_speaker_panel
100
AcDbCircle
 10
816.944747378
 20
52.745201795
 30
0.000000000
 40
3.000000000
  0
CIRCLE
  5
EDF
330
A02
100
AcDbEntity
  8
BLOCK_speaker_panel
100
AcDbCircle
 10
825.259663170
 20
28.636145556
 30
0.000000000
 40
3.000000000
  0
CIRCLE
  5
EE0
330
A02
100
AcDbEntity
  8
BLOCK_speaker_panel
100
AcDbCircle
 10
816.944747378
 20
32.080296447
 30
0.000000000
 40
3.000000000
  0
CIRCLE
  5
EE1
330
A02
100
AcDbEntity
  8
BLOCK_speaker_panel
100
AcDbCircle
 10
811.091883092
 20
23.320866029
 30
0.000000000
 40
3.000000000
  0
CIRCLE
  5
EE2
330
A02
100
AcDbEntity
  8
BLOCK_speaker_panel
100
AcDbCircle
 10
804.727922061
 20
29.684827060
 30
0.000000000
 40
3.000000000
  0
CIRCLE
  5
EE3
330
A02
100
AcDbEntity
  8
BLOCK_speaker_panel
100
AcDbCircle
 10
817.455844123
 20
16.956904998
 30
0.000000000
 40
3.000000000
  0
CIRCLE
  5
EE4
330
A02
100
AcDbEntity
  8
BLOCK_speaker_panel
100
AcDbCircle
 10
805.776603565
 20
9.153085950
 30
0.000000000
 40
3.000000000
  0
CIRCLE
  5
EE5
330
A02
100
AcDbEntity
  8
BLOCK_speaker_panel
100
AcDbCircle
 10
802.332452674
 20
17.468001743
 30
0.000000000
 40
3.000000000
  0
CIRCLE
  5
EE6
330
A02
100
AcDbEntity
  8
BLOCK_speaker_panel
100
AcDbCircle
 10
783.000000000
 20
286.412749121
 30
0.000000000
 40
3.000000000
  0
CIRCLE
  5
EE7
330
A02
100
AcDbEntity
  8
BLOCK_speaker_panel
100
AcDbCircle
 10
774.000000000
 20
286.412749121
 30
0.000000000
 40
3.000000000
  0
CIRCLE
  5
EE8
330
A02
100
AcDbEntity
  8
BLOCK_speaker_panel
100
AcDbCircle
 10
765.000000000
 20
286.412749121
 30
0.000000000
 40
3.000000000
  0
CIRCLE
  5
EE9
330
A02
100
AcDbEntity
  8
BLOCK_speaker_panel
100
AcDbCircle
 10
756.000000000
 20
286.412749121
 30
0.000000000
 40
3.000000000
  0
CIRCLE
  5
EEA
330
A02
100
AcDbEntity
  8
BLOCK_speaker_panel
100
AcDbCircle
 10
747.000000000
 20
286.412749121
 30
0.000000000
 40
3.000000000
  0
CIRCLE
  5
EEB
330
A02
100
AcDbEntity
  8
BLOCK_speaker_panel
100
AcDbCircle
 10
750.425421037
 20
303.633503577
 30
0.000000000
 40
3.000000000
  0
CIRCLE
  5
EEC
330
A02
100
AcDbEntity
  8
BLOCK_speaker_panel
100
AcDbCircle
 10
760.180194847
 20
318.232554274
 30
0.000000000
 40
3.000000000
  0
CIRCLE
  5
EED
330
A02
100
AcDbEntity
  8
BLOCK_speaker_panel
100
AcDbCircle
 10
774.779245544
 20
327.987328084
 30
0.000000000
 40
3.000000000
  0
CIRCLE
  5
EEE
330
A02
100
AcDbEntity
  8
BLOCK_speaker_panel
100
AcDbCircle
 10
792.000000000
 20
331.412749121
 30
0.000000000
 40
3.000000000
  0
CIRCLE
  5
EEF
330
A02
100
AcDbEntity
  8
BLOCK_speaker_panel
100
AcDbCircle
 10
809.220754456
 20
327.987328084
 30
0.000000000
 40
3.000000000
  0
CIRCLE
  5
EF0
330
A02
100
AcDbEntity
  8
BLOCK_speaker_panel
100
AcDbCircle
 10
823.819805153
 20
318.232554274
 30
0.000000000
 40
3.000000000
  0
CIRCLE
  5
EF1
330
A02
100
AcDbEntity
  8
BLOCK_speaker_panel
100
AcDbCircle
 10
833.574578963
 20
303.633503577
 30
0.000000000
 40
3.000000000
  0
CIRCLE
  5
EF2
330
A02
100
AcDbEntity
  8
BLOCK_speaker_panel
100
AcDbCircle
 10
837.000000000
 20
286.412749121
 30
0.000000000
 40
3.000000000
  0
CIRCLE
  5
EF3
330
A02
100
AcDbEntity
  8
BLOCK_speaker_panel
100
AcDbCircle
 10
833.574578963
 20
269.191994664
 30
0.000000000
 40
3.000000000
  0
CIRCLE
  5
EF4
330
A02
100
AcDbEntity
  8
BLOCK_speaker_panel
100
AcDbCircle
 10
823.819805153
 20
254.592943967
 30
0.000000000
 40
3.000000000
  0
CIRCLE
  5
EF5
330
A02
100
AcDbEntity
  8
BLOCK_speaker_panel
100
AcDbCircle
 10
809.220754456
 20
244.838170158
 30
0.000000000
 40
3.000000000
  0
CIRCLE
  5
EF6
330
A02
100
AcDbEntity
  8
BLOCK_speaker_panel
100
AcDbCircle
 10
792.000000000
 20
241.412749121
 30
0.000000000
 40
3.000000000
  0
CIRCLE
  5
EF7
330
A02
100
AcDbEntity
  8
BLOCK_speaker_panel
100
AcDbCircle
 10
774.779245544
 20
244.838170158
 30
0.000000000
 40
3.000000000
  0
CIRCLE
  5
EF8
330
A02
100
AcDbEntity
  8
BLOCK_speaker_panel
100
AcDbCircle
 10
760.180194847
 20
254.592943967
 30
0.000000000
 40
3.000000000
  0
CIRCLE
  5
EF9
330
A02
100
AcDbEntity
  8
BLOCK_speaker_panel
100
AcDbCircle
 10
750.425421037
 20
269.191994664
 30
0.000000000
 40
3.000000000
  0
CIRCLE
  5
EFA
330
A02
100
AcDbEntity
  8
BLOCK_speaker_panel
100
AcDbCircle
 10
828.000000000
 20
286.412749121
 30
0.000000000
 40
3.000000000
  0
CIRCLE
  5
EFB
330
A02
100
AcDbEntity
  8
BLOCK_speaker_panel
100
AcDbCircle
 10
819.000000000
 20
286.412749121
 30
0.000000000
 40
3.000000000
  0
CIRCLE
  5
EFC
330
A02
100
AcDbEntity
  8
BLOCK_speaker_panel
100
AcDbCircle
 10
810.000000000
 20
286.412749121
 30
0.000000000
 40
3.000000000
  0
CIRCLE
  5
EFD
330
A02
100
AcDbEntity
  8
BLOCK_speaker_panel
100
AcDbCircle
 10
801.000000000
 20
286.412749121
 30
0.000000000
 40
3.000000000
  0
CIRCLE
  5
EFE
330
A02
100
AcDbEntity
  8
BLOCK_speaker_panel
100
AcDbCircle
 10
792.000000000
 20
295.412749121
 30
0.000000000
 40
3.000000000
  0
CIRCLE
  5
EFF
330
A02
100
AcDbEntity
  8
BLOCK_speaker_panel
100
AcDbCircle
 10
792.000000000
 20
304.412749121
 30
0.000000000
 40
3.000000000
  0
CIRCLE
  5
F00
330
A02
100
AcDbEntity
  8
BLOCK_speaker_panel
100
AcDbCircle
 10
792.000000000
 20
313.412749121
 30
0.000000000
 40
3.000000000
  0
CIRCLE
  5
F01
330
A02
100
AcDbEntity
  8
BLOCK_speaker_panel
100
AcDbCircle
 10
792.000000000
 20
322.412749121
 30
0.000000000
 40
3.000000000
  0
CIRCLE
  5
F02
330
A02
100
AcDbEntity
  8
BLOCK_speaker_panel
100
AcDbCircle
 10
792.000000000
 20
277.412749121
 30
0.000000000
 40
3.000000000
  0
CIRCLE
  5
F03
330
A02
100
AcDbEntity
  8
BLOCK_speaker_panel
100
AcDbCircle
 10
779.272077939
 20
273.684827060
 30
0.000000000
 40
3.000000000
  0
CIRCLE
  5
F04
330
A02
100
AcDbEntity
  8
BLOCK_speaker_panel
100
AcDbCircle
 10
767.055252622
 20
276.080296447
 30
0.000000000
 40
3.000000000
  0
CIRCLE
  5
F05
330
A02
100
AcDbEntity
  8
BLOCK_speaker_panel
100
AcDbCircle
 10
758.740336830
 20
272.636145556
 30
0.000000000
 40
3.000000000
  0
CIRCLE
  5
F06
330
A02
100
AcDbEntity
  8
BLOCK_speaker_panel
100
AcDbCircle
 10
792.000000000
 20
268.412749121
 30
0.000000000
 40
3.000000000
  0
CIRCLE
  5
F07
330
A02
100
AcDbEntity
  8
BLOCK_speaker_panel
100
AcDbCircle
 10
792.000000000
 20
259.412749121
 30
0.000000000
 40
3.000000000
  0
CIRCLE
  5
F08
330
A02
100
AcDbEntity
  8
BLOCK_speaker_panel
100
AcDbCircle
 10
792.000000000
 20
250.412749121
 30
0.000000000
 40
3.000000000
  0
CIRCLE
  5
F09
330
A02
100
AcDbEntity
  8
BLOCK_speaker_panel
100
AcDbCircle
 10
772.908116908
 20
267.320866029
 30
0.000000000
 40
3.000000000
  0
CIRCLE
  5
F0A
330
A02
100
AcDbEntity
  8
BLOCK_speaker_panel
100
AcDbCircle
 10
766.544155877
 20
260.956904998
 30
0.000000000
 40
3.000000000
  0
CIRCLE
  5
F0B
330
A02
100
AcDbEntity
  8
BLOCK_speaker_panel
100
AcDbCircle
 10
781.667547326
 20
261.468001743
 30
0.000000000
 40
3.000000000
  0
CIRCLE
  5
F0C
330
A02
100
AcDbEntity
  8
BLOCK_speaker_panel
100
AcDbCircle
 10
778.223396435
 20
253.153085950
 30
0.000000000
 40
3.000000000
  0
CIRCLE
  5
F0D
330
A02
100
AcDbEntity
  8
BLOCK_speaker_panel
100
AcDbCircle
 10
758.740336830
 20
300.189352686
 30
0.000000000
 40
3.000000000
  0
CIRCLE
  5
F0E
330
A02
100
AcDbEntity
  8
BLOCK_speaker_panel
100
AcDbCircle
 10
767.055252622
 20
296.745201795
 30
0.000000000
 40
3.000000000
  0
CIRCLE
  5
F0F
330
A02
100
AcDbEntity
  8
BLOCK_speaker_panel
100
AcDbCircle
 10
772.908116908
 20
305.504632213
 30
0.000000000
 40
3.000000000
  0
CIRCLE
  5
F10
330
A02
100
AcDbEntity
  8
BLOCK_speaker_panel
100
AcDbCircle
 10
779.272077939
 20
299.140671182
 30
0.000000000
 40
3.000000000
  0
CIRCLE
  5
F11
330
A02
100
AcDbEntity
  8
BLOCK_speaker_panel
100
AcDbCircle
 10
766.544155877
 20
311.868593244
 30
0.000000000
 40
3.000000000
  0
CIRCLE
  5
F12
330
A02
100
AcDbEntity
  8
BLOCK_speaker_panel
100
AcDbCircle
 10
778.223396435
 20
319.672412291
 30
0.000000000
 40
3.000000000
  0
CIRCLE
  5
F13
330
A02
100
AcDbEntity
  8
BLOCK_speaker_panel
100
AcDbCircle
 10
781.667547326
 20
311.357496499
 30
0.000000000
 40
3.000000000
  0
CIRCLE
  5
F14
330
A02
100
AcDbEntity
  8
BLOCK_speaker_panel
100
AcDbCircle
 10
805.776603565
 20
319.672412291
 30
0.000000000
 40
3.000000000
  0
CIRCLE
  5
F15
330
A02
100
AcDbEntity
  8
BLOCK_speaker_panel
100
AcDbCircle
 10
802.332452674
 20
311.357496499
 30
0.000000000
 40
3.000000000
  0
CIRCLE
  5
F16
330
A02
100
AcDbEntity
  8
BLOCK_speaker_panel
100
AcDbCircle
 10
811.091883092
 20
305.504632213
 30
0.000000000
 40
3.000000000
  0
CIRCLE
  5
F17
330
A02
100
AcDbEntity
  8
BLOCK_speaker_panel
100
AcDbCircle
 10
804.727922061
 20
299.140671182
 30
0.000000000
 40
3.000000000
  0
CIRCLE
  5
F18
330
A02
100
AcDbEntity
  8
BLOCK_speaker_panel
100
AcDbCircle
 10
817.455844123
 20
311.868593244
 30
0.000000000
 40
3.000000000
  0
CIRCLE
  5
F19
330
A02
100
AcDbEntity
  8
BLOCK_speaker_panel
100
AcDbCircle
 10
825.259663170
 20
300.189352686
 30
0.000000000
 40
3.000000000
  0
CIRCLE
  5
F1A
330
A02
100
AcDbEntity
  8
BLOCK_speaker_panel
100
AcDbCircle
 10
816.944747378
 20
296.745201795
 30
0.000000000
 40
3.000000000
  0
CIRCLE
  5
F1B
330
A02
100
AcDbEntity
  8
BLOCK_speaker_panel
100
AcDbCircle
 10
825.259663170
 20
272.636145556
 30
0.000000000
 40
3.000000000
  0
CIRCLE
  5
F1C
330
A02
100
AcDbEntity
  8
BLOCK_speaker_panel
100
AcDbCircle
 10
816.944747378
 20
276.080296447
 30
0.000000000
 40
3.000000000
  0
CIRCLE
  5
F1D
330
A02
100
AcDbEntity
  8
BLOCK_speaker_panel
100
AcDbCircle
 10
811.091883092
 20
267.320866029
 30
0.000000000
 40
3.000000000
  0
CIRCLE
  5
F1E
330
A02
100
AcDbEntity
  8
BLOCK_speaker_panel
100
AcDbCircle
 10
804.727922061
 20
273.684827060
 30
0.000000000
 40
3.000000000
  0
CIRCLE
  5
F1F
330
A02
100
AcDbEntity
  8
BLOCK_speaker_panel
100
AcDbCircle
 10
817.455844123
 20
260.956904998
 30
0.000000000
 40
3.000000000
  0
CIRCLE
  5
F20
330
A02
100
AcDbEntity
  8
BLOCK_speaker_panel
100
AcDbCircle
 10
805.776603565
 20
253.153085950
 30
0.000000000
 40
3.000000000
  0
CIRCLE
  5
F21
330
A02
100
AcDbEntity
  8
BLOCK_speaker_panel
100
AcDbCircle
 10
802.332452674
 20
261.468001743
 30
0.000000000
 40
3.000000000
  0
LINE
  5
F22
330
A02
100
AcDbEntity
  8
BLOCK_speaker_panel
100
AcDbLine
 10
721.000000000
 20
389.412749121
 30
0.000000000
 11
863.000000000
 21
389.412749121
 31
0.000000000
  0
LINE
  5
F23
330
A02
100
AcDbEntity
  8
BLOCK_speaker_panel
100
AcDbLine
 10
721.000000000
 20
-60.587250879
 30
0.000000000
 11
721.000000000
 21
389.412749121
 31
0.000000000
  0
LINE
  5
F24
330
A02
100
AcDbEntity
  8
BLOCK_speaker_panel
100
AcDbLine
 10
863.000000000
 20
-60.587250879
 30
0.000000000
 11
721.000000000
 21
-60.587250879
 31
0.000000000
  0
LINE
  5
F25
330
A02
100
AcDbEntity
  8
BLOCK_speaker_panel
100
AcDbLine
 10
863.000000000
 20
-60.587250879
 30
0.000000000
 11
863.000000000
 21
389.412749121
 31
0.000000000
  0
CIRCLE
  5
F26
330
A02
100
AcDbEntity
  8
Shape302
100
AcDbCircle
 10
783.000000000
 20
42.412749121
 30
0.000000000
 40
3.000000000
  0
CIRCLE
  5
F27
330
A02
100
AcDbEntity
  8
Shape303
100
AcDbCircle
 10
774.000000000
 20
42.412749121
 30
0.000000000
 40
3.000000000
  0
CIRCLE
  5
F28
330
A02
100
AcDbEntity
  8
Shape304
100
AcDbCircle
 10
765.000000000
 20
42.412749121
 30
0.000000000
 40
3.000000000
  0
CIRCLE
  5
F29
330
A02
100
AcDbEntity
  8
Shape305
100
AcDbCircle
 10
756.000000000
 20
42.412749121
 30
0.000000000
 40
3.000000000
  0
CIRCLE
  5
F2A
330
A02
100
AcDbEntity
  8
Shape306
100
AcDbCircle
 10
747.000000000
 20
42.412749121
 30
0.000000000
 40
3.000000000
  0
CIRCLE
  5
F2B
330
A02
100
AcDbEntity
  8
Shape307
100
AcDbCircle
 10
750.425421037
 20
59.633503577
 30
0.000000000
 40
3.000000000
  0
CIRCLE
  5
F2C
330
A02
100
AcDbEntity
  8
Shape308
100
AcDbCircle
 10
760.180194847
 20
74.232554274
 30
0.000000000
 40
3.000000000
  0
CIRCLE
  5
F2D
330
A02
100
AcDbEntity
  8
Shape309
100
AcDbCircle
 10
774.779245544
 20
83.987328084
 30
0.000000000
 40
3.000000000
  0
CIRCLE
  5
F2E
330
A02
100
AcDbEntity
  8
Shape310
100
AcDbCircle
 10
792.000000000
 20
87.412749121
 30
0.000000000
 40
3.000000000
  0
CIRCLE
  5
F2F
330
A02
100
AcDbEntity
  8
Shape311
100
AcDbCircle
 10
809.220754456
 20
83.987328084
 30
0.000000000
 40
3.000000000
  0
CIRCLE
  5
F30
330
A02
100
AcDbEntity
  8
Shape312
100
AcDbCircle
 10
823.819805153
 20
74.232554274
 30
0.000000000
 40
3.000000000
  0
CIRCLE
  5
F31
330
A02
100
AcDbEntity
  8
Shape313
100
AcDbCircle
 10
833.574578963
 20
59.633503577
 30
0.000000000
 40
3.000000000
  0
CIRCLE
  5
F32
330
A02
100
AcDbEntity
  8
Shape314
100
AcDbCircle
 10
837.000000000
 20
42.412749121
 30
0.000000000
 40
3.000000000
  0
CIRCLE
  5
F33
330
A02
100
AcDbEntity
  8
Shape315
100
AcDbCircle
 10
833.574578963
 20
25.191994664
 30
0.000000000
 40
3.000000000
  0
CIRCLE
  5
F34
330
A02
100
AcDbEntity
  8
Shape316
100
AcDbCircle
 10
823.819805153
 20
10.592943967
 30
0.000000000
 40
3.000000000
  0
CIRCLE
  5
F35
330
A02
100
AcDbEntity
  8
Shape317
100
AcDbCircle
 10
809.220754456
 20
0.838170158
 30
0.000000000
 40
3.000000000
  0
CIRCLE
  5
F36
330
A02
100
AcDbEntity
  8
Shape318
100
AcDbCircle
 10
792.000000000
 20
-2.587250879
 30
0.000000000
 40
3.000000000
  0
CIRCLE
  5
F37
330
A02
100
AcDbEntity
  8
Shape319
100
AcDbCircle
 10
774.779245544
 20
0.838170158
 30
0.000000000
 40
3.000000000
  0
CIRCLE
  5
F38
330
A02
100
AcDbEntity
  8
Shape320
100
AcDbCircle
 10
760.180194847
 20
10.592943967
 30
0.000000000
 40
3.000000000
  0
CIRCLE
  5
F39
330
A02
100
AcDbEntity
  8
Shape321
100
AcDbCircle
 10
750.425421037
 20
25.191994664
 30
0.000000000
 40
3.000000000
  0
CIRCLE
  5
F3A
330
A02
100
AcDbEntity
  8
Shape322
100
AcDbCircle
 10
828.000000000
 20
42.412749121
 30
0.000000000
 40
3.000000000
  0
CIRCLE
  5
F3B
330
A02
100
AcDbEntity
  8
Shape323
100
AcDbCircle
 10
819.000000000
 20
42.412749121
 30
0.000000000
 40
3.000000000
  0
CIRCLE
  5
F3C
330
A02
100
AcDbEntity
  8
Shape324
100
AcDbCircle
 10
810.000000000
 20
42.412749121
 30
0.000000000
 40
3.000000000
  0
CIRCLE
  5
F3D
330
A02
100
AcDbEntity
  8
Shape325
100
AcDbCircle
 10
801.000000000
 20
42.412749121
 30
0.000000000
 40
3.000000000
  0
CIRCLE
  5
F3E
330
A02
100
AcDbEntity
  8
Shape326
100
AcDbCircle
 10
792.000000000
 20
51.412749121
 30
0.000000000
 40
3.000000000
  0
CIRCLE
  5
F3F
330
A02
100
AcDbEntity
  8
Shape327
100
AcDbCircle
 10
792.000000000
 20
60.412749121
 30
0.000000000
 40
3.000000000
  0
CIRCLE
  5
F40
330
A02
100
AcDbEntity
  8
Shape328
100
AcDbCircle
 10
792.000000000
 20
69.412749121
 30
0.000000000
 40
3.000000000
  0
CIRCLE
  5
F41
330
A02
100
AcDbEntity
  8
Shape329
100
AcDbCircle
 10
792.000000000
 20
78.412749121
 30
0.000000000
 40
3.000000000
  0
CIRCLE
  5
F42
330
A02
100
AcDbEntity
  8
Shape330
100
AcDbCircle
 10
792.000000000
 20
33.412749121
 30
0.000000000
 40
3.000000000
  0
CIRCLE
  5
F43
330
A02
100
AcDbEntity
  8
Shape331
100
AcDbCircle
 10
779.272077939
 20
29.684827060
 30
0.000000000
 40
3.000000000
  0
CIRCLE
  5
F44
330
A02
100
AcDbEntity
  8
Shape332
100
AcDbCircle
 10
767.055252622
 20
32.080296447
 30
0.000000000
 40
3.000000000
  0
CIRCLE
  5
F45
330
A02
100
AcDbEntity
  8
Shape333
100
AcDbCircle
 10
758.740336830
 20
28.636145556
 30
0.000000000
 40
3.000000000
  0
CIRCLE
  5
F46
330
A02
100
AcDbEntity
  8
Shape334
100
AcDbCircle
 10
792.000000000
 20
24.412749121
 30
0.000000000
 40
3.000000000
  0
CIRCLE
  5
F47
330
A02
100
AcDbEntity
  8
Shape335
100
AcDbCircle
 10
792.000000000
 20
15.412749121
 30
0.000000000
 40
3.000000000
  0
CIRCLE
  5
F48
330
A02
100
AcDbEntity
  8
Shape336
100
AcDbCircle
 10
792.000000000
 20
6.412749121
 30
0.000000000
 40
3.000000000
  0
CIRCLE
  5
F49
330
A02
100
AcDbEntity
  8
Shape337
100
AcDbCircle
 10
772.908116908
 20
23.320866029
 30
0.000000000
 40
3.000000000
  0
CIRCLE
  5
F4A
330
A02
100
AcDbEntity
  8
Shape338
100
AcDbCircle
 10
766.544155877
 20
16.956904998
 30
0.000000000
 40
3.000000000
  0
CIRCLE
  5
F4B
330
A02
100
AcDbEntity
  8
Shape339
100
AcDbCircle
 10
781.667547326
 20
17.468001743
 30
0.000000000
 40
3.000000000
  0
CIRCLE
  5
F4C
330
A02
100
AcDbEntity
  8
Shape340
100
AcDbCircle
 10
778.223396435
 20
9.153085950
 30
0.000000000
 40
3.000000000
  0
CIRCLE
  5
F4D
330
A02
100
AcDbEntity
  8
Shape341
100
AcDbCircle
 10
758.740336830
 20
56.189352686
 30
0.000000000
 40
3.000000000
  0
CIRCLE
  5
F4E
330
A02
100
AcDbEntity
  8
Shape342
100
AcDbCircle
 10
767.055252622
 20
52.745201795
 30
0.000000000
 40
3.000000000
  0
CIRCLE
  5
F4F
330
A02
100
AcDbEntity
  8
Shape343
100
AcDbCircle
 10
772.908116908
 20
61.504632213
 30
0.000000000
 40
3.000000000
  0
CIRCLE
  5
F50
330
A02
100
AcDbEntity
  8
Shape344
100
AcDbCircle
 10
779.272077939
 20
55.140671182
 30
0.000000000
 40
3.000000000
  0
CIRCLE
  5
F51
330
A02
100
AcDbEntity
  8
Shape345
100
AcDbCircle
 10
766.544155877
 20
67.868593244
 30
0.000000000
 40
3.000000000
  0
CIRCLE
  5
F52
330
A02
100
AcDbEntity
  8
Shape346
100
AcDbCircle
 10
778.223396435
 20
75.672412291
 30
0.000000000
 40
3.000000000
  0
CIRCLE
  5
F53
330
A02
100
AcDbEntity
  8
Shape347
100
AcDbCircle
 10
781.667547326
 20
67.357496499
 30
0.000000000
 40
3.000000000
  0
CIRCLE
  5
F54
330
A02
100
AcDbEntity
  8
Shape348
100
AcDbCircle
 10
805.776603565
 20
75.672412291
 30
0.000000000
 40
3.000000000
  0
CIRCLE
  5
F55
330
A02
100
AcDbEntity
  8
Shape349
100
AcDbCircle
 10
802.332452674
 20
67.357496499
 30
0.000000000
 40
3.000000000
  0
CIRCLE
  5
F56
330
A02
100
AcDbEntity
  8
Shape350
100
AcDbCircle
 10
811.091883092
 20
61.504632213
 30
0.000000000
 40
3.000000000
  0
CIRCLE
  5
F57
330
A02
100
AcDbEntity
  8
Shape351
100
AcDbCircle
 10
804.727922061
 20
55.140671182
 30
0.000000000
 40
3.000000000
  0
CIRCLE
  5
F58
330
A02
100
AcDbEntity
  8
Shape352
100
AcDbCircle
 10
817.455844123
 20
67.868593244
 30
0.000000000
 40
3.000000000
  0
CIRCLE
  5
F59
330
A02
100
AcDbEntity
  8
Shape353
100
AcDbCircle
 10
825.259663170
 20
56.189352686
 30
0.000000000
 40
3.000000000
  0
CIRCLE
  5
F5A
330
A02
100
AcDbEntity
  8
Shape354
100
AcDbCircle
 10
816.944747378
 20
52.745201795
 30
0.000000000
 40
3.000000000
  0
CIRCLE
  5
F5B
330
A02
100
AcDbEntity
  8
Shape355
100
AcDbCircle
 10
825.259663170
 20
28.636145556
 30
0.000000000
 40
3.000000000
  0
CIRCLE
  5
F5C
330
A02
100
AcDbEntity
  8
Shape356
100
AcDbCircle
 10
816.944747378
 20
32.080296447
 30
0.000000000
 40
3.000000000
  0
CIRCLE
  5
F5D
330
A02
100
AcDbEntity
  8
Shape357
100
AcDbCircle
 10
811.091883092
 20
23.320866029
 30
0.000000000
 40
3.000000000
  0
CIRCLE
  5
F5E
330
A02
100
AcDbEntity
  8
Shape358
100
AcDbCircle
 10
804.727922061
 20
29.684827060
 30
0.000000000
 40
3.000000000
  0
CIRCLE
  5
F5F
330
A02
100
AcDbEntity
  8
Shape359
100
AcDbCircle
 10
817.455844123
 20
16.956904998
 30
0.000000000
 40
3.000000000
  0
CIRCLE
  5
F60
330
A02
100
AcDbEntity
  8
Shape360
100
AcDbCircle
 10
805.776603565
 20
9.153085950
 30
0.000000000
 40
3.000000000
  0
CIRCLE
  5
F61
330
A02
100
AcDbEntity
  8
Shape361
100
AcDbCircle
 10
802.332452674
 20
17.468001743
 30
0.000000000
 40
3.000000000
  0
CIRCLE
  5
F62
330
A02
100
AcDbEntity
  8
Shape362
100
AcDbCircle
 10
783.000000000
 20
286.412749121
 30
0.000000000
 40
3.000000000
  0
CIRCLE
  5
F63
330
A02
100
AcDbEntity
  8
Shape363
100
AcDbCircle
 10
774.000000000
 20
286.412749121
 30
0.000000000
 40
3.000000000
  0
CIRCLE
  5
F64
330
A02
100
AcDbEntity
  8
Shape364
100
AcDbCircle
 10
765.000000000
 20
286.412749121
 30
0.000000000
 40
3.000000000
  0
CIRCLE
  5
F65
330
A02
100
AcDbEntity
  8
Shape365
100
AcDbCircle
 10
756.000000000
 20
286.412749121
 30
0.000000000
 40
3.000000000
  0
CIRCLE
  5
F66
330
A02
100
AcDbEntity
  8
Shape366
100
AcDbCircle
 10
747.000000000
 20
286.412749121
 30
0.000000000
 40
3.000000000
  0
CIRCLE
  5
F67
330
A02
100
AcDbEntity
  8
Shape367
100
AcDbCircle
 10
750.425421037
 20
303.633503577
 30
0.000000000
 40
3.000000000
  0
CIRCLE
  5
F68
330
A02
100
AcDbEntity
  8
Shape368
100
AcDbCircle
 10
760.180194847
 20
318.232554274
 30
0.000000000
 40
3.000000000
  0
CIRCLE
  5
F69
330
A02
100
AcDbEntity
  8
Shape369
100
AcDbCircle
 10
774.779245544
 20
327.987328084
 30
0.000000000
 40
3.000000000
  0
CIRCLE
  5
F6A
330
A02
100
AcDbEntity
  8
Shape370
100
AcDbCircle
 10
792.000000000
 20
331.412749121
 30
0.000000000
 40
3.000000000
  0
CIRCLE
  5
F6B
330
A02
100
AcDbEntity
  8
Shape371
100
AcDbCircle
 10
809.220754456
 20
327.987328084
 30
0.000000000
 40
3.000000000
  0
CIRCLE
  5
F6C
330
A02
100
AcDbEntity
  8
Shape372
100
AcDbCircle
 10
823.819805153
 20
318.232554274
 30
0.000000000
 40
3.000000000
  0
CIRCLE
  5
F6D
330
A02
100
AcDbEntity
  8
Shape373
100
AcDbCircle
 10
833.574578963
 20
303.633503577
 30
0.000000000
 40
3.000000000
  0
CIRCLE
  5
F6E
330
A02
100
AcDbEntity
  8
Shape374
100
AcDbCircle
 10
837.000000000
 20
286.412749121
 30
0.000000000
 40
3.000000000
  0
CIRCLE
  5
F6F
330
A02
100
AcDbEntity
  8
Shape375
100
AcDbCircle
 10
833.574578963
 20
269.191994664
 30
0.000000000
 40
3.000000000
  0
CIRCLE
  5
F70
330
A02
100
AcDbEntity
  8
Shape376
100
AcDbCircle
 10
823.819805153
 20
254.592943967
 30
0.000000000
 40
3.000000000
  0
CIRCLE
  5
F71
330
A02
100
AcDbEntity
  8
Shape377
100
AcDbCircle
 10
809.220754456
 20
244.838170158
 30
0.000000000
 40
3.000000000
  0
CIRCLE
  5
F72
330
A02
100
AcDbEntity
  8
Shape378
100
AcDbCircle
 10
792.000000000
 20
241.412749121
 30
0.000000000
 40
3.000000000
  0
CIRCLE
  5
F73
330
A02
100
AcDbEntity
  8
Shape379
100
AcDbCircle
 10
774.779245544
 20
244.838170158
 30
0.000000000
 40
3.000000000
  0
CIRCLE
  5
F74
330
A02
100
AcDbEntity
  8
Shape380
100
AcDbCircle
 10
760.180194847
 20
254.592943967
 30
0.000000000
 40
3.000000000
  0
CIRCLE
  5
F75
330
A02
100
AcDbEntity
  8
Shape381
100
AcDbCircle
 10
750.425421037
 20
269.191994664
 30
0.000000000
 40
3.000000000
  0
CIRCLE
  5
F76
330
A02
100
AcDbEntity
  8
Shape382
100
AcDbCircle
 10
828.000000000
 20
286.412749121
 30
0.000000000
 40
3.000000000
  0
CIRCLE
  5
F77
330
A02
100
AcDbEntity
  8
Shape383
100
AcDbCircle
 10
819.000000000
 20
286.412749121
 30
0.000000000
 40
3.000000000
  0
CIRCLE
  5
F78
330
A02
100
AcDbEntity
  8
Shape384
100
AcDbCircle
 10
810.000000000
 20
286.412749121
 30
0.000000000
 40
3.000000000
  0
CIRCLE
  5
F79
330
A02
100
AcDbEntity
  8
Shape385
100
AcDbCircle
 10
801.000000000
 20
286.412749121
 30
0.000000000
 40
3.000000000
  0
CIRCLE
  5
F7A
330
A02
100
AcDbEntity
  8
Shape386
100
AcDbCircle
 10
792.000000000
 20
295.412749121
 30
0.000000000
 40
3.000000000
  0
CIRCLE
  5
F7B
330
A02
100
AcDbEntity
  8
Shape387
100
AcDbCircle
 10
792.000000000
 20
304.412749121
 30
0.000000000
 40
3.000000000
  0
CIRCLE
  5
F7C
330
A02
100
AcDbEntity
  8
Shape388
100
AcDbCircle
 10
792.000000000
 20
313.412749121
 30
0.000000000
 40
3.000000000
  0
CIRCLE
  5
F7D
330
A02
100
AcDbEntity
  8
Shape389
100
AcDbCircle
 10
792.000000000
 20
322.412749121
 30
0.000000000
 40
3.000000000
  0
CIRCLE
  5
F7E
330
A02
100
AcDbEntity
  8
Shape390
100
AcDbCircle
 10
792.000000000
 20
277.412749121
 30
0.000000000
 40
3.000000000
  0
CIRCLE
  5
F7F
330
A02
100
AcDbEntity
  8
Shape391
100
AcDbCircle
 10
779.272077939
 20
273.684827060
 30
0.000000000
 40
3.000000000
  0
CIRCLE
  5
F80
330
A02
100
AcDbEntity
  8
Shape392
100
AcDbCircle
 10
767.055252622
 20
276.080296447
 30
0.000000000
 40
3.000000000
  0
CIRCLE
  5
F81
330
A02
100
AcDbEntity
  8
Shape393
100
AcDbCircle
 10
758.740336830
 20
272.636145556
 30
0.000000000
 40
3.000000000
  0
CIRCLE
  5
F82
330
A02
100
AcDbEntity
  8
Shape394
100
AcDbCircle
 10
792.000000000
 20
268.412749121
 30
0.000000000
 40
3.000000000
  0
CIRCLE
  5
F83
330
A02
100
AcDbEntity
  8
Shape395
100
AcDbCircle
 10
792.000000000
 20
259.412749121
 30
0.000000000
 40
3.000000000
  0
CIRCLE
  5
F84
330
A02
100
AcDbEntity
  8
Shape396
100
AcDbCircle
 10
792.000000000
 20
250.412749121
 30
0.000000000
 40
3.000000000
  0
CIRCLE
  5
F85
330
A02
100
AcDbEntity
  8
Shape397
100
AcDbCircle
 10
772.908116908
 20
267.320866029
 30
0.000000000
 40
3.000000000
  0
CIRCLE
  5
F86
330
A02
100
AcDbEntity
  8
Shape398
100
AcDbCircle
 10
766.544155877
 20
260.956904998
 30
0.000000000
 40
3.000000000
  0
CIRCLE
  5
F87
330
A02
100
AcDbEntity
  8
Shape399
100
AcDbCircle
 10
781.667547326
 20
261.468001743
 30
0.000000000
 40
3.000000000
  0
CIRCLE
  5
F88
330
A02
100
AcDbEntity
  8
Shape400
100
AcDbCircle
 10
778.223396435
 20
253.153085950
 30
0.000000000
 40
3.000000000
  0
CIRCLE
  5
F89
330
A02
100
AcDbEntity
  8
Shape401
100
AcDbCircle
 10
758.740336830
 20
300.189352686
 30
0.000000000
 40
3.000000000
  0
CIRCLE
  5
F8A
330
A02
100
AcDbEntity
  8
Shape402
100
AcDbCircle
 10
767.055252622
 20
296.745201795
 30
0.000000000
 40
3.000000000
  0
CIRCLE
  5
F8B
330
A02
100
AcDbEntity
  8
Shape403
100
AcDbCircle
 10
772.908116908
 20
305.504632213
 30
0.000000000
 40
3.000000000
  0
CIRCLE
  5
F8C
330
A02
100
AcDbEntity
  8
Shape404
100
AcDbCircle
 10
779.272077939
 20
299.140671182
 30
0.000000000
 40
3.000000000
  0
CIRCLE
  5
F8D
330
A02
100
AcDbEntity
  8
Shape405
100
AcDbCircle
 10
766.544155877
 20
311.868593244
 30
0.000000000
 40
3.000000000
  0
CIRCLE
  5
F8E
330
A02
100
AcDbEntity
  8
Shape406
100
AcDbCircle
 10
778.223396435
 20
319.672412291
 30
0.000000000
 40
3.000000000
  0
CIRCLE
  5
F8F
330
A02
100
AcDbEntity
  8
Shape407
100
AcDbCircle
 10
781.667547326
 20
311.357496499
 30
0.000000000
 40
3.000000000
  0
CIRCLE
  5
F90
330
A02
100
AcDbEntity
  8
Shape408
100
AcDbCircle
 10
805.776603565
 20
319.672412291
 30
0.000000000
 40
3.000000000
  0
CIRCLE
  5
F91
330
A02
100
AcDbEntity
  8
Shape409
100
AcDbCircle
 10
802.332452674
 20
311.357496499
 30
0.000000000
 40
3.000000000
  0
CIRCLE
  5
F92
330
A02
100
AcDbEntity
  8
Shape410
100
AcDbCircle
 10
811.091883092
 20
305.504632213
 30
0.000000000
 40
3.000000000
  0
CIRCLE
  5
F93
330
A02
100
AcDbEntity
  8
Shape411
100
AcDbCircle
 10
804.727922061
 20
299.140671182
 30
0.000000000
 40
3.000000000
  0
CIRCLE
  5
F94
330
A02
100
AcDbEntity
  8
Shape412
100
AcDbCircle
 10
817.455844123
 20
311.868593244
 30
0.000000000
 40
3.000000000
  0
CIRCLE
  5
F95
330
A02
100
AcDbEntity
  8
Shape413
100
AcDbCircle
 10
825.259663170
 20
300.189352686
 30
0.000000000
 40
3.000000000
  0
CIRCLE
  5
F96
330
A02
100
AcDbEntity
  8
Shape414
100
AcDbCircle
 10
816.944747378
 20
296.745201795
 30
0.000000000
 40
3.000000000
  0
CIRCLE
  5
F97
330
A02
100
AcDbEntity
  8
Shape415
100
AcDbCircle
 10
825.259663170
 20
272.636145556
 30
0.000000000
 40
3.000000000
  0
CIRCLE
  5
F98
330
A02
100
AcDbEntity
  8
Shape416
100
AcDbCircle
 10
816.944747378
 20
276.080296447
 30
0.000000000
 40
3.000000000
  0
CIRCLE
  5
F99
330
A02
100
AcDbEntity
  8
Shape417
100
AcDbCircle
 10
811.091883092
 20
267.320866029
 30
0.000000000
 40
3.000000000
  0
CIRCLE
  5
F9A
330
A02
100
AcDbEntity
  8
Shape418
100
AcDbCircle
 10
804.727922061
 20
273.684827060
 30
0.000000000
 40
3.000000000
  0
CIRCLE
  5
F9B
330
A02
100
AcDbEntity
  8
Shape419
100
AcDbCircle
 10
817.455844123
 20
260.956904998
 30
0.000000000
 40
3.000000000
  0
CIRCLE
  5
F9C
330
A02
100
AcDbEntity
  8
Shape420
100
AcDbCircle
 10
805.776603565
 20
253.153085950
 30
0.000000000
 40
3.000000000
  0
CIRCLE
  5
F9D
330
A02
100
AcDbEntity
  8
Shape421
100
AcDbCircle
 10
802.332452674
 20
261.468001743
 30
0.000000000
 40
3.000000000
  0
LINE
  5
F9E
330
A02
100
AcDbEntity
  8
Shape422
100
AcDbLine
 10
721.000000000
 20
389.412749121
 30
0.000000000
 11
863.000000000
 21
389.412749121
 31
0.000000000
  0
LINE
  5
F9F
330
A02
100
AcDbEntity
  8
Shape423
100
AcDbLine
 10
721.000000000
 20
-60.587250879
 30
0.000000000
 11
721.000000000
 21
389.412749121
 31
0.000000000
  0
LINE
  5
FA0
330
A02
100
AcDbEntity
  8
Shape424
100
AcDbLine
 10
863.000000000
 20
-60.587250879
 30
0.000000000
 11
721.000000000
 21
-60.587250879
 31
0.000000000
  0
LINE
  5
FA1
330
A02
100
AcDbEntity
  8
Shape425
100
AcDbLine
 10
863.000000000
 20
-60.587250879
 30
0.000000000
 11
863.000000000
 21
389.412749121
 31
0.000000000
  0
LINE
  5
FA2
330
A02
100
AcDbEntity
  8
BLOCK_top
100
AcDbLine
 10
-606.943080183
 20
781.172552536
 30
0.000000000
 11
-606.943080183
 21
628.172552536
 31
0.000000000
  0
LINE
  5
FA3
330
A02
100
AcDbEntity
  8
BLOCK_top
100
AcDbLine
 10
-1056.943080183
 20
781.172552536
 30
0.000000000
 11
-606.943080183
 21
781.172552536
 31
0.000000000
  0
LINE
  5
FA4
330
A02
100
AcDbEntity
  8
BLOCK_top
100
AcDbLine
 10
-1056.943080183
 20
628.172552536
 30
0.000000000
 11
-1056.943080183
 21
781.172552536
 31
0.000000000
  0
LINE
  5
FA5
330
A02
100
AcDbEntity
  8
BLOCK_top
100
AcDbLine
 10
-606.943080183
 20
628.172552536
 30
0.000000000
 11
-1056.943080183
 21
628.172552536
 31
0.000000000
  0
LINE
  5
FA6
330
A02
100
AcDbEntity
  8
Shape426
100
AcDbLine
 10
-606.943080183
 20
781.172552536
 30
0.000000000
 11
-606.943080183
 21
628.172552536
 31
0.000000000
  0
LINE
  5
FA7
330
A02
100
AcDbEntity
  8
Shape427
100
AcDbLine
 10
-1056.943080183
 20
781.172552536
 30
0.000000000
 11
-606.943080183
 21
781.172552536
 31
0.000000000
  0
LINE
  5
FA8
330
A02
100
AcDbEntity
  8
Shape428
100
AcDbLine
 10
-1056.943080183
 20
628.172552536
 30
0.000000000
 11
-1056.943080183
 21
781.172552536
 31
0.000000000
  0
LINE
  5
FA9
330
A02
100
AcDbEntity
  8
Shape429
100
AcDbLine
 10
-606.943080183
 20
628.172552536
 30
0.000000000
 11
-1056.943080183
 21
628.172552536
 31
0.000000000
  0
LINE
  5
FAA
330
A02
100
AcDbEntity
  8
Shape430
100
AcDbLine
 10
1220.000000000
 20
-90.587250879
 30
0.000000000
 11
1220.000000000
 21
885.412749121
 31
0.000000000
  0
LINE
  5
FAB
330
A02
100
AcDbEntity
  8
Shape431
100
AcDbLine
 10
1220.000000000
 20
885.412749121
 30
0.000000000
 11
0.000000000
 21
885.412749121
 31
0.000000000
  0
LINE
  5
FAC
330
A02
100
AcDbEntity
  8
Shape432
100
AcDbLine
 10
0.000000000
 20
885.412749121
 30
0.000000000
 11
0.000000000
 21
-90.587250879
 31
0.000000000
  0
LINE
  5
FAD
330
A02
100
AcDbEntity
  8
Shape433
100
AcDbLine
 10
0.000000000
 20
-90.587250879
 30
0.000000000
 11
1220.000000000
 21
-90.587250879
 31
0.000000000
  0
ENDSEC
  0
SECTION
  2
OBJECTS
  0
DICTIONARY
  5
F000
330
0
100
AcDbDictionary
  3
ACAD_GROUP
350
F001
  0
DICTIONARY
  5
F001
330
F000
100
AcDbDictionary
  0
ENDSEC
  0
EOF